[2025/07/14 16:23:56] ppsci MESSAGE: Finish loading pretrained model from: outputs_gifm_fae/2025-07-12/15-12-50/checkpoints/latest.pdparams
[2025/07/14 16:24:00] ppsci INFO: Auto collation is disabled and set num_workers to 0 to speed up batch sampling.
[2025/07/14 16:24:01] ppsci INFO: Using paddlepaddle 3.0.0(927dc47) on device Place(gpu:0)
[2025/07/14 16:24:01] ppsci MESSAGE: Set to_static=False for computational optimization.
[2025/07/14 16:24:03] ppsci INFO: [Train][Epoch    1/6666][Iter  1/15] lr: 0.00000, loss: 3.11117, sup: 3.11117, batch_cost: 1.25981s, reader_cost: 0.08415s, ips: 50.80, eta: 1 day, 10:59:27
[2025/07/14 16:24:06] ppsci MESSAGE: Finish saving checkpoint to: outputs_gifm_dit/2025-07-14/16-23-52_train/checkpoints/latest(latest checkpoint will be saved every epoch as expected, but this log will be printed only once for tidy logging)
[2025/07/14 16:24:25] ppsci INFO: [Train][Epoch    7/6666][Iter 10/15] lr: 0.00005, loss: 1.64219, sup: 1.64219, batch_cost: 0.16221s, reader_cost: 0.04317s, ips: 394.54, eta: 4:30:03
[2025/07/14 16:24:50] ppsci INFO: [Train][Epoch   14/6666][Iter  5/15] lr: 0.00010, loss: 1.39880, sup: 1.39880, batch_cost: 0.16412s, reader_cost: 0.03896s, ips: 389.97, eta: 4:32:57
[2025/07/14 16:25:13] ppsci INFO: [Train][Epoch   20/6666][Iter 15/15] lr: 0.00015, loss: 1.09425, sup: 1.09425, batch_cost: 0.16416s, reader_cost: 0.04072s, ips: 24.37, eta: 4:32:44
[2025/07/14 16:25:37] ppsci INFO: [Train][Epoch   27/6666][Iter 10/15] lr: 0.00020, loss: 0.93173, sup: 0.93173, batch_cost: 0.16468s, reader_cost: 0.03770s, ips: 388.63, eta: 4:33:20
[2025/07/14 16:26:01] ppsci INFO: [Train][Epoch   34/6666][Iter  5/15] lr: 0.00025, loss: 0.81219, sup: 0.81219, batch_cost: 0.16177s, reader_cost: 0.03897s, ips: 395.61, eta: 4:28:14
[2025/07/14 16:26:24] ppsci INFO: [Train][Epoch   40/6666][Iter 15/15] lr: 0.00030, loss: 0.71135, sup: 0.71135, batch_cost: 0.16140s, reader_cost: 0.03947s, ips: 24.78, eta: 4:27:21
[2025/07/14 16:26:48] ppsci INFO: [Train][Epoch   47/6666][Iter 10/15] lr: 0.00035, loss: 0.64529, sup: 0.64529, batch_cost: 0.16469s, reader_cost: 0.03810s, ips: 388.61, eta: 4:32:32
[2025/07/14 16:27:13] ppsci INFO: [Train][Epoch   54/6666][Iter  5/15] lr: 0.00040, loss: 0.58520, sup: 0.58520, batch_cost: 0.16379s, reader_cost: 0.03884s, ips: 390.75, eta: 4:30:45
[2025/07/14 16:27:36] ppsci INFO: [Train][Epoch   60/6666][Iter 15/15] lr: 0.00045, loss: 0.51007, sup: 0.51007, batch_cost: 0.16306s, reader_cost: 0.03742s, ips: 24.53, eta: 4:29:17
[2025/07/14 16:28:00] ppsci INFO: [Train][Epoch   67/6666][Iter 10/15] lr: 0.00050, loss: 0.47867, sup: 0.47867, batch_cost: 0.16136s, reader_cost: 0.03761s, ips: 396.64, eta: 4:26:12
[2025/07/14 16:28:24] ppsci INFO: [Train][Epoch   74/6666][Iter  5/15] lr: 0.00055, loss: 0.42187, sup: 0.42187, batch_cost: 0.16124s, reader_cost: 0.04019s, ips: 396.94, eta: 4:25:44
[2025/07/14 16:28:47] ppsci INFO: [Train][Epoch   80/6666][Iter 15/15] lr: 0.00060, loss: 0.39916, sup: 0.39916, batch_cost: 0.16102s, reader_cost: 0.03914s, ips: 24.84, eta: 4:25:07
[2025/07/14 16:29:10] ppsci INFO: [Train][Epoch   87/6666][Iter 10/15] lr: 0.00065, loss: 0.38035, sup: 0.38035, batch_cost: 0.16080s, reader_cost: 0.03914s, ips: 398.02, eta: 4:24:28
[2025/07/14 16:29:34] ppsci INFO: [Train][Epoch   94/6666][Iter  5/15] lr: 0.00070, loss: 0.36146, sup: 0.36146, batch_cost: 0.16148s, reader_cost: 0.03930s, ips: 396.33, eta: 4:25:20
[2025/07/14 16:29:57] ppsci INFO: [Train][Epoch  100/6666][Iter 15/15] lr: 0.00075, loss: 0.35843, sup: 0.35843, batch_cost: 0.16036s, reader_cost: 0.03888s, ips: 24.94, eta: 4:23:13
[2025/07/14 16:30:21] ppsci INFO: [Train][Epoch  107/6666][Iter 10/15] lr: 0.00080, loss: 0.32318, sup: 0.32318, batch_cost: 0.16269s, reader_cost: 0.03936s, ips: 393.38, eta: 4:26:47
[2025/07/14 16:30:45] ppsci INFO: [Train][Epoch  114/6666][Iter  5/15] lr: 0.00085, loss: 0.32504, sup: 0.32504, batch_cost: 0.16099s, reader_cost: 0.03785s, ips: 397.55, eta: 4:23:43
[2025/07/14 16:31:08] ppsci INFO: [Train][Epoch  120/6666][Iter 15/15] lr: 0.00090, loss: 0.29011, sup: 0.29011, batch_cost: 0.15950s, reader_cost: 0.04124s, ips: 25.08, eta: 4:21:01
[2025/07/14 16:31:32] ppsci INFO: [Train][Epoch  127/6666][Iter 10/15] lr: 0.00095, loss: 0.27611, sup: 0.27611, batch_cost: 0.16164s, reader_cost: 0.04060s, ips: 395.93, eta: 4:24:15
[2025/07/14 16:31:56] ppsci INFO: [Train][Epoch  134/6666][Iter  5/15] lr: 0.00100, loss: 0.26636, sup: 0.26636, batch_cost: 0.16357s, reader_cost: 0.03705s, ips: 391.28, eta: 4:27:07
[2025/07/14 16:32:19] ppsci INFO: [Train][Epoch  140/6666][Iter 15/15] lr: 0.00099, loss: 0.24790, sup: 0.24790, batch_cost: 0.16256s, reader_cost: 0.04067s, ips: 24.61, eta: 4:25:12
[2025/07/14 16:32:44] ppsci INFO: [Train][Epoch  147/6666][Iter 10/15] lr: 0.00099, loss: 0.26485, sup: 0.26485, batch_cost: 0.16323s, reader_cost: 0.03927s, ips: 392.07, eta: 4:26:02
[2025/07/14 16:33:08] ppsci INFO: [Train][Epoch  154/6666][Iter  5/15] lr: 0.00098, loss: 0.24290, sup: 0.24290, batch_cost: 0.16070s, reader_cost: 0.04049s, ips: 398.26, eta: 4:21:38
[2025/07/14 16:33:31] ppsci INFO: [Train][Epoch  160/6666][Iter 15/15] lr: 0.00097, loss: 0.24517, sup: 0.24517, batch_cost: 0.16007s, reader_cost: 0.04184s, ips: 24.99, eta: 4:20:21
[2025/07/14 16:33:55] ppsci INFO: [Train][Epoch  167/6666][Iter 10/15] lr: 0.00097, loss: 0.23854, sup: 0.23854, batch_cost: 0.16116s, reader_cost: 0.04121s, ips: 397.12, eta: 4:21:51
[2025/07/14 16:34:19] ppsci INFO: [Train][Epoch  174/6666][Iter  5/15] lr: 0.00096, loss: 0.23151, sup: 0.23151, batch_cost: 0.16210s, reader_cost: 0.04058s, ips: 394.81, eta: 4:23:07
[2025/07/14 16:34:42] ppsci INFO: [Train][Epoch  180/6666][Iter 15/15] lr: 0.00095, loss: 0.24455, sup: 0.24455, batch_cost: 0.15993s, reader_cost: 0.04031s, ips: 25.01, eta: 4:19:20
[2025/07/14 16:35:06] ppsci INFO: [Train][Epoch  187/6666][Iter 10/15] lr: 0.00095, loss: 0.21876, sup: 0.21876, batch_cost: 0.16343s, reader_cost: 0.04126s, ips: 391.61, eta: 4:24:43
[2025/07/14 16:35:30] ppsci INFO: [Train][Epoch  194/6666][Iter  5/15] lr: 0.00094, loss: 0.22647, sup: 0.22647, batch_cost: 0.16133s, reader_cost: 0.04100s, ips: 396.70, eta: 4:21:03
[2025/07/14 16:35:52] ppsci INFO: [Train][Epoch  200/6666][Iter 15/15] lr: 0.00093, loss: 0.22721, sup: 0.22721, batch_cost: 0.15915s, reader_cost: 0.03964s, ips: 25.13, eta: 4:17:16
[2025/07/14 16:36:16] ppsci INFO: [Train][Epoch  207/6666][Iter 10/15] lr: 0.00093, loss: 0.21371, sup: 0.21371, batch_cost: 0.16206s, reader_cost: 0.04009s, ips: 394.91, eta: 4:21:42
[2025/07/14 16:36:41] ppsci INFO: [Train][Epoch  214/6666][Iter  5/15] lr: 0.00092, loss: 0.22591, sup: 0.22591, batch_cost: 0.16338s, reader_cost: 0.04006s, ips: 391.71, eta: 4:23:33
[2025/07/14 16:37:04] ppsci INFO: [Train][Epoch  220/6666][Iter 15/15] lr: 0.00091, loss: 0.20080, sup: 0.20080, batch_cost: 0.16119s, reader_cost: 0.03943s, ips: 24.82, eta: 4:19:45
[2025/07/14 16:37:28] ppsci INFO: [Train][Epoch  227/6666][Iter 10/15] lr: 0.00091, loss: 0.21185, sup: 0.21185, batch_cost: 0.16328s, reader_cost: 0.04022s, ips: 391.97, eta: 4:22:50
[2025/07/14 16:37:52] ppsci INFO: [Train][Epoch  234/6666][Iter  5/15] lr: 0.00090, loss: 0.21666, sup: 0.21666, batch_cost: 0.16311s, reader_cost: 0.03962s, ips: 392.36, eta: 4:22:18
[2025/07/14 16:38:15] ppsci INFO: [Train][Epoch  240/6666][Iter 15/15] lr: 0.00089, loss: 0.20452, sup: 0.20452, batch_cost: 0.16066s, reader_cost: 0.03804s, ips: 24.90, eta: 4:18:06
[2025/07/14 16:38:38] ppsci INFO: [Train][Epoch  247/6666][Iter 10/15] lr: 0.00089, loss: 0.20728, sup: 0.20728, batch_cost: 0.15792s, reader_cost: 0.03965s, ips: 405.28, eta: 4:13:25
[2025/07/14 16:39:02] ppsci INFO: [Train][Epoch  254/6666][Iter  5/15] lr: 0.00088, loss: 0.24042, sup: 0.24042, batch_cost: 0.16108s, reader_cost: 0.03982s, ips: 397.32, eta: 4:18:14
[2025/07/14 16:39:24] ppsci INFO: [Train][Epoch  260/6666][Iter 15/15] lr: 0.00088, loss: 0.21238, sup: 0.21238, batch_cost: 0.16053s, reader_cost: 0.03858s, ips: 24.92, eta: 4:17:05
[2025/07/14 16:39:48] ppsci INFO: [Train][Epoch  267/6666][Iter 10/15] lr: 0.00087, loss: 0.19705, sup: 0.19705, batch_cost: 0.16255s, reader_cost: 0.03687s, ips: 393.72, eta: 4:20:03
[2025/07/14 16:40:12] ppsci INFO: [Train][Epoch  274/6666][Iter  5/15] lr: 0.00086, loss: 0.20735, sup: 0.20735, batch_cost: 0.16073s, reader_cost: 0.04013s, ips: 398.18, eta: 4:16:52
[2025/07/14 16:40:35] ppsci INFO: [Train][Epoch  280/6666][Iter 15/15] lr: 0.00086, loss: 0.17846, sup: 0.17846, batch_cost: 0.15991s, reader_cost: 0.03848s, ips: 25.01, eta: 4:15:18
[2025/07/14 16:40:59] ppsci INFO: [Train][Epoch  287/6666][Iter 10/15] lr: 0.00085, loss: 0.20215, sup: 0.20215, batch_cost: 0.16083s, reader_cost: 0.04250s, ips: 397.93, eta: 4:16:29
[2025/07/14 16:41:23] ppsci INFO: [Train][Epoch  294/6666][Iter  5/15] lr: 0.00084, loss: 0.19903, sup: 0.19903, batch_cost: 0.16338s, reader_cost: 0.03971s, ips: 391.72, eta: 4:20:17
[2025/07/14 16:41:46] ppsci INFO: [Train][Epoch  300/6666][Iter 15/15] lr: 0.00084, loss: 0.18869, sup: 0.18869, batch_cost: 0.16022s, reader_cost: 0.04005s, ips: 24.96, eta: 4:14:59
[2025/07/14 16:42:10] ppsci INFO: [Train][Epoch  307/6666][Iter 10/15] lr: 0.00083, loss: 0.18377, sup: 0.18377, batch_cost: 0.16253s, reader_cost: 0.03957s, ips: 393.78, eta: 4:18:23
[2025/07/14 16:42:34] ppsci INFO: [Train][Epoch  314/6666][Iter  5/15] lr: 0.00083, loss: 0.18530, sup: 0.18530, batch_cost: 0.16261s, reader_cost: 0.03802s, ips: 393.58, eta: 4:18:15
[2025/07/14 16:42:57] ppsci INFO: [Train][Epoch  320/6666][Iter 15/15] lr: 0.00082, loss: 0.18942, sup: 0.18942, batch_cost: 0.16273s, reader_cost: 0.03910s, ips: 24.58, eta: 4:18:10
[2025/07/14 16:43:21] ppsci INFO: [Train][Epoch  327/6666][Iter 10/15] lr: 0.00082, loss: 0.17087, sup: 0.17087, batch_cost: 0.16313s, reader_cost: 0.03833s, ips: 392.34, eta: 4:18:31
[2025/07/14 16:43:45] ppsci INFO: [Train][Epoch  334/6666][Iter  5/15] lr: 0.00081, loss: 0.49343, sup: 0.49343, batch_cost: 0.16094s, reader_cost: 0.04025s, ips: 397.65, eta: 4:14:48
[2025/07/14 16:44:08] ppsci INFO: [Train][Epoch  340/6666][Iter 15/15] lr: 0.00080, loss: 0.20246, sup: 0.20246, batch_cost: 0.16101s, reader_cost: 0.04083s, ips: 24.84, eta: 4:14:38
[2025/07/14 16:44:32] ppsci INFO: [Train][Epoch  347/6666][Iter 10/15] lr: 0.00080, loss: 0.18662, sup: 0.18662, batch_cost: 0.16284s, reader_cost: 0.04073s, ips: 393.01, eta: 4:17:15
[2025/07/14 16:44:56] ppsci INFO: [Train][Epoch  354/6666][Iter  5/15] lr: 0.00079, loss: 0.20239, sup: 0.20239, batch_cost: 0.16266s, reader_cost: 0.03826s, ips: 393.45, eta: 4:16:42
[2025/07/14 16:45:19] ppsci INFO: [Train][Epoch  360/6666][Iter 15/15] lr: 0.00079, loss: 0.19169, sup: 0.19169, batch_cost: 0.16195s, reader_cost: 0.04169s, ips: 24.70, eta: 4:15:19
[2025/07/14 16:45:43] ppsci INFO: [Train][Epoch  367/6666][Iter 10/15] lr: 0.00078, loss: 0.19424, sup: 0.19424, batch_cost: 0.16164s, reader_cost: 0.03974s, ips: 395.94, eta: 4:14:33
[2025/07/14 16:46:08] ppsci INFO: [Train][Epoch  374/6666][Iter  5/15] lr: 0.00078, loss: 0.16260, sup: 0.16260, batch_cost: 0.16466s, reader_cost: 0.03770s, ips: 388.69, eta: 4:19:01
[2025/07/14 16:46:31] ppsci INFO: [Train][Epoch  380/6666][Iter 15/15] lr: 0.00077, loss: 0.17919, sup: 0.17919, batch_cost: 0.16176s, reader_cost: 0.03988s, ips: 24.73, eta: 4:14:11
[2025/07/14 16:46:55] ppsci INFO: [Train][Epoch  387/6666][Iter 10/15] lr: 0.00077, loss: 0.18336, sup: 0.18336, batch_cost: 0.16258s, reader_cost: 0.03791s, ips: 393.65, eta: 4:15:13
[2025/07/14 16:47:18] ppsci INFO: [Train][Epoch  394/6666][Iter  5/15] lr: 0.00076, loss: 0.17824, sup: 0.17824, batch_cost: 0.16116s, reader_cost: 0.03952s, ips: 397.12, eta: 4:12:43
[2025/07/14 16:47:42] ppsci INFO: [Train][Epoch  400/6666][Iter 15/15] lr: 0.00076, loss: 0.18116, sup: 0.18116, batch_cost: 0.16235s, reader_cost: 0.03635s, ips: 24.64, eta: 4:14:19
[2025/07/14 16:48:06] ppsci INFO: [Train][Epoch  407/6666][Iter 10/15] lr: 0.00075, loss: 0.16721, sup: 0.16721, batch_cost: 0.16343s, reader_cost: 0.03989s, ips: 391.61, eta: 4:15:44
[2025/07/14 16:48:30] ppsci INFO: [Train][Epoch  414/6666][Iter  5/15] lr: 0.00074, loss: 0.17555, sup: 0.17555, batch_cost: 0.16045s, reader_cost: 0.03999s, ips: 398.88, eta: 4:10:48
[2025/07/14 16:48:52] ppsci INFO: [Train][Epoch  420/6666][Iter 15/15] lr: 0.00074, loss: 0.17701, sup: 0.17701, batch_cost: 0.15963s, reader_cost: 0.04207s, ips: 25.06, eta: 4:09:15
[2025/07/14 16:49:17] ppsci INFO: [Train][Epoch  427/6666][Iter 10/15] lr: 0.00073, loss: 0.18570, sup: 0.18570, batch_cost: 0.16380s, reader_cost: 0.03717s, ips: 390.71, eta: 4:15:30
[2025/07/14 16:49:41] ppsci INFO: [Train][Epoch  434/6666][Iter  5/15] lr: 0.00073, loss: 0.17910, sup: 0.17910, batch_cost: 0.16243s, reader_cost: 0.03844s, ips: 394.02, eta: 4:13:05
[2025/07/14 16:50:04] ppsci INFO: [Train][Epoch  440/6666][Iter 15/15] lr: 0.00072, loss: 0.17853, sup: 0.17853, batch_cost: 0.15840s, reader_cost: 0.03876s, ips: 25.25, eta: 4:06:32
[2025/07/14 16:50:28] ppsci INFO: [Train][Epoch  447/6666][Iter 10/15] lr: 0.00072, loss: 0.16953, sup: 0.16953, batch_cost: 0.16311s, reader_cost: 0.03953s, ips: 392.36, eta: 4:13:36
[2025/07/14 16:50:53] ppsci INFO: [Train][Epoch  454/6666][Iter  5/15] lr: 0.00071, loss: 0.17320, sup: 0.17320, batch_cost: 0.16291s, reader_cost: 0.04006s, ips: 392.86, eta: 4:13:01
[2025/07/14 16:51:16] ppsci INFO: [Train][Epoch  460/6666][Iter 15/15] lr: 0.00071, loss: 0.18213, sup: 0.18213, batch_cost: 0.16345s, reader_cost: 0.04014s, ips: 24.47, eta: 4:13:35
[2025/07/14 16:51:40] ppsci INFO: [Train][Epoch  467/6666][Iter 10/15] lr: 0.00070, loss: 0.16789, sup: 0.16789, batch_cost: 0.16642s, reader_cost: 0.03949s, ips: 384.56, eta: 4:17:55
[2025/07/14 16:52:04] ppsci INFO: [Train][Epoch  474/6666][Iter  5/15] lr: 0.00070, loss: 0.16317, sup: 0.16317, batch_cost: 0.16210s, reader_cost: 0.03708s, ips: 394.83, eta: 4:10:57
[2025/07/14 16:52:28] ppsci INFO: [Train][Epoch  480/6666][Iter 15/15] lr: 0.00069, loss: 0.17590, sup: 0.17590, batch_cost: 0.16353s, reader_cost: 0.03755s, ips: 24.46, eta: 4:12:54
[2025/07/14 16:52:51] ppsci INFO: [Train][Epoch  487/6666][Iter 10/15] lr: 0.00069, loss: 0.16948, sup: 0.16948, batch_cost: 0.16172s, reader_cost: 0.04102s, ips: 395.75, eta: 4:09:49
[2025/07/14 16:53:15] ppsci INFO: [Train][Epoch  494/6666][Iter  5/15] lr: 0.00068, loss: 0.17528, sup: 0.17528, batch_cost: 0.15780s, reader_cost: 0.04161s, ips: 405.57, eta: 4:03:31
[2025/07/14 16:53:37] ppsci INFO: [Train][Epoch  500/6666][Iter 15/15] lr: 0.00068, loss: 0.17222, sup: 0.17222, batch_cost: 0.16153s, reader_cost: 0.03924s, ips: 24.76, eta: 4:09:00
[2025/07/14 16:54:02] ppsci INFO: [Train][Epoch  507/6666][Iter 10/15] lr: 0.00067, loss: 0.17101, sup: 0.17101, batch_cost: 0.16446s, reader_cost: 0.03731s, ips: 389.14, eta: 4:13:14
[2025/07/14 16:54:26] ppsci INFO: [Train][Epoch  514/6666][Iter  5/15] lr: 0.00067, loss: 0.18194, sup: 0.18194, batch_cost: 0.16359s, reader_cost: 0.03902s, ips: 391.23, eta: 4:11:37
[2025/07/14 16:54:49] ppsci INFO: [Train][Epoch  520/6666][Iter 15/15] lr: 0.00067, loss: 0.16513, sup: 0.16513, batch_cost: 0.16049s, reader_cost: 0.03980s, ips: 24.92, eta: 4:06:35
[2025/07/14 16:55:13] ppsci INFO: [Train][Epoch  527/6666][Iter 10/15] lr: 0.00066, loss: 0.16063, sup: 0.16063, batch_cost: 0.16275s, reader_cost: 0.04047s, ips: 393.25, eta: 4:09:47
[2025/07/14 16:55:37] ppsci INFO: [Train][Epoch  534/6666][Iter  5/15] lr: 0.00066, loss: 0.17617, sup: 0.17617, batch_cost: 0.16279s, reader_cost: 0.03826s, ips: 393.15, eta: 4:09:34
[2025/07/14 16:56:00] ppsci INFO: [Train][Epoch  540/6666][Iter 15/15] lr: 0.00065, loss: 0.16276, sup: 0.16276, batch_cost: 0.15982s, reader_cost: 0.03942s, ips: 25.03, eta: 4:04:45
[2025/07/14 16:56:24] ppsci INFO: [Train][Epoch  547/6666][Iter 10/15] lr: 0.00065, loss: 0.15336, sup: 0.15336, batch_cost: 0.16172s, reader_cost: 0.03885s, ips: 395.74, eta: 4:07:24
[2025/07/14 16:56:48] ppsci INFO: [Train][Epoch  554/6666][Iter  5/15] lr: 0.00064, loss: 0.17922, sup: 0.17922, batch_cost: 0.16048s, reader_cost: 0.03993s, ips: 398.81, eta: 4:05:14
[2025/07/14 16:57:11] ppsci INFO: [Train][Epoch  560/6666][Iter 15/15] lr: 0.00064, loss: 0.16949, sup: 0.16949, batch_cost: 0.16132s, reader_cost: 0.03881s, ips: 24.79, eta: 4:06:15
[2025/07/14 16:57:36] ppsci INFO: [Train][Epoch  567/6666][Iter 10/15] lr: 0.00063, loss: 0.15861, sup: 0.15861, batch_cost: 0.16700s, reader_cost: 0.03919s, ips: 383.24, eta: 4:14:38
[2025/07/14 16:58:00] ppsci INFO: [Train][Epoch  574/6666][Iter  5/15] lr: 0.00063, loss: 0.17915, sup: 0.17915, batch_cost: 0.16255s, reader_cost: 0.03884s, ips: 393.73, eta: 4:07:35
[2025/07/14 16:58:23] ppsci INFO: [Train][Epoch  580/6666][Iter 15/15] lr: 0.00062, loss: 0.15200, sup: 0.15200, batch_cost: 0.16235s, reader_cost: 0.03815s, ips: 24.64, eta: 4:07:00
[2025/07/14 16:58:47] ppsci INFO: [Train][Epoch  587/6666][Iter 10/15] lr: 0.00062, loss: 0.17660, sup: 0.17660, batch_cost: 0.16350s, reader_cost: 0.04039s, ips: 391.45, eta: 4:08:29
[2025/07/14 16:59:12] ppsci INFO: [Train][Epoch  594/6666][Iter  5/15] lr: 0.00062, loss: 0.17271, sup: 0.17271, batch_cost: 0.16451s, reader_cost: 0.03737s, ips: 389.03, eta: 4:09:45
[2025/07/14 16:59:35] ppsci INFO: [Train][Epoch  600/6666][Iter 15/15] lr: 0.00061, loss: 0.17515, sup: 0.17515, batch_cost: 0.16232s, reader_cost: 0.03955s, ips: 24.64, eta: 4:06:09
[2025/07/14 16:59:59] ppsci INFO: [Train][Epoch  607/6666][Iter 10/15] lr: 0.00061, loss: 0.16164, sup: 0.16164, batch_cost: 0.16367s, reader_cost: 0.03777s, ips: 391.03, eta: 4:07:56
[2025/07/14 17:00:23] ppsci INFO: [Train][Epoch  614/6666][Iter  5/15] lr: 0.00060, loss: 0.16664, sup: 0.16664, batch_cost: 0.16352s, reader_cost: 0.03976s, ips: 391.39, eta: 4:07:25
[2025/07/14 17:00:45] ppsci INFO: [Train][Epoch  620/6666][Iter 15/15] lr: 0.00060, loss: 0.15553, sup: 0.15553, batch_cost: 0.16038s, reader_cost: 0.03920s, ips: 24.94, eta: 4:02:25
[2025/07/14 17:01:09] ppsci INFO: [Train][Epoch  627/6666][Iter 10/15] lr: 0.00059, loss: 0.16437, sup: 0.16437, batch_cost: 0.16236s, reader_cost: 0.03993s, ips: 394.18, eta: 4:05:08
[2025/07/14 17:01:34] ppsci INFO: [Train][Epoch  634/6666][Iter  5/15] lr: 0.00059, loss: 0.16144, sup: 0.16144, batch_cost: 0.16393s, reader_cost: 0.03718s, ips: 390.40, eta: 4:07:14
[2025/07/14 17:01:56] ppsci INFO: [Train][Epoch  640/6666][Iter 15/15] lr: 0.00059, loss: 0.15732, sup: 0.15732, batch_cost: 0.15985s, reader_cost: 0.04018s, ips: 25.02, eta: 4:00:48
[2025/07/14 17:02:20] ppsci INFO: [Train][Epoch  647/6666][Iter 10/15] lr: 0.00058, loss: 0.15797, sup: 0.15797, batch_cost: 0.16326s, reader_cost: 0.03838s, ips: 392.01, eta: 4:05:40
[2025/07/14 17:02:45] ppsci INFO: [Train][Epoch  654/6666][Iter  5/15] lr: 0.00058, loss: 0.15874, sup: 0.15874, batch_cost: 0.16326s, reader_cost: 0.03819s, ips: 392.01, eta: 4:05:24
[2025/07/14 17:03:07] ppsci INFO: [Train][Epoch  660/6666][Iter 15/15] lr: 0.00057, loss: 0.15416, sup: 0.15416, batch_cost: 0.16022s, reader_cost: 0.03940s, ips: 24.97, eta: 4:00:34
[2025/07/14 17:03:32] ppsci INFO: [Train][Epoch  667/6666][Iter 10/15] lr: 0.00057, loss: 0.17220, sup: 0.17220, batch_cost: 0.16392s, reader_cost: 0.03861s, ips: 390.44, eta: 4:05:50
[2025/07/14 17:03:56] ppsci INFO: [Train][Epoch  674/6666][Iter  5/15] lr: 0.00057, loss: 0.18324, sup: 0.18324, batch_cost: 0.16280s, reader_cost: 0.03660s, ips: 393.11, eta: 4:03:54
[2025/07/14 17:04:19] ppsci INFO: [Train][Epoch  680/6666][Iter 15/15] lr: 0.00056, loss: 0.16341, sup: 0.16341, batch_cost: 0.16153s, reader_cost: 0.04003s, ips: 24.76, eta: 4:01:43
[2025/07/14 17:04:43] ppsci INFO: [Train][Epoch  687/6666][Iter 10/15] lr: 0.00056, loss: 0.18400, sup: 0.18400, batch_cost: 0.16347s, reader_cost: 0.04174s, ips: 391.50, eta: 4:04:21
[2025/07/14 17:05:07] ppsci INFO: [Train][Epoch  694/6666][Iter  5/15] lr: 0.00055, loss: 0.17447, sup: 0.17447, batch_cost: 0.16146s, reader_cost: 0.03632s, ips: 396.39, eta: 4:01:04
[2025/07/14 17:05:30] ppsci INFO: [Train][Epoch  700/6666][Iter 15/15] lr: 0.00055, loss: 0.17377, sup: 0.17377, batch_cost: 0.16072s, reader_cost: 0.03834s, ips: 24.89, eta: 3:59:42
[2025/07/14 17:05:54] ppsci INFO: [Train][Epoch  707/6666][Iter 10/15] lr: 0.00055, loss: 0.15334, sup: 0.15334, batch_cost: 0.16221s, reader_cost: 0.04068s, ips: 394.56, eta: 4:01:39
[2025/07/14 17:06:17] ppsci INFO: [Train][Epoch  714/6666][Iter  5/15] lr: 0.00054, loss: 0.15232, sup: 0.15232, batch_cost: 0.15906s, reader_cost: 0.04126s, ips: 402.36, eta: 3:56:42
[2025/07/14 17:06:41] ppsci INFO: [Train][Epoch  720/6666][Iter 15/15] lr: 0.00054, loss: 0.16091, sup: 0.16091, batch_cost: 0.16223s, reader_cost: 0.04052s, ips: 24.66, eta: 4:01:08
[2025/07/14 17:07:05] ppsci INFO: [Train][Epoch  727/6666][Iter 10/15] lr: 0.00054, loss: 0.16571, sup: 0.16571, batch_cost: 0.16434s, reader_cost: 0.03877s, ips: 389.43, eta: 4:04:01
[2025/07/14 17:07:29] ppsci INFO: [Train][Epoch  734/6666][Iter  5/15] lr: 0.00053, loss: 0.15989, sup: 0.15989, batch_cost: 0.16385s, reader_cost: 0.04067s, ips: 390.60, eta: 4:03:01
[2025/07/14 17:07:51] ppsci INFO: [Train][Epoch  740/6666][Iter 15/15] lr: 0.00053, loss: 0.15058, sup: 0.15058, batch_cost: 0.15805s, reader_cost: 0.04025s, ips: 25.31, eta: 3:54:09
[2025/07/14 17:08:16] ppsci INFO: [Train][Epoch  747/6666][Iter 10/15] lr: 0.00052, loss: 0.15461, sup: 0.15461, batch_cost: 0.16114s, reader_cost: 0.04015s, ips: 397.18, eta: 3:58:27
[2025/07/14 17:08:40] ppsci INFO: [Train][Epoch  754/6666][Iter  5/15] lr: 0.00052, loss: 0.16710, sup: 0.16710, batch_cost: 0.16264s, reader_cost: 0.03706s, ips: 393.51, eta: 4:00:24
[2025/07/14 17:09:03] ppsci INFO: [Train][Epoch  760/6666][Iter 15/15] lr: 0.00052, loss: 0.16707, sup: 0.16707, batch_cost: 0.16226s, reader_cost: 0.03704s, ips: 24.65, eta: 3:59:34
[2025/07/14 17:09:27] ppsci INFO: [Train][Epoch  767/6666][Iter 10/15] lr: 0.00051, loss: 0.15105, sup: 0.15105, batch_cost: 0.16279s, reader_cost: 0.04013s, ips: 393.14, eta: 4:00:05
[2025/07/14 17:09:51] ppsci INFO: [Train][Epoch  774/6666][Iter  5/15] lr: 0.00051, loss: 0.14967, sup: 0.14967, batch_cost: 0.16432s, reader_cost: 0.03841s, ips: 389.49, eta: 4:02:04
[2025/07/14 17:10:14] ppsci INFO: [Train][Epoch  780/6666][Iter 15/15] lr: 0.00051, loss: 0.18206, sup: 0.18206, batch_cost: 0.15916s, reader_cost: 0.03964s, ips: 25.13, eta: 3:54:12
[2025/07/14 17:10:38] ppsci INFO: [Train][Epoch  787/6666][Iter 10/15] lr: 0.00050, loss: 0.14831, sup: 0.14831, batch_cost: 0.16068s, reader_cost: 0.04077s, ips: 398.30, eta: 3:56:10
[2025/07/14 17:11:02] ppsci INFO: [Train][Epoch  794/6666][Iter  5/15] lr: 0.00050, loss: 0.14885, sup: 0.14885, batch_cost: 0.16270s, reader_cost: 0.03898s, ips: 393.36, eta: 3:58:52
[2025/07/14 17:11:25] ppsci INFO: [Train][Epoch  800/6666][Iter 15/15] lr: 0.00050, loss: 0.15947, sup: 0.15947, batch_cost: 0.16001s, reader_cost: 0.04023s, ips: 25.00, eta: 3:54:39
[2025/07/14 17:11:49] ppsci INFO: [Train][Epoch  807/6666][Iter 10/15] lr: 0.00049, loss: 0.16317, sup: 0.16317, batch_cost: 0.16182s, reader_cost: 0.04064s, ips: 395.50, eta: 3:57:02
[2025/07/14 17:12:14] ppsci INFO: [Train][Epoch  814/6666][Iter  5/15] lr: 0.00049, loss: 0.15209, sup: 0.15209, batch_cost: 0.16175s, reader_cost: 0.03719s, ips: 395.68, eta: 3:56:39
[2025/07/14 17:12:36] ppsci INFO: [Train][Epoch  820/6666][Iter 15/15] lr: 0.00049, loss: 0.15652, sup: 0.15652, batch_cost: 0.16079s, reader_cost: 0.03999s, ips: 24.88, eta: 3:54:59
[2025/07/14 17:13:00] ppsci INFO: [Train][Epoch  827/6666][Iter 10/15] lr: 0.00048, loss: 0.14184, sup: 0.14184, batch_cost: 0.16236s, reader_cost: 0.03917s, ips: 394.19, eta: 3:57:00
[2025/07/14 17:13:25] ppsci INFO: [Train][Epoch  834/6666][Iter  5/15] lr: 0.00048, loss: 0.13842, sup: 0.13842, batch_cost: 0.16261s, reader_cost: 0.04003s, ips: 393.59, eta: 3:57:06
[2025/07/14 17:13:48] ppsci INFO: [Train][Epoch  840/6666][Iter 15/15] lr: 0.00047, loss: 0.14360, sup: 0.14360, batch_cost: 0.16322s, reader_cost: 0.03792s, ips: 24.51, eta: 3:57:43
[2025/07/14 17:14:11] ppsci INFO: [Train][Epoch  847/6666][Iter 10/15] lr: 0.00047, loss: 0.15408, sup: 0.15408, batch_cost: 0.16033s, reader_cost: 0.03751s, ips: 399.17, eta: 3:53:15
[2025/07/14 17:14:35] ppsci INFO: [Train][Epoch  854/6666][Iter  5/15] lr: 0.00047, loss: 0.15666, sup: 0.15666, batch_cost: 0.16282s, reader_cost: 0.03785s, ips: 393.07, eta: 3:56:36
[2025/07/14 17:14:58] ppsci INFO: [Train][Epoch  860/6666][Iter 15/15] lr: 0.00047, loss: 0.16087, sup: 0.16087, batch_cost: 0.16237s, reader_cost: 0.03840s, ips: 24.64, eta: 3:55:40
[2025/07/14 17:15:23] ppsci INFO: [Train][Epoch  867/6666][Iter 10/15] lr: 0.00046, loss: 0.16713, sup: 0.16713, batch_cost: 0.16214s, reader_cost: 0.03731s, ips: 394.72, eta: 3:55:04
[2025/07/14 17:15:47] ppsci INFO: [Train][Epoch  874/6666][Iter  5/15] lr: 0.00046, loss: 0.15087, sup: 0.15087, batch_cost: 0.16034s, reader_cost: 0.04176s, ips: 399.15, eta: 3:52:12
[2025/07/14 17:16:10] ppsci INFO: [Train][Epoch  880/6666][Iter 15/15] lr: 0.00046, loss: 0.15738, sup: 0.15738, batch_cost: 0.16005s, reader_cost: 0.03827s, ips: 24.99, eta: 3:51:30
[2025/07/14 17:16:34] ppsci INFO: [Train][Epoch  887/6666][Iter 10/15] lr: 0.00045, loss: 0.14384, sup: 0.14384, batch_cost: 0.16320s, reader_cost: 0.03737s, ips: 392.15, eta: 3:55:47
[2025/07/14 17:16:59] ppsci INFO: [Train][Epoch  894/6666][Iter  5/15] lr: 0.00045, loss: 0.16673, sup: 0.16673, batch_cost: 0.16584s, reader_cost: 0.03761s, ips: 385.91, eta: 3:59:20
[2025/07/14 17:17:21] ppsci INFO: [Train][Epoch  900/6666][Iter 15/15] lr: 0.00045, loss: 0.15232, sup: 0.15232, batch_cost: 0.16179s, reader_cost: 0.03775s, ips: 24.72, eta: 3:53:12
[2025/07/14 17:17:46] ppsci INFO: [Train][Epoch  907/6666][Iter 10/15] lr: 0.00044, loss: 0.14390, sup: 0.14390, batch_cost: 0.16377s, reader_cost: 0.03798s, ips: 390.80, eta: 3:55:47
[2025/07/14 17:18:10] ppsci INFO: [Train][Epoch  914/6666][Iter  5/15] lr: 0.00044, loss: 0.16239, sup: 0.16239, batch_cost: 0.16373s, reader_cost: 0.03982s, ips: 390.89, eta: 3:55:28
[2025/07/14 17:18:33] ppsci INFO: [Train][Epoch  920/6666][Iter 15/15] lr: 0.00044, loss: 0.14333, sup: 0.14333, batch_cost: 0.16280s, reader_cost: 0.03826s, ips: 24.57, eta: 3:53:51
[2025/07/14 17:18:57] ppsci INFO: [Train][Epoch  927/6666][Iter 10/15] lr: 0.00043, loss: 0.14861, sup: 0.14861, batch_cost: 0.16143s, reader_cost: 0.04086s, ips: 396.45, eta: 3:51:37
[2025/07/14 17:19:21] ppsci INFO: [Train][Epoch  934/6666][Iter  5/15] lr: 0.00043, loss: 0.16755, sup: 0.16755, batch_cost: 0.16355s, reader_cost: 0.03972s, ips: 391.33, eta: 3:54:23
[2025/07/14 17:19:44] ppsci INFO: [Train][Epoch  940/6666][Iter 15/15] lr: 0.00043, loss: 0.16130, sup: 0.16130, batch_cost: 0.15978s, reader_cost: 0.03935s, ips: 25.03, eta: 3:48:43
[2025/07/14 17:20:08] ppsci INFO: [Train][Epoch  947/6666][Iter 10/15] lr: 0.00042, loss: 0.15483, sup: 0.15483, batch_cost: 0.16241s, reader_cost: 0.03816s, ips: 394.06, eta: 3:52:13
[2025/07/14 17:20:33] ppsci INFO: [Train][Epoch  954/6666][Iter  5/15] lr: 0.00042, loss: 0.13178, sup: 0.13178, batch_cost: 0.16386s, reader_cost: 0.03942s, ips: 390.57, eta: 3:54:01
[2025/07/14 17:20:55] ppsci INFO: [Train][Epoch  960/6666][Iter 15/15] lr: 0.00042, loss: 0.16007, sup: 0.16007, batch_cost: 0.15968s, reader_cost: 0.04088s, ips: 25.05, eta: 3:47:47
[2025/07/14 17:21:19] ppsci INFO: [Train][Epoch  967/6666][Iter 10/15] lr: 0.00042, loss: 0.14561, sup: 0.14561, batch_cost: 0.15840s, reader_cost: 0.04287s, ips: 404.03, eta: 3:45:41
[2025/07/14 17:21:43] ppsci INFO: [Train][Epoch  974/6666][Iter  5/15] lr: 0.00041, loss: 0.16439, sup: 0.16439, batch_cost: 0.16373s, reader_cost: 0.03999s, ips: 390.88, eta: 3:53:01
[2025/07/14 17:22:06] ppsci INFO: [Train][Epoch  980/6666][Iter 15/15] lr: 0.00041, loss: 0.15287, sup: 0.15287, batch_cost: 0.16032s, reader_cost: 0.03907s, ips: 24.95, eta: 3:47:53
[2025/07/14 17:22:29] ppsci INFO: [Train][Epoch  987/6666][Iter 10/15] lr: 0.00041, loss: 0.14632, sup: 0.14632, batch_cost: 0.16172s, reader_cost: 0.03949s, ips: 395.75, eta: 3:49:36
[2025/07/14 17:22:54] ppsci INFO: [Train][Epoch  994/6666][Iter  5/15] lr: 0.00040, loss: 0.15523, sup: 0.15523, batch_cost: 0.16133s, reader_cost: 0.04021s, ips: 396.71, eta: 3:48:47
[2025/07/14 17:23:17] ppsci INFO: [Train][Epoch 1000/6666][Iter 15/15] lr: 0.00040, loss: 0.14569, sup: 0.14569, batch_cost: 0.16484s, reader_cost: 0.03748s, ips: 24.27, eta: 3:53:30
[2025/07/14 17:23:41] ppsci INFO: [Train][Epoch 1007/6666][Iter 10/15] lr: 0.00040, loss: 0.15711, sup: 0.15711, batch_cost: 0.16501s, reader_cost: 0.03789s, ips: 387.86, eta: 3:53:27
[2025/07/14 17:24:05] ppsci INFO: [Train][Epoch 1014/6666][Iter  5/15] lr: 0.00040, loss: 0.14784, sup: 0.14784, batch_cost: 0.16239s, reader_cost: 0.03986s, ips: 394.12, eta: 3:49:28
[2025/07/14 17:24:29] ppsci INFO: [Train][Epoch 1020/6666][Iter 15/15] lr: 0.00039, loss: 0.14585, sup: 0.14585, batch_cost: 0.16152s, reader_cost: 0.04092s, ips: 24.76, eta: 3:47:59
[2025/07/14 17:24:53] ppsci INFO: [Train][Epoch 1027/6666][Iter 10/15] lr: 0.00039, loss: 0.15679, sup: 0.15679, batch_cost: 0.16078s, reader_cost: 0.03930s, ips: 398.07, eta: 3:46:39
[2025/07/14 17:25:17] ppsci INFO: [Train][Epoch 1034/6666][Iter  5/15] lr: 0.00039, loss: 0.15643, sup: 0.15643, batch_cost: 0.16351s, reader_cost: 0.03805s, ips: 391.41, eta: 3:50:14
[2025/07/14 17:25:40] ppsci INFO: [Train][Epoch 1040/6666][Iter 15/15] lr: 0.00038, loss: 0.14606, sup: 0.14606, batch_cost: 0.16095s, reader_cost: 0.03812s, ips: 24.85, eta: 3:46:22
[2025/07/14 17:26:04] ppsci INFO: [Train][Epoch 1047/6666][Iter 10/15] lr: 0.00038, loss: 0.15159, sup: 0.15159, batch_cost: 0.16254s, reader_cost: 0.04131s, ips: 393.74, eta: 3:48:20
[2025/07/14 17:26:27] ppsci INFO: [Train][Epoch 1054/6666][Iter  5/15] lr: 0.00038, loss: 0.15534, sup: 0.15534, batch_cost: 0.15914s, reader_cost: 0.04165s, ips: 402.16, eta: 3:43:18
[2025/07/14 17:26:50] ppsci INFO: [Train][Epoch 1060/6666][Iter 15/15] lr: 0.00038, loss: 0.14074, sup: 0.14074, batch_cost: 0.15945s, reader_cost: 0.04001s, ips: 25.09, eta: 3:43:28
[2025/07/14 17:27:14] ppsci INFO: [Train][Epoch 1067/6666][Iter 10/15] lr: 0.00037, loss: 0.15228, sup: 0.15228, batch_cost: 0.16220s, reader_cost: 0.04115s, ips: 394.57, eta: 3:47:03
[2025/07/14 17:27:38] ppsci INFO: [Train][Epoch 1074/6666][Iter  5/15] lr: 0.00037, loss: 0.16670, sup: 0.16670, batch_cost: 0.15961s, reader_cost: 0.04066s, ips: 400.99, eta: 3:43:09
[2025/07/14 17:28:01] ppsci INFO: [Train][Epoch 1080/6666][Iter 15/15] lr: 0.00037, loss: 0.15721, sup: 0.15721, batch_cost: 0.16090s, reader_cost: 0.03742s, ips: 24.86, eta: 3:44:41
[2025/07/14 17:28:26] ppsci INFO: [Train][Epoch 1087/6666][Iter 10/15] lr: 0.00037, loss: 0.13816, sup: 0.13816, batch_cost: 0.16521s, reader_cost: 0.03846s, ips: 387.39, eta: 3:50:26
[2025/07/14 17:28:50] ppsci INFO: [Train][Epoch 1094/6666][Iter  5/15] lr: 0.00036, loss: 0.13538, sup: 0.13538, batch_cost: 0.16343s, reader_cost: 0.03826s, ips: 391.60, eta: 3:47:41
[2025/07/14 17:29:13] ppsci INFO: [Train][Epoch 1100/6666][Iter 15/15] lr: 0.00036, loss: 0.14630, sup: 0.14630, batch_cost: 0.16048s, reader_cost: 0.03844s, ips: 24.93, eta: 3:43:18
[2025/07/14 17:29:37] ppsci INFO: [Train][Epoch 1107/6666][Iter 10/15] lr: 0.00036, loss: 0.13521, sup: 0.13521, batch_cost: 0.16225s, reader_cost: 0.03817s, ips: 394.44, eta: 3:45:30
[2025/07/14 17:30:02] ppsci INFO: [Train][Epoch 1114/6666][Iter  5/15] lr: 0.00036, loss: 0.15427, sup: 0.15427, batch_cost: 0.16460s, reader_cost: 0.03942s, ips: 388.83, eta: 3:48:29
[2025/07/14 17:30:25] ppsci INFO: [Train][Epoch 1120/6666][Iter 15/15] lr: 0.00035, loss: 0.14693, sup: 0.14693, batch_cost: 0.16143s, reader_cost: 0.03742s, ips: 24.78, eta: 3:43:49
[2025/07/14 17:30:48] ppsci INFO: [Train][Epoch 1127/6666][Iter 10/15] lr: 0.00035, loss: 0.15321, sup: 0.15321, batch_cost: 0.16054s, reader_cost: 0.04004s, ips: 398.64, eta: 3:42:19
[2025/07/14 17:31:12] ppsci INFO: [Train][Epoch 1134/6666][Iter  5/15] lr: 0.00035, loss: 0.13394, sup: 0.13394, batch_cost: 0.16069s, reader_cost: 0.03871s, ips: 398.29, eta: 3:42:15
[2025/07/14 17:31:35] ppsci INFO: [Train][Epoch 1140/6666][Iter 15/15] lr: 0.00035, loss: 0.12767, sup: 0.12767, batch_cost: 0.15925s, reader_cost: 0.03968s, ips: 25.12, eta: 3:40:00
[2025/07/14 17:31:59] ppsci INFO: [Train][Epoch 1147/6666][Iter 10/15] lr: 0.00034, loss: 0.14546, sup: 0.14546, batch_cost: 0.16256s, reader_cost: 0.03792s, ips: 393.70, eta: 3:44:18
[2025/07/14 17:32:23] ppsci INFO: [Train][Epoch 1154/6666][Iter  5/15] lr: 0.00034, loss: 0.15341, sup: 0.15341, batch_cost: 0.16247s, reader_cost: 0.03756s, ips: 393.93, eta: 3:43:54
[2025/07/14 17:32:46] ppsci INFO: [Train][Epoch 1160/6666][Iter 15/15] lr: 0.00034, loss: 0.14747, sup: 0.14747, batch_cost: 0.15969s, reader_cost: 0.03956s, ips: 25.05, eta: 3:39:48
[2025/07/14 17:33:09] ppsci INFO: [Train][Epoch 1167/6666][Iter 10/15] lr: 0.00034, loss: 0.14472, sup: 0.14472, batch_cost: 0.16123s, reader_cost: 0.04200s, ips: 396.95, eta: 3:41:39
[2025/07/14 17:33:34] ppsci INFO: [Train][Epoch 1174/6666][Iter  5/15] lr: 0.00033, loss: 0.12892, sup: 0.12892, batch_cost: 0.16142s, reader_cost: 0.04033s, ips: 396.49, eta: 3:41:39
[2025/07/14 17:33:56] ppsci INFO: [Train][Epoch 1180/6666][Iter 15/15] lr: 0.00033, loss: 0.12632, sup: 0.12632, batch_cost: 0.16134s, reader_cost: 0.03879s, ips: 24.79, eta: 3:41:16
[2025/07/14 17:34:21] ppsci INFO: [Train][Epoch 1187/6666][Iter 10/15] lr: 0.00033, loss: 0.13977, sup: 0.13977, batch_cost: 0.16330s, reader_cost: 0.03988s, ips: 391.92, eta: 3:43:41
[2025/07/14 17:34:45] ppsci INFO: [Train][Epoch 1194/6666][Iter  5/15] lr: 0.00033, loss: 0.13134, sup: 0.13134, batch_cost: 0.16208s, reader_cost: 0.03889s, ips: 394.86, eta: 3:41:45
[2025/07/14 17:35:07] ppsci INFO: [Train][Epoch 1200/6666][Iter 15/15] lr: 0.00033, loss: 0.14516, sup: 0.14516, batch_cost: 0.16078s, reader_cost: 0.03882s, ips: 24.88, eta: 3:39:42
[2025/07/14 17:35:32] ppsci INFO: [Train][Epoch 1207/6666][Iter 10/15] lr: 0.00032, loss: 0.13543, sup: 0.13543, batch_cost: 0.16488s, reader_cost: 0.03905s, ips: 388.15, eta: 3:45:02
[2025/07/14 17:35:56] ppsci INFO: [Train][Epoch 1214/6666][Iter  5/15] lr: 0.00032, loss: 0.12889, sup: 0.12889, batch_cost: 0.16208s, reader_cost: 0.03962s, ips: 394.87, eta: 3:40:56
[2025/07/14 17:36:19] ppsci INFO: [Train][Epoch 1220/6666][Iter 15/15] lr: 0.00032, loss: 0.14380, sup: 0.14380, batch_cost: 0.16234s, reader_cost: 0.04064s, ips: 24.64, eta: 3:41:01
[2025/07/14 17:36:43] ppsci INFO: [Train][Epoch 1227/6666][Iter 10/15] lr: 0.00032, loss: 0.15732, sup: 0.15732, batch_cost: 0.16200s, reader_cost: 0.03815s, ips: 395.05, eta: 3:40:17
[2025/07/14 17:37:07] ppsci INFO: [Train][Epoch 1234/6666][Iter  5/15] lr: 0.00031, loss: 0.14518, sup: 0.14518, batch_cost: 0.16096s, reader_cost: 0.04125s, ips: 397.63, eta: 3:38:36
[2025/07/14 17:37:30] ppsci INFO: [Train][Epoch 1240/6666][Iter 15/15] lr: 0.00031, loss: 0.14064, sup: 0.14064, batch_cost: 0.16060s, reader_cost: 0.04027s, ips: 24.91, eta: 3:37:51
[2025/07/14 17:37:54] ppsci INFO: [Train][Epoch 1247/6666][Iter 10/15] lr: 0.00031, loss: 0.14812, sup: 0.14812, batch_cost: 0.16300s, reader_cost: 0.03954s, ips: 392.65, eta: 3:40:50
[2025/07/14 17:38:18] ppsci INFO: [Train][Epoch 1254/6666][Iter  5/15] lr: 0.00031, loss: 0.13569, sup: 0.13569, batch_cost: 0.16085s, reader_cost: 0.03934s, ips: 397.88, eta: 3:37:39
[2025/07/14 17:38:41] ppsci INFO: [Train][Epoch 1260/6666][Iter 15/15] lr: 0.00031, loss: 0.16374, sup: 0.16374, batch_cost: 0.16259s, reader_cost: 0.03716s, ips: 24.60, eta: 3:39:44
[2025/07/14 17:39:06] ppsci INFO: [Train][Epoch 1267/6666][Iter 10/15] lr: 0.00030, loss: 0.12529, sup: 0.12529, batch_cost: 0.16368s, reader_cost: 0.03951s, ips: 391.01, eta: 3:40:56
[2025/07/14 17:39:30] ppsci INFO: [Train][Epoch 1274/6666][Iter  5/15] lr: 0.00030, loss: 0.15690, sup: 0.15690, batch_cost: 0.16315s, reader_cost: 0.03857s, ips: 392.28, eta: 3:39:57
[2025/07/14 17:39:52] ppsci INFO: [Train][Epoch 1280/6666][Iter 15/15] lr: 0.00030, loss: 0.13874, sup: 0.13874, batch_cost: 0.16209s, reader_cost: 0.03886s, ips: 24.68, eta: 3:38:15
[2025/07/14 17:40:17] ppsci INFO: [Train][Epoch 1287/6666][Iter 10/15] lr: 0.00030, loss: 0.15168, sup: 0.15168, batch_cost: 0.16479s, reader_cost: 0.03752s, ips: 388.38, eta: 3:41:36
[2025/07/14 17:40:41] ppsci INFO: [Train][Epoch 1294/6666][Iter  5/15] lr: 0.00029, loss: 0.15870, sup: 0.15870, batch_cost: 0.16378s, reader_cost: 0.03828s, ips: 390.76, eta: 3:39:59
[2025/07/14 17:41:04] ppsci INFO: [Train][Epoch 1300/6666][Iter 15/15] lr: 0.00029, loss: 0.13703, sup: 0.13703, batch_cost: 0.16115s, reader_cost: 0.03835s, ips: 24.82, eta: 3:36:10
[2025/07/14 17:41:29] ppsci INFO: [Train][Epoch 1307/6666][Iter 10/15] lr: 0.00029, loss: 0.14126, sup: 0.14126, batch_cost: 0.16220s, reader_cost: 0.03713s, ips: 394.56, eta: 3:37:19
[2025/07/14 17:41:53] ppsci INFO: [Train][Epoch 1314/6666][Iter  5/15] lr: 0.00029, loss: 0.13729, sup: 0.13729, batch_cost: 0.16105s, reader_cost: 0.03879s, ips: 397.40, eta: 3:35:30
[2025/07/14 17:42:15] ppsci INFO: [Train][Epoch 1320/6666][Iter 15/15] lr: 0.00029, loss: 0.13182, sup: 0.13182, batch_cost: 0.15879s, reader_cost: 0.04263s, ips: 25.19, eta: 3:32:13
[2025/07/14 17:42:39] ppsci INFO: [Train][Epoch 1327/6666][Iter 10/15] lr: 0.00028, loss: 0.15065, sup: 0.15065, batch_cost: 0.16156s, reader_cost: 0.04250s, ips: 396.15, eta: 3:35:39
[2025/07/14 17:43:03] ppsci INFO: [Train][Epoch 1334/6666][Iter  5/15] lr: 0.00028, loss: 0.13832, sup: 0.13832, batch_cost: 0.16004s, reader_cost: 0.04239s, ips: 399.89, eta: 3:33:21
[2025/07/14 17:43:26] ppsci INFO: [Train][Epoch 1340/6666][Iter 15/15] lr: 0.00028, loss: 0.14907, sup: 0.14907, batch_cost: 0.16006s, reader_cost: 0.04019s, ips: 24.99, eta: 3:33:07
[2025/07/14 17:43:50] ppsci INFO: [Train][Epoch 1347/6666][Iter 10/15] lr: 0.00028, loss: 0.13216, sup: 0.13216, batch_cost: 0.16325s, reader_cost: 0.03922s, ips: 392.04, eta: 3:37:05
[2025/07/14 17:44:14] ppsci INFO: [Train][Epoch 1354/6666][Iter  5/15] lr: 0.00028, loss: 0.12609, sup: 0.12609, batch_cost: 0.16478s, reader_cost: 0.03862s, ips: 388.39, eta: 3:38:51
[2025/07/14 17:44:37] ppsci INFO: [Train][Epoch 1360/6666][Iter 15/15] lr: 0.00027, loss: 0.14335, sup: 0.14335, batch_cost: 0.15909s, reader_cost: 0.04102s, ips: 25.14, eta: 3:31:01
[2025/07/14 17:45:02] ppsci INFO: [Train][Epoch 1367/6666][Iter 10/15] lr: 0.00027, loss: 0.14875, sup: 0.14875, batch_cost: 0.16342s, reader_cost: 0.04047s, ips: 391.63, eta: 3:36:30
[2025/07/14 17:45:26] ppsci INFO: [Train][Epoch 1374/6666][Iter  5/15] lr: 0.00027, loss: 0.13607, sup: 0.13607, batch_cost: 0.16261s, reader_cost: 0.03729s, ips: 393.57, eta: 3:35:09
[2025/07/14 17:45:49] ppsci INFO: [Train][Epoch 1380/6666][Iter 15/15] lr: 0.00027, loss: 0.15200, sup: 0.15200, batch_cost: 0.15931s, reader_cost: 0.04125s, ips: 25.11, eta: 3:30:31
[2025/07/14 17:46:13] ppsci INFO: [Train][Epoch 1387/6666][Iter 10/15] lr: 0.00027, loss: 0.15833, sup: 0.15833, batch_cost: 0.16275s, reader_cost: 0.03790s, ips: 393.25, eta: 3:34:48
[2025/07/14 17:46:38] ppsci INFO: [Train][Epoch 1394/6666][Iter  5/15] lr: 0.00027, loss: 0.12521, sup: 0.12521, batch_cost: 0.16333s, reader_cost: 0.03979s, ips: 391.84, eta: 3:35:17
[2025/07/14 17:47:01] ppsci INFO: [Train][Epoch 1400/6666][Iter 15/15] lr: 0.00026, loss: 0.13163, sup: 0.13163, batch_cost: 0.16071s, reader_cost: 0.04043s, ips: 24.89, eta: 3:31:34
[2025/07/14 17:47:25] ppsci INFO: [Train][Epoch 1407/6666][Iter 10/15] lr: 0.00026, loss: 0.13172, sup: 0.13172, batch_cost: 0.16220s, reader_cost: 0.03990s, ips: 394.57, eta: 3:33:16
[2025/07/14 17:47:49] ppsci INFO: [Train][Epoch 1414/6666][Iter  5/15] lr: 0.00026, loss: 0.12587, sup: 0.12587, batch_cost: 0.15990s, reader_cost: 0.03756s, ips: 400.26, eta: 3:29:58
[2025/07/14 17:48:11] ppsci INFO: [Train][Epoch 1420/6666][Iter 15/15] lr: 0.00026, loss: 0.13339, sup: 0.13339, batch_cost: 0.15999s, reader_cost: 0.04086s, ips: 25.00, eta: 3:29:49
[2025/07/14 17:48:36] ppsci INFO: [Train][Epoch 1427/6666][Iter 10/15] lr: 0.00026, loss: 0.12329, sup: 0.12329, batch_cost: 0.16073s, reader_cost: 0.04008s, ips: 398.19, eta: 3:30:31
[2025/07/14 17:48:59] ppsci INFO: [Train][Epoch 1434/6666][Iter  5/15] lr: 0.00025, loss: 0.13158, sup: 0.13158, batch_cost: 0.16135s, reader_cost: 0.04141s, ips: 396.66, eta: 3:31:04
[2025/07/14 17:49:22] ppsci INFO: [Train][Epoch 1440/6666][Iter 15/15] lr: 0.00025, loss: 0.13570, sup: 0.13570, batch_cost: 0.16069s, reader_cost: 0.03876s, ips: 24.89, eta: 3:29:56
[2025/07/14 17:49:47] ppsci INFO: [Train][Epoch 1447/6666][Iter 10/15] lr: 0.00025, loss: 0.12802, sup: 0.12802, batch_cost: 0.16605s, reader_cost: 0.03934s, ips: 385.42, eta: 3:36:40
[2025/07/14 17:50:11] ppsci INFO: [Train][Epoch 1454/6666][Iter  5/15] lr: 0.00025, loss: 0.14875, sup: 0.14875, batch_cost: 0.16247s, reader_cost: 0.03694s, ips: 393.92, eta: 3:31:43
[2025/07/14 17:50:34] ppsci INFO: [Train][Epoch 1460/6666][Iter 15/15] lr: 0.00025, loss: 0.14158, sup: 0.14158, batch_cost: 0.16301s, reader_cost: 0.03716s, ips: 24.54, eta: 3:32:09
[2025/07/14 17:50:58] ppsci INFO: [Train][Epoch 1467/6666][Iter 10/15] lr: 0.00025, loss: 0.13953, sup: 0.13953, batch_cost: 0.16371s, reader_cost: 0.04053s, ips: 390.93, eta: 3:32:47
[2025/07/14 17:51:22] ppsci INFO: [Train][Epoch 1474/6666][Iter  5/15] lr: 0.00024, loss: 0.13084, sup: 0.13084, batch_cost: 0.15836s, reader_cost: 0.04186s, ips: 404.15, eta: 3:25:34
[2025/07/14 17:51:45] ppsci INFO: [Train][Epoch 1480/6666][Iter 15/15] lr: 0.00024, loss: 0.13812, sup: 0.13812, batch_cost: 0.16050s, reader_cost: 0.04078s, ips: 24.92, eta: 3:28:05
[2025/07/14 17:52:09] ppsci INFO: [Train][Epoch 1487/6666][Iter 10/15] lr: 0.00024, loss: 0.14754, sup: 0.14754, batch_cost: 0.16278s, reader_cost: 0.03966s, ips: 393.16, eta: 3:30:46
[2025/07/14 17:52:33] ppsci INFO: [Train][Epoch 1494/6666][Iter  5/15] lr: 0.00024, loss: 0.14385, sup: 0.14385, batch_cost: 0.16094s, reader_cost: 0.03687s, ips: 397.65, eta: 3:28:07
[2025/07/14 17:52:56] ppsci INFO: [Train][Epoch 1500/6666][Iter 15/15] lr: 0.00024, loss: 0.14763, sup: 0.14763, batch_cost: 0.16036s, reader_cost: 0.03721s, ips: 24.94, eta: 3:27:06
[2025/07/14 17:53:21] ppsci INFO: [Train][Epoch 1507/6666][Iter 10/15] lr: 0.00024, loss: 0.13313, sup: 0.13313, batch_cost: 0.16428s, reader_cost: 0.03906s, ips: 389.59, eta: 3:31:53
[2025/07/14 17:53:45] ppsci INFO: [Train][Epoch 1514/6666][Iter  5/15] lr: 0.00023, loss: 0.14152, sup: 0.14152, batch_cost: 0.16184s, reader_cost: 0.03754s, ips: 395.46, eta: 3:28:28
[2025/07/14 17:54:08] ppsci INFO: [Train][Epoch 1520/6666][Iter 15/15] lr: 0.00023, loss: 0.14120, sup: 0.14120, batch_cost: 0.16115s, reader_cost: 0.03913s, ips: 24.82, eta: 3:27:19
[2025/07/14 17:54:32] ppsci INFO: [Train][Epoch 1527/6666][Iter 10/15] lr: 0.00023, loss: 0.13649, sup: 0.13649, batch_cost: 0.16249s, reader_cost: 0.03892s, ips: 393.86, eta: 3:28:46
[2025/07/14 17:54:56] ppsci INFO: [Train][Epoch 1534/6666][Iter  5/15] lr: 0.00023, loss: 0.12898, sup: 0.12898, batch_cost: 0.16023s, reader_cost: 0.04060s, ips: 399.42, eta: 3:25:36
[2025/07/14 17:55:19] ppsci INFO: [Train][Epoch 1540/6666][Iter 15/15] lr: 0.00023, loss: 0.13255, sup: 0.13255, batch_cost: 0.16184s, reader_cost: 0.03871s, ips: 24.72, eta: 3:27:24
[2025/07/14 17:55:44] ppsci INFO: [Train][Epoch 1547/6666][Iter 10/15] lr: 0.00023, loss: 0.13997, sup: 0.13997, batch_cost: 0.16477s, reader_cost: 0.03918s, ips: 388.41, eta: 3:30:53
[2025/07/14 17:56:08] ppsci INFO: [Train][Epoch 1554/6666][Iter  5/15] lr: 0.00022, loss: 0.15434, sup: 0.15434, batch_cost: 0.16297s, reader_cost: 0.03735s, ips: 392.70, eta: 3:28:18
[2025/07/14 17:56:32] ppsci INFO: [Train][Epoch 1560/6666][Iter 15/15] lr: 0.00022, loss: 0.13579, sup: 0.13579, batch_cost: 0.16154s, reader_cost: 0.03804s, ips: 24.76, eta: 3:26:12
[2025/07/14 17:56:56] ppsci INFO: [Train][Epoch 1567/6666][Iter 10/15] lr: 0.00022, loss: 0.12781, sup: 0.12781, batch_cost: 0.16152s, reader_cost: 0.03849s, ips: 396.24, eta: 3:25:54
[2025/07/14 17:57:20] ppsci INFO: [Train][Epoch 1574/6666][Iter  5/15] lr: 0.00022, loss: 0.13745, sup: 0.13745, batch_cost: 0.16112s, reader_cost: 0.04173s, ips: 397.21, eta: 3:25:08
[2025/07/14 17:57:42] ppsci INFO: [Train][Epoch 1580/6666][Iter 15/15] lr: 0.00022, loss: 0.13637, sup: 0.13637, batch_cost: 0.15945s, reader_cost: 0.03886s, ips: 25.09, eta: 3:22:44
[2025/07/14 17:58:07] ppsci INFO: [Train][Epoch 1587/6666][Iter 10/15] lr: 0.00022, loss: 0.11223, sup: 0.11223, batch_cost: 0.16467s, reader_cost: 0.03738s, ips: 388.66, eta: 3:29:06
[2025/07/14 17:58:31] ppsci INFO: [Train][Epoch 1594/6666][Iter  5/15] lr: 0.00021, loss: 0.13963, sup: 0.13963, batch_cost: 0.16274s, reader_cost: 0.03956s, ips: 393.26, eta: 3:26:23
[2025/07/14 17:58:54] ppsci INFO: [Train][Epoch 1600/6666][Iter 15/15] lr: 0.00021, loss: 0.14385, sup: 0.14385, batch_cost: 0.16136s, reader_cost: 0.04041s, ips: 24.79, eta: 3:24:21
[2025/07/14 17:59:18] ppsci INFO: [Train][Epoch 1607/6666][Iter 10/15] lr: 0.00021, loss: 0.12795, sup: 0.12795, batch_cost: 0.16187s, reader_cost: 0.04022s, ips: 395.38, eta: 3:24:44
[2025/07/14 17:59:42] ppsci INFO: [Train][Epoch 1614/6666][Iter  5/15] lr: 0.00021, loss: 0.15946, sup: 0.15946, batch_cost: 0.16270s, reader_cost: 0.04033s, ips: 393.36, eta: 3:25:31
[2025/07/14 18:00:05] ppsci INFO: [Train][Epoch 1620/6666][Iter 15/15] lr: 0.00021, loss: 0.13572, sup: 0.13572, batch_cost: 0.16239s, reader_cost: 0.03851s, ips: 24.63, eta: 3:24:51
[2025/07/14 18:00:29] ppsci INFO: [Train][Epoch 1627/6666][Iter 10/15] lr: 0.00021, loss: 0.13062, sup: 0.13062, batch_cost: 0.16272s, reader_cost: 0.03872s, ips: 393.32, eta: 3:24:59
[2025/07/14 18:00:53] ppsci INFO: [Train][Epoch 1634/6666][Iter  5/15] lr: 0.00021, loss: 0.13092, sup: 0.13092, batch_cost: 0.16167s, reader_cost: 0.03917s, ips: 395.86, eta: 3:23:24
[2025/07/14 18:01:15] ppsci INFO: [Train][Epoch 1640/6666][Iter 15/15] lr: 0.00020, loss: 0.14457, sup: 0.14457, batch_cost: 0.16022s, reader_cost: 0.03982s, ips: 24.97, eta: 3:21:18
[2025/07/14 18:01:39] ppsci INFO: [Train][Epoch 1647/6666][Iter 10/15] lr: 0.00020, loss: 0.13603, sup: 0.13603, batch_cost: 0.16004s, reader_cost: 0.04029s, ips: 399.90, eta: 3:20:49
[2025/07/14 18:02:03] ppsci INFO: [Train][Epoch 1654/6666][Iter  5/15] lr: 0.00020, loss: 0.12371, sup: 0.12371, batch_cost: 0.16201s, reader_cost: 0.03959s, ips: 395.03, eta: 3:23:01
[2025/07/14 18:02:26] ppsci INFO: [Train][Epoch 1660/6666][Iter 15/15] lr: 0.00020, loss: 0.13749, sup: 0.13749, batch_cost: 0.16198s, reader_cost: 0.03608s, ips: 24.69, eta: 3:22:43
[2025/07/14 18:02:51] ppsci INFO: [Train][Epoch 1667/6666][Iter 10/15] lr: 0.00020, loss: 0.14120, sup: 0.14120, batch_cost: 0.16237s, reader_cost: 0.03992s, ips: 394.17, eta: 3:22:55
[2025/07/14 18:03:15] ppsci INFO: [Train][Epoch 1674/6666][Iter  5/15] lr: 0.00020, loss: 0.13760, sup: 0.13760, batch_cost: 0.15954s, reader_cost: 0.03939s, ips: 401.17, eta: 3:19:07
[2025/07/14 18:03:38] ppsci INFO: [Train][Epoch 1680/6666][Iter 15/15] lr: 0.00020, loss: 0.13494, sup: 0.13494, batch_cost: 0.16170s, reader_cost: 0.03706s, ips: 24.74, eta: 3:21:33
[2025/07/14 18:04:02] ppsci INFO: [Train][Epoch 1687/6666][Iter 10/15] lr: 0.00019, loss: 0.13433, sup: 0.13433, batch_cost: 0.16417s, reader_cost: 0.03805s, ips: 389.83, eta: 3:24:22
[2025/07/14 18:04:26] ppsci INFO: [Train][Epoch 1694/6666][Iter  5/15] lr: 0.00019, loss: 0.14756, sup: 0.14756, batch_cost: 0.16187s, reader_cost: 0.03834s, ips: 395.37, eta: 3:21:14
[2025/07/14 18:04:49] ppsci INFO: [Train][Epoch 1700/6666][Iter 15/15] lr: 0.00019, loss: 0.14047, sup: 0.14047, batch_cost: 0.16178s, reader_cost: 0.03705s, ips: 24.72, eta: 3:20:51
[2025/07/14 18:05:14] ppsci INFO: [Train][Epoch 1707/6666][Iter 10/15] lr: 0.00019, loss: 0.14261, sup: 0.14261, batch_cost: 0.16264s, reader_cost: 0.03991s, ips: 393.51, eta: 3:21:38
[2025/07/14 18:05:38] ppsci INFO: [Train][Epoch 1714/6666][Iter  5/15] lr: 0.00019, loss: 0.14788, sup: 0.14788, batch_cost: 0.16251s, reader_cost: 0.03954s, ips: 393.82, eta: 3:21:12
[2025/07/14 18:06:00] ppsci INFO: [Train][Epoch 1720/6666][Iter 15/15] lr: 0.00019, loss: 0.13050, sup: 0.13050, batch_cost: 0.15815s, reader_cost: 0.04312s, ips: 25.29, eta: 3:15:33
[2025/07/14 18:06:25] ppsci INFO: [Train][Epoch 1727/6666][Iter 10/15] lr: 0.00019, loss: 0.14741, sup: 0.14741, batch_cost: 0.16385s, reader_cost: 0.03871s, ips: 390.59, eta: 3:22:19
[2025/07/14 18:06:49] ppsci INFO: [Train][Epoch 1734/6666][Iter  5/15] lr: 0.00019, loss: 0.13076, sup: 0.13076, batch_cost: 0.16275s, reader_cost: 0.03846s, ips: 393.23, eta: 3:20:42
[2025/07/14 18:07:12] ppsci INFO: [Train][Epoch 1740/6666][Iter 15/15] lr: 0.00018, loss: 0.14107, sup: 0.14107, batch_cost: 0.16228s, reader_cost: 0.04072s, ips: 24.65, eta: 3:19:51
[2025/07/14 18:07:37] ppsci INFO: [Train][Epoch 1747/6666][Iter 10/15] lr: 0.00018, loss: 0.14738, sup: 0.14738, batch_cost: 0.16463s, reader_cost: 0.03758s, ips: 388.76, eta: 3:22:27
[2025/07/14 18:08:01] ppsci INFO: [Train][Epoch 1754/6666][Iter  5/15] lr: 0.00018, loss: 0.13968, sup: 0.13968, batch_cost: 0.16361s, reader_cost: 0.03835s, ips: 391.17, eta: 3:20:56
[2025/07/14 18:08:24] ppsci INFO: [Train][Epoch 1760/6666][Iter 15/15] lr: 0.00018, loss: 0.13128, sup: 0.13128, batch_cost: 0.16258s, reader_cost: 0.03826s, ips: 24.60, eta: 3:19:24
[2025/07/14 18:08:48] ppsci INFO: [Train][Epoch 1767/6666][Iter 10/15] lr: 0.00018, loss: 0.14223, sup: 0.14223, batch_cost: 0.16256s, reader_cost: 0.04039s, ips: 393.70, eta: 3:19:06
[2025/07/14 18:09:12] ppsci INFO: [Train][Epoch 1774/6666][Iter  5/15] lr: 0.00018, loss: 0.12767, sup: 0.12767, batch_cost: 0.16012s, reader_cost: 0.04085s, ips: 399.70, eta: 3:15:51
[2025/07/14 18:09:35] ppsci INFO: [Train][Epoch 1780/6666][Iter 15/15] lr: 0.00018, loss: 0.14188, sup: 0.14188, batch_cost: 0.16146s, reader_cost: 0.03887s, ips: 24.77, eta: 3:17:13
[2025/07/14 18:09:59] ppsci INFO: [Train][Epoch 1787/6666][Iter 10/15] lr: 0.00018, loss: 0.12869, sup: 0.12869, batch_cost: 0.16297s, reader_cost: 0.03923s, ips: 392.71, eta: 3:18:47
[2025/07/14 18:10:23] ppsci INFO: [Train][Epoch 1794/6666][Iter  5/15] lr: 0.00017, loss: 0.13392, sup: 0.13392, batch_cost: 0.16327s, reader_cost: 0.03950s, ips: 391.99, eta: 3:18:53
[2025/07/14 18:10:46] ppsci INFO: [Train][Epoch 1800/6666][Iter 15/15] lr: 0.00017, loss: 0.13220, sup: 0.13220, batch_cost: 0.16093s, reader_cost: 0.03892s, ips: 24.85, eta: 3:15:46
[2025/07/14 18:11:10] ppsci INFO: [Train][Epoch 1807/6666][Iter 10/15] lr: 0.00017, loss: 0.14273, sup: 0.14273, batch_cost: 0.16083s, reader_cost: 0.03929s, ips: 397.93, eta: 3:15:23
[2025/07/14 18:11:34] ppsci INFO: [Train][Epoch 1814/6666][Iter  5/15] lr: 0.00017, loss: 0.11864, sup: 0.11864, batch_cost: 0.16222s, reader_cost: 0.03763s, ips: 394.52, eta: 3:16:48
[2025/07/14 18:11:58] ppsci INFO: [Train][Epoch 1820/6666][Iter 15/15] lr: 0.00017, loss: 0.13223, sup: 0.13223, batch_cost: 0.16290s, reader_cost: 0.04183s, ips: 24.56, eta: 3:17:21
[2025/07/14 18:12:21] ppsci INFO: [Train][Epoch 1827/6666][Iter 10/15] lr: 0.00017, loss: 0.13337, sup: 0.13337, batch_cost: 0.16138s, reader_cost: 0.03797s, ips: 396.58, eta: 3:15:14
[2025/07/14 18:12:46] ppsci INFO: [Train][Epoch 1834/6666][Iter  5/15] lr: 0.00017, loss: 0.13455, sup: 0.13455, batch_cost: 0.16492s, reader_cost: 0.03774s, ips: 388.07, eta: 3:19:14
[2025/07/14 18:13:09] ppsci INFO: [Train][Epoch 1840/6666][Iter 15/15] lr: 0.00017, loss: 0.13713, sup: 0.13713, batch_cost: 0.16374s, reader_cost: 0.03762s, ips: 24.43, eta: 3:17:33
[2025/07/14 18:13:34] ppsci INFO: [Train][Epoch 1847/6666][Iter 10/15] lr: 0.00016, loss: 0.13351, sup: 0.13351, batch_cost: 0.16460s, reader_cost: 0.04105s, ips: 388.82, eta: 3:18:19
[2025/07/14 18:13:58] ppsci INFO: [Train][Epoch 1854/6666][Iter  5/15] lr: 0.00016, loss: 0.14730, sup: 0.14730, batch_cost: 0.16203s, reader_cost: 0.03881s, ips: 394.98, eta: 3:14:57
[2025/07/14 18:14:21] ppsci INFO: [Train][Epoch 1860/6666][Iter 15/15] lr: 0.00016, loss: 0.13308, sup: 0.13308, batch_cost: 0.16200s, reader_cost: 0.03782s, ips: 24.69, eta: 3:14:38
[2025/07/14 18:14:46] ppsci INFO: [Train][Epoch 1867/6666][Iter 10/15] lr: 0.00016, loss: 0.12986, sup: 0.12986, batch_cost: 0.16437s, reader_cost: 0.03851s, ips: 389.37, eta: 3:17:12
[2025/07/14 18:15:10] ppsci INFO: [Train][Epoch 1874/6666][Iter  5/15] lr: 0.00016, loss: 0.13694, sup: 0.13694, batch_cost: 0.16330s, reader_cost: 0.03929s, ips: 391.92, eta: 3:15:39
[2025/07/14 18:15:33] ppsci INFO: [Train][Epoch 1880/6666][Iter 15/15] lr: 0.00016, loss: 0.12354, sup: 0.12354, batch_cost: 0.16144s, reader_cost: 0.03839s, ips: 24.78, eta: 3:13:09
[2025/07/14 18:15:57] ppsci INFO: [Train][Epoch 1887/6666][Iter 10/15] lr: 0.00016, loss: 0.14669, sup: 0.14669, batch_cost: 0.16266s, reader_cost: 0.03718s, ips: 393.47, eta: 3:14:20
[2025/07/14 18:16:22] ppsci INFO: [Train][Epoch 1894/6666][Iter  5/15] lr: 0.00016, loss: 0.13123, sup: 0.13123, batch_cost: 0.16211s, reader_cost: 0.04040s, ips: 394.79, eta: 3:13:25
[2025/07/14 18:16:44] ppsci INFO: [Train][Epoch 1900/6666][Iter 15/15] lr: 0.00016, loss: 0.14170, sup: 0.14170, batch_cost: 0.16125s, reader_cost: 0.04039s, ips: 24.81, eta: 3:12:07
[2025/07/14 18:17:09] ppsci INFO: [Train][Epoch 1907/6666][Iter 10/15] lr: 0.00015, loss: 0.13030, sup: 0.13030, batch_cost: 0.16224s, reader_cost: 0.03983s, ips: 394.47, eta: 3:13:02
[2025/07/14 18:17:33] ppsci INFO: [Train][Epoch 1914/6666][Iter  5/15] lr: 0.00015, loss: 0.14535, sup: 0.14535, batch_cost: 0.16152s, reader_cost: 0.03853s, ips: 396.23, eta: 3:11:55
[2025/07/14 18:17:55] ppsci INFO: [Train][Epoch 1920/6666][Iter 15/15] lr: 0.00015, loss: 0.13638, sup: 0.13638, batch_cost: 0.16109s, reader_cost: 0.03969s, ips: 24.83, eta: 3:11:08
[2025/07/14 18:18:20] ppsci INFO: [Train][Epoch 1927/6666][Iter 10/15] lr: 0.00015, loss: 0.14138, sup: 0.14138, batch_cost: 0.16477s, reader_cost: 0.03742s, ips: 388.41, eta: 3:15:13
[2025/07/14 18:18:44] ppsci INFO: [Train][Epoch 1934/6666][Iter  5/15] lr: 0.00015, loss: 0.12404, sup: 0.12404, batch_cost: 0.16308s, reader_cost: 0.03969s, ips: 392.46, eta: 3:12:56
[2025/07/14 18:19:07] ppsci INFO: [Train][Epoch 1940/6666][Iter 15/15] lr: 0.00015, loss: 0.13446, sup: 0.13446, batch_cost: 0.16296s, reader_cost: 0.03681s, ips: 24.55, eta: 3:12:32
[2025/07/14 18:19:31] ppsci INFO: [Train][Epoch 1947/6666][Iter 10/15] lr: 0.00015, loss: 0.13426, sup: 0.13426, batch_cost: 0.16467s, reader_cost: 0.03975s, ips: 388.65, eta: 3:14:17
[2025/07/14 18:19:55] ppsci INFO: [Train][Epoch 1954/6666][Iter  5/15] lr: 0.00015, loss: 0.14392, sup: 0.14392, batch_cost: 0.16230s, reader_cost: 0.03911s, ips: 394.34, eta: 3:11:12
[2025/07/14 18:20:18] ppsci INFO: [Train][Epoch 1960/6666][Iter 15/15] lr: 0.00015, loss: 0.11675, sup: 0.11675, batch_cost: 0.16200s, reader_cost: 0.03813s, ips: 24.69, eta: 3:10:35
[2025/07/14 18:20:43] ppsci INFO: [Train][Epoch 1967/6666][Iter 10/15] lr: 0.00014, loss: 0.12878, sup: 0.12878, batch_cost: 0.16144s, reader_cost: 0.03772s, ips: 396.44, eta: 3:09:39
[2025/07/14 18:21:06] ppsci INFO: [Train][Epoch 1974/6666][Iter  5/15] lr: 0.00014, loss: 0.12514, sup: 0.12514, batch_cost: 0.16100s, reader_cost: 0.03859s, ips: 397.51, eta: 3:08:52
[2025/07/14 18:21:29] ppsci INFO: [Train][Epoch 1980/6666][Iter 15/15] lr: 0.00014, loss: 0.13049, sup: 0.13049, batch_cost: 0.15995s, reader_cost: 0.03824s, ips: 25.01, eta: 3:07:22
[2025/07/14 18:21:53] ppsci INFO: [Train][Epoch 1987/6666][Iter 10/15] lr: 0.00014, loss: 0.14189, sup: 0.14189, batch_cost: 0.16414s, reader_cost: 0.03954s, ips: 389.90, eta: 3:12:01
[2025/07/14 18:22:18] ppsci INFO: [Train][Epoch 1994/6666][Iter  5/15] lr: 0.00014, loss: 0.13111, sup: 0.13111, batch_cost: 0.16399s, reader_cost: 0.03825s, ips: 390.26, eta: 3:11:34
[2025/07/14 18:22:40] ppsci INFO: [Train][Epoch 2000/6666][Iter 15/15] lr: 0.00014, loss: 0.13152, sup: 0.13152, batch_cost: 0.15973s, reader_cost: 0.03881s, ips: 25.04, eta: 3:06:19
[2025/07/14 18:23:04] ppsci INFO: [Train][Epoch 2007/6666][Iter 10/15] lr: 0.00014, loss: 0.13885, sup: 0.13885, batch_cost: 0.16172s, reader_cost: 0.04067s, ips: 395.75, eta: 3:08:22
[2025/07/14 18:23:28] ppsci INFO: [Train][Epoch 2014/6666][Iter  5/15] lr: 0.00014, loss: 0.14311, sup: 0.14311, batch_cost: 0.16105s, reader_cost: 0.03983s, ips: 397.40, eta: 3:07:19
[2025/07/14 18:23:51] ppsci INFO: [Train][Epoch 2020/6666][Iter 15/15] lr: 0.00014, loss: 0.14523, sup: 0.14523, batch_cost: 0.15834s, reader_cost: 0.04057s, ips: 25.26, eta: 3:03:54
[2025/07/14 18:24:15] ppsci INFO: [Train][Epoch 2027/6666][Iter 10/15] lr: 0.00014, loss: 0.13975, sup: 0.13975, batch_cost: 0.16255s, reader_cost: 0.04081s, ips: 393.72, eta: 3:08:31
[2025/07/14 18:24:40] ppsci INFO: [Train][Epoch 2034/6666][Iter  5/15] lr: 0.00014, loss: 0.12388, sup: 0.12388, batch_cost: 0.16498s, reader_cost: 0.03840s, ips: 387.93, eta: 3:11:04
[2025/07/14 18:25:02] ppsci INFO: [Train][Epoch 2040/6666][Iter 15/15] lr: 0.00013, loss: 0.12635, sup: 0.12635, batch_cost: 0.15932s, reader_cost: 0.03809s, ips: 25.11, eta: 3:04:14
[2025/07/14 18:25:27] ppsci INFO: [Train][Epoch 2047/6666][Iter 10/15] lr: 0.00013, loss: 0.13272, sup: 0.13272, batch_cost: 0.16295s, reader_cost: 0.03766s, ips: 392.75, eta: 3:08:10
[2025/07/14 18:25:51] ppsci INFO: [Train][Epoch 2054/6666][Iter  5/15] lr: 0.00013, loss: 0.14630, sup: 0.14630, batch_cost: 0.16175s, reader_cost: 0.03863s, ips: 395.68, eta: 3:06:31
[2025/07/14 18:26:14] ppsci INFO: [Train][Epoch 2060/6666][Iter 15/15] lr: 0.00013, loss: 0.14833, sup: 0.14833, batch_cost: 0.16053s, reader_cost: 0.04135s, ips: 24.92, eta: 3:04:50
[2025/07/14 18:26:39] ppsci INFO: [Train][Epoch 2067/6666][Iter 10/15] lr: 0.00013, loss: 0.12957, sup: 0.12957, batch_cost: 0.16391s, reader_cost: 0.03849s, ips: 390.47, eta: 3:08:27
[2025/07/14 18:27:03] ppsci INFO: [Train][Epoch 2074/6666][Iter  5/15] lr: 0.00013, loss: 0.12963, sup: 0.12963, batch_cost: 0.16388s, reader_cost: 0.03833s, ips: 390.53, eta: 3:08:09
[2025/07/14 18:27:26] ppsci INFO: [Train][Epoch 2080/6666][Iter 15/15] lr: 0.00013, loss: 0.12770, sup: 0.12770, batch_cost: 0.15913s, reader_cost: 0.03758s, ips: 25.14, eta: 3:02:26
[2025/07/14 18:27:50] ppsci INFO: [Train][Epoch 2087/6666][Iter 10/15] lr: 0.00013, loss: 0.14007, sup: 0.14007, batch_cost: 0.16500s, reader_cost: 0.03770s, ips: 387.88, eta: 3:08:53
[2025/07/14 18:28:14] ppsci INFO: [Train][Epoch 2094/6666][Iter  5/15] lr: 0.00013, loss: 0.14032, sup: 0.14032, batch_cost: 0.16356s, reader_cost: 0.03750s, ips: 391.29, eta: 3:06:58
[2025/07/14 18:28:37] ppsci INFO: [Train][Epoch 2100/6666][Iter 15/15] lr: 0.00013, loss: 0.14393, sup: 0.14393, batch_cost: 0.16074s, reader_cost: 0.03964s, ips: 24.88, eta: 3:03:29
[2025/07/14 18:29:02] ppsci INFO: [Train][Epoch 2107/6666][Iter 10/15] lr: 0.00013, loss: 0.13962, sup: 0.13962, batch_cost: 0.16296s, reader_cost: 0.03758s, ips: 392.74, eta: 3:05:44
[2025/07/14 18:29:26] ppsci INFO: [Train][Epoch 2114/6666][Iter  5/15] lr: 0.00012, loss: 0.13967, sup: 0.13967, batch_cost: 0.16211s, reader_cost: 0.04067s, ips: 394.80, eta: 3:04:30
[2025/07/14 18:29:49] ppsci INFO: [Train][Epoch 2120/6666][Iter 15/15] lr: 0.00012, loss: 0.13258, sup: 0.13258, batch_cost: 0.16197s, reader_cost: 0.03859s, ips: 24.70, eta: 3:04:04
[2025/07/14 18:30:13] ppsci INFO: [Train][Epoch 2127/6666][Iter 10/15] lr: 0.00012, loss: 0.13235, sup: 0.13235, batch_cost: 0.16428s, reader_cost: 0.03754s, ips: 389.57, eta: 3:06:26
[2025/07/14 18:30:38] ppsci INFO: [Train][Epoch 2134/6666][Iter  5/15] lr: 0.00012, loss: 0.14041, sup: 0.14041, batch_cost: 0.16387s, reader_cost: 0.04121s, ips: 390.56, eta: 3:05:41
[2025/07/14 18:31:01] ppsci INFO: [Train][Epoch 2140/6666][Iter 15/15] lr: 0.00012, loss: 0.12402, sup: 0.12402, batch_cost: 0.16229s, reader_cost: 0.03691s, ips: 24.65, eta: 3:03:38
[2025/07/14 18:31:25] ppsci INFO: [Train][Epoch 2147/6666][Iter 10/15] lr: 0.00012, loss: 0.13537, sup: 0.13537, batch_cost: 0.16423s, reader_cost: 0.03828s, ips: 389.71, eta: 3:05:32
[2025/07/14 18:31:49] ppsci INFO: [Train][Epoch 2154/6666][Iter  5/15] lr: 0.00012, loss: 0.14539, sup: 0.14539, batch_cost: 0.16054s, reader_cost: 0.04129s, ips: 398.65, eta: 3:01:07
[2025/07/14 18:32:12] ppsci INFO: [Train][Epoch 2160/6666][Iter 15/15] lr: 0.00012, loss: 0.12566, sup: 0.12566, batch_cost: 0.15975s, reader_cost: 0.04069s, ips: 25.04, eta: 2:59:57
[2025/07/14 18:32:37] ppsci INFO: [Train][Epoch 2167/6666][Iter 10/15] lr: 0.00012, loss: 0.12460, sup: 0.12460, batch_cost: 0.16731s, reader_cost: 0.03862s, ips: 382.53, eta: 3:08:11
[2025/07/14 18:33:01] ppsci INFO: [Train][Epoch 2174/6666][Iter  5/15] lr: 0.00012, loss: 0.14258, sup: 0.14258, batch_cost: 0.16019s, reader_cost: 0.03847s, ips: 399.53, eta: 2:59:55
[2025/07/14 18:33:24] ppsci INFO: [Train][Epoch 2180/6666][Iter 15/15] lr: 0.00012, loss: 0.13595, sup: 0.13595, batch_cost: 0.16119s, reader_cost: 0.03729s, ips: 24.82, eta: 3:00:46
[2025/07/14 18:33:48] ppsci INFO: [Train][Epoch 2187/6666][Iter 10/15] lr: 0.00011, loss: 0.13891, sup: 0.13891, batch_cost: 0.16378s, reader_cost: 0.03701s, ips: 390.77, eta: 3:03:24
[2025/07/14 18:34:12] ppsci INFO: [Train][Epoch 2194/6666][Iter  5/15] lr: 0.00011, loss: 0.13052, sup: 0.13052, batch_cost: 0.16267s, reader_cost: 0.03892s, ips: 393.43, eta: 3:01:53
[2025/07/14 18:34:35] ppsci INFO: [Train][Epoch 2200/6666][Iter 15/15] lr: 0.00011, loss: 0.11575, sup: 0.11575, batch_cost: 0.16199s, reader_cost: 0.03912s, ips: 24.69, eta: 3:00:51
[2025/07/14 18:35:00] ppsci INFO: [Train][Epoch 2207/6666][Iter 10/15] lr: 0.00011, loss: 0.13544, sup: 0.13544, batch_cost: 0.16424s, reader_cost: 0.03960s, ips: 389.68, eta: 3:03:05
[2025/07/14 18:35:24] ppsci INFO: [Train][Epoch 2214/6666][Iter  5/15] lr: 0.00011, loss: 0.13776, sup: 0.13776, batch_cost: 0.16289s, reader_cost: 0.03879s, ips: 392.90, eta: 3:01:19
[2025/07/14 18:35:46] ppsci INFO: [Train][Epoch 2220/6666][Iter 15/15] lr: 0.00011, loss: 0.13570, sup: 0.13570, batch_cost: 0.15956s, reader_cost: 0.04020s, ips: 25.07, eta: 2:57:20
[2025/07/14 18:36:11] ppsci INFO: [Train][Epoch 2227/6666][Iter 10/15] lr: 0.00011, loss: 0.12320, sup: 0.12320, batch_cost: 0.16378s, reader_cost: 0.03908s, ips: 390.78, eta: 3:01:45
[2025/07/14 18:36:35] ppsci INFO: [Train][Epoch 2234/6666][Iter  5/15] lr: 0.00011, loss: 0.11179, sup: 0.11179, batch_cost: 0.16296s, reader_cost: 0.03925s, ips: 392.74, eta: 3:00:34
[2025/07/14 18:36:58] ppsci INFO: [Train][Epoch 2240/6666][Iter 15/15] lr: 0.00011, loss: 0.13511, sup: 0.13511, batch_cost: 0.15914s, reader_cost: 0.04002s, ips: 25.13, eta: 2:56:05
[2025/07/14 18:37:22] ppsci INFO: [Train][Epoch 2247/6666][Iter 10/15] lr: 0.00011, loss: 0.12231, sup: 0.12231, batch_cost: 0.16320s, reader_cost: 0.04054s, ips: 392.15, eta: 3:00:18
[2025/07/14 18:37:46] ppsci INFO: [Train][Epoch 2254/6666][Iter  5/15] lr: 0.00011, loss: 0.13100, sup: 0.13100, batch_cost: 0.16249s, reader_cost: 0.03843s, ips: 393.88, eta: 2:59:14
[2025/07/14 18:38:09] ppsci INFO: [Train][Epoch 2260/6666][Iter 15/15] lr: 0.00011, loss: 0.13522, sup: 0.13522, batch_cost: 0.15935s, reader_cost: 0.03872s, ips: 25.10, eta: 2:55:31
[2025/07/14 18:38:33] ppsci INFO: [Train][Epoch 2267/6666][Iter 10/15] lr: 0.00011, loss: 0.11811, sup: 0.11811, batch_cost: 0.16359s, reader_cost: 0.03940s, ips: 391.23, eta: 2:59:55
[2025/07/14 18:38:57] ppsci INFO: [Train][Epoch 2274/6666][Iter  5/15] lr: 0.00010, loss: 0.14897, sup: 0.14897, batch_cost: 0.16098s, reader_cost: 0.04090s, ips: 397.56, eta: 2:56:47
[2025/07/14 18:39:20] ppsci INFO: [Train][Epoch 2280/6666][Iter 15/15] lr: 0.00010, loss: 0.13623, sup: 0.13623, batch_cost: 0.16072s, reader_cost: 0.04002s, ips: 24.89, eta: 2:56:13
[2025/07/14 18:39:44] ppsci INFO: [Train][Epoch 2287/6666][Iter 10/15] lr: 0.00010, loss: 0.13333, sup: 0.13333, batch_cost: 0.16167s, reader_cost: 0.04253s, ips: 395.87, eta: 2:57:00
[2025/07/14 18:40:08] ppsci INFO: [Train][Epoch 2294/6666][Iter  5/15] lr: 0.00010, loss: 0.11948, sup: 0.11948, batch_cost: 0.16059s, reader_cost: 0.03964s, ips: 398.54, eta: 2:55:32
[2025/07/14 18:40:31] ppsci INFO: [Train][Epoch 2300/6666][Iter 15/15] lr: 0.00010, loss: 0.13738, sup: 0.13738, batch_cost: 0.15997s, reader_cost: 0.03903s, ips: 25.01, eta: 2:54:36
[2025/07/14 18:40:55] ppsci INFO: [Train][Epoch 2307/6666][Iter 10/15] lr: 0.00010, loss: 0.12443, sup: 0.12443, batch_cost: 0.16254s, reader_cost: 0.04159s, ips: 393.76, eta: 2:57:08
[2025/07/14 18:41:19] ppsci INFO: [Train][Epoch 2314/6666][Iter  5/15] lr: 0.00010, loss: 0.11143, sup: 0.11143, batch_cost: 0.16047s, reader_cost: 0.04081s, ips: 398.84, eta: 2:54:36
[2025/07/14 18:41:42] ppsci INFO: [Train][Epoch 2320/6666][Iter 15/15] lr: 0.00010, loss: 0.13543, sup: 0.13543, batch_cost: 0.16092s, reader_cost: 0.03939s, ips: 24.86, eta: 2:54:50
[2025/07/14 18:42:06] ppsci INFO: [Train][Epoch 2327/6666][Iter 10/15] lr: 0.00010, loss: 0.14185, sup: 0.14185, batch_cost: 0.16190s, reader_cost: 0.03991s, ips: 395.30, eta: 2:55:38
[2025/07/14 18:42:30] ppsci INFO: [Train][Epoch 2334/6666][Iter  5/15] lr: 0.00010, loss: 0.13680, sup: 0.13680, batch_cost: 0.16199s, reader_cost: 0.03779s, ips: 395.10, eta: 2:55:27
[2025/07/14 18:42:53] ppsci INFO: [Train][Epoch 2340/6666][Iter 15/15] lr: 0.00010, loss: 0.14242, sup: 0.14242, batch_cost: 0.16289s, reader_cost: 0.03861s, ips: 24.56, eta: 2:56:09
[2025/07/14 18:43:17] ppsci INFO: [Train][Epoch 2347/6666][Iter 10/15] lr: 0.00010, loss: 0.12086, sup: 0.12086, batch_cost: 0.16412s, reader_cost: 0.04106s, ips: 389.95, eta: 2:57:13
[2025/07/14 18:43:41] ppsci INFO: [Train][Epoch 2354/6666][Iter  5/15] lr: 0.00010, loss: 0.13514, sup: 0.13514, batch_cost: 0.16262s, reader_cost: 0.03788s, ips: 393.56, eta: 2:55:19
[2025/07/14 18:44:04] ppsci INFO: [Train][Epoch 2360/6666][Iter 15/15] lr: 0.00010, loss: 0.13670, sup: 0.13670, batch_cost: 0.16212s, reader_cost: 0.03941s, ips: 24.67, eta: 2:54:31
[2025/07/14 18:44:28] ppsci INFO: [Train][Epoch 2367/6666][Iter 10/15] lr: 0.00010, loss: 0.15036, sup: 0.15036, batch_cost: 0.16274s, reader_cost: 0.03867s, ips: 393.28, eta: 2:54:54
[2025/07/14 18:44:53] ppsci INFO: [Train][Epoch 2374/6666][Iter  5/15] lr: 0.00009, loss: 0.14877, sup: 0.14877, batch_cost: 0.16419s, reader_cost: 0.03722s, ips: 389.80, eta: 2:56:11
[2025/07/14 18:45:16] ppsci INFO: [Train][Epoch 2380/6666][Iter 15/15] lr: 0.00009, loss: 0.13381, sup: 0.13381, batch_cost: 0.16004s, reader_cost: 0.04075s, ips: 24.99, eta: 2:51:29
[2025/07/14 18:45:41] ppsci INFO: [Train][Epoch 2387/6666][Iter 10/15] lr: 0.00009, loss: 0.13876, sup: 0.13876, batch_cost: 0.16604s, reader_cost: 0.03665s, ips: 385.46, eta: 2:57:37
[2025/07/14 18:46:05] ppsci INFO: [Train][Epoch 2394/6666][Iter  5/15] lr: 0.00009, loss: 0.12120, sup: 0.12120, batch_cost: 0.16335s, reader_cost: 0.03629s, ips: 391.80, eta: 2:54:28
[2025/07/14 18:46:28] ppsci INFO: [Train][Epoch 2400/6666][Iter 15/15] lr: 0.00009, loss: 0.12542, sup: 0.12542, batch_cost: 0.16056s, reader_cost: 0.03844s, ips: 24.91, eta: 2:51:13
[2025/07/14 18:46:52] ppsci INFO: [Train][Epoch 2407/6666][Iter 10/15] lr: 0.00009, loss: 0.13690, sup: 0.13690, batch_cost: 0.16471s, reader_cost: 0.03879s, ips: 388.55, eta: 2:55:23
[2025/07/14 18:47:17] ppsci INFO: [Train][Epoch 2414/6666][Iter  5/15] lr: 0.00009, loss: 0.14104, sup: 0.14104, batch_cost: 0.16304s, reader_cost: 0.03709s, ips: 392.53, eta: 2:53:20
[2025/07/14 18:47:40] ppsci INFO: [Train][Epoch 2420/6666][Iter 15/15] lr: 0.00009, loss: 0.13902, sup: 0.13902, batch_cost: 0.15971s, reader_cost: 0.03898s, ips: 25.04, eta: 2:49:32
[2025/07/14 18:48:04] ppsci INFO: [Train][Epoch 2427/6666][Iter 10/15] lr: 0.00009, loss: 0.14209, sup: 0.14209, batch_cost: 0.16151s, reader_cost: 0.03924s, ips: 396.27, eta: 2:51:10
[2025/07/14 18:48:28] ppsci INFO: [Train][Epoch 2434/6666][Iter  5/15] lr: 0.00009, loss: 0.14256, sup: 0.14256, batch_cost: 0.16134s, reader_cost: 0.03971s, ips: 396.68, eta: 2:50:43
[2025/07/14 18:48:51] ppsci INFO: [Train][Epoch 2440/6666][Iter 15/15] lr: 0.00009, loss: 0.13712, sup: 0.13712, batch_cost: 0.16247s, reader_cost: 0.03890s, ips: 24.62, eta: 2:51:39
[2025/07/14 18:49:15] ppsci INFO: [Train][Epoch 2447/6666][Iter 10/15] lr: 0.00009, loss: 0.12247, sup: 0.12247, batch_cost: 0.16317s, reader_cost: 0.03829s, ips: 392.23, eta: 2:52:07
[2025/07/14 18:49:39] ppsci INFO: [Train][Epoch 2454/6666][Iter  5/15] lr: 0.00009, loss: 0.10980, sup: 0.10980, batch_cost: 0.16184s, reader_cost: 0.03873s, ips: 395.44, eta: 2:50:26
[2025/07/14 18:50:02] ppsci INFO: [Train][Epoch 2460/6666][Iter 15/15] lr: 0.00009, loss: 0.13732, sup: 0.13732, batch_cost: 0.15935s, reader_cost: 0.04072s, ips: 25.10, eta: 2:47:33
[2025/07/14 18:50:26] ppsci INFO: [Train][Epoch 2467/6666][Iter 10/15] lr: 0.00009, loss: 0.12694, sup: 0.12694, batch_cost: 0.16216s, reader_cost: 0.04159s, ips: 394.66, eta: 2:50:14
[2025/07/14 18:50:50] ppsci INFO: [Train][Epoch 2474/6666][Iter  5/15] lr: 0.00008, loss: 0.13459, sup: 0.13459, batch_cost: 0.16275s, reader_cost: 0.03859s, ips: 393.24, eta: 2:50:35
[2025/07/14 18:51:13] ppsci INFO: [Train][Epoch 2480/6666][Iter 15/15] lr: 0.00008, loss: 0.13665, sup: 0.13665, batch_cost: 0.16077s, reader_cost: 0.03996s, ips: 24.88, eta: 2:48:14
[2025/07/14 18:51:37] ppsci INFO: [Train][Epoch 2487/6666][Iter 10/15] lr: 0.00008, loss: 0.11616, sup: 0.11616, batch_cost: 0.16278s, reader_cost: 0.04095s, ips: 393.17, eta: 2:50:04
[2025/07/14 18:52:01] ppsci INFO: [Train][Epoch 2494/6666][Iter  5/15] lr: 0.00008, loss: 0.11594, sup: 0.11594, batch_cost: 0.16029s, reader_cost: 0.03962s, ips: 399.29, eta: 2:47:12
[2025/07/14 18:52:24] ppsci INFO: [Train][Epoch 2500/6666][Iter 15/15] lr: 0.00008, loss: 0.13293, sup: 0.13293, batch_cost: 0.15930s, reader_cost: 0.03968s, ips: 25.11, eta: 2:45:54
[2025/07/14 18:52:48] ppsci INFO: [Train][Epoch 2507/6666][Iter 10/15] lr: 0.00008, loss: 0.13972, sup: 0.13972, batch_cost: 0.16111s, reader_cost: 0.04249s, ips: 397.25, eta: 2:47:31
[2025/07/14 18:53:12] ppsci INFO: [Train][Epoch 2514/6666][Iter  5/15] lr: 0.00008, loss: 0.14518, sup: 0.14518, batch_cost: 0.15846s, reader_cost: 0.04093s, ips: 403.89, eta: 2:44:30
[2025/07/14 18:53:35] ppsci INFO: [Train][Epoch 2520/6666][Iter 15/15] lr: 0.00008, loss: 0.12850, sup: 0.12850, batch_cost: 0.16083s, reader_cost: 0.03784s, ips: 24.87, eta: 2:46:41
[2025/07/14 18:53:59] ppsci INFO: [Train][Epoch 2527/6666][Iter 10/15] lr: 0.00008, loss: 0.11952, sup: 0.11952, batch_cost: 0.16425s, reader_cost: 0.04118s, ips: 389.65, eta: 2:49:58
[2025/07/14 18:54:24] ppsci INFO: [Train][Epoch 2534/6666][Iter  5/15] lr: 0.00008, loss: 0.12673, sup: 0.12673, batch_cost: 0.16450s, reader_cost: 0.03873s, ips: 389.07, eta: 2:49:57
[2025/07/14 18:54:47] ppsci INFO: [Train][Epoch 2540/6666][Iter 15/15] lr: 0.00008, loss: 0.12772, sup: 0.12772, batch_cost: 0.16249s, reader_cost: 0.03798s, ips: 24.62, eta: 2:47:36
[2025/07/14 18:55:11] ppsci INFO: [Train][Epoch 2547/6666][Iter 10/15] lr: 0.00008, loss: 0.12812, sup: 0.12812, batch_cost: 0.16373s, reader_cost: 0.03759s, ips: 390.89, eta: 2:48:36
[2025/07/14 18:55:36] ppsci INFO: [Train][Epoch 2554/6666][Iter  5/15] lr: 0.00008, loss: 0.12257, sup: 0.12257, batch_cost: 0.16135s, reader_cost: 0.03971s, ips: 396.66, eta: 2:45:53
[2025/07/14 18:55:59] ppsci INFO: [Train][Epoch 2560/6666][Iter 15/15] lr: 0.00008, loss: 0.12513, sup: 0.12513, batch_cost: 0.16066s, reader_cost: 0.04091s, ips: 24.90, eta: 2:44:55
[2025/07/14 18:56:22] ppsci INFO: [Train][Epoch 2567/6666][Iter 10/15] lr: 0.00008, loss: 0.12025, sup: 0.12025, batch_cost: 0.16273s, reader_cost: 0.04037s, ips: 393.28, eta: 2:46:46
[2025/07/14 18:56:47] ppsci INFO: [Train][Epoch 2574/6666][Iter  5/15] lr: 0.00008, loss: 0.14788, sup: 0.14788, batch_cost: 0.16338s, reader_cost: 0.03827s, ips: 391.71, eta: 2:47:10
[2025/07/14 18:57:10] ppsci INFO: [Train][Epoch 2580/6666][Iter 15/15] lr: 0.00008, loss: 0.12540, sup: 0.12540, batch_cost: 0.16232s, reader_cost: 0.03979s, ips: 24.64, eta: 2:45:48
[2025/07/14 18:57:34] ppsci INFO: [Train][Epoch 2587/6666][Iter 10/15] lr: 0.00008, loss: 0.13263, sup: 0.13263, batch_cost: 0.16220s, reader_cost: 0.03827s, ips: 394.56, eta: 2:45:25
[2025/07/14 18:57:58] ppsci INFO: [Train][Epoch 2594/6666][Iter  5/15] lr: 0.00007, loss: 0.11107, sup: 0.11107, batch_cost: 0.16337s, reader_cost: 0.03863s, ips: 391.76, eta: 2:46:20
[2025/07/14 18:58:21] ppsci INFO: [Train][Epoch 2600/6666][Iter 15/15] lr: 0.00007, loss: 0.13900, sup: 0.13900, batch_cost: 0.16172s, reader_cost: 0.03906s, ips: 24.73, eta: 2:44:23
[2025/07/14 18:58:44] ppsci INFO: [Train][Epoch 2607/6666][Iter 10/15] lr: 0.00007, loss: 0.12276, sup: 0.12276, batch_cost: 0.16002s, reader_cost: 0.04188s, ips: 399.94, eta: 2:42:23
[2025/07/14 18:59:09] ppsci INFO: [Train][Epoch 2614/6666][Iter  5/15] lr: 0.00007, loss: 0.13229, sup: 0.13229, batch_cost: 0.16453s, reader_cost: 0.03955s, ips: 389.00, eta: 2:46:41
[2025/07/14 18:59:32] ppsci INFO: [Train][Epoch 2620/6666][Iter 15/15] lr: 0.00007, loss: 0.12965, sup: 0.12965, batch_cost: 0.16289s, reader_cost: 0.03892s, ips: 24.56, eta: 2:44:45
[2025/07/14 18:59:56] ppsci INFO: [Train][Epoch 2627/6666][Iter 10/15] lr: 0.00007, loss: 0.12028, sup: 0.12028, batch_cost: 0.16329s, reader_cost: 0.03949s, ips: 391.94, eta: 2:44:53
[2025/07/14 19:00:20] ppsci INFO: [Train][Epoch 2634/6666][Iter  5/15] lr: 0.00007, loss: 0.12806, sup: 0.12806, batch_cost: 0.16115s, reader_cost: 0.03879s, ips: 397.13, eta: 2:42:28
[2025/07/14 19:00:42] ppsci INFO: [Train][Epoch 2640/6666][Iter 15/15] lr: 0.00007, loss: 0.13004, sup: 0.13004, batch_cost: 0.15896s, reader_cost: 0.04067s, ips: 25.16, eta: 2:39:59
[2025/07/14 19:01:07] ppsci INFO: [Train][Epoch 2647/6666][Iter 10/15] lr: 0.00007, loss: 0.13584, sup: 0.13584, batch_cost: 0.16209s, reader_cost: 0.04049s, ips: 394.85, eta: 2:42:52
[2025/07/14 19:01:31] ppsci INFO: [Train][Epoch 2654/6666][Iter  5/15] lr: 0.00007, loss: 0.14402, sup: 0.14402, batch_cost: 0.16298s, reader_cost: 0.03816s, ips: 392.69, eta: 2:43:29
[2025/07/14 19:01:54] ppsci INFO: [Train][Epoch 2660/6666][Iter 15/15] lr: 0.00007, loss: 0.12903, sup: 0.12903, batch_cost: 0.15986s, reader_cost: 0.03971s, ips: 25.02, eta: 2:40:05
[2025/07/14 19:02:19] ppsci INFO: [Train][Epoch 2667/6666][Iter 10/15] lr: 0.00007, loss: 0.12781, sup: 0.12781, batch_cost: 0.16375s, reader_cost: 0.03889s, ips: 390.83, eta: 2:43:43
[2025/07/14 19:02:43] ppsci INFO: [Train][Epoch 2674/6666][Iter  5/15] lr: 0.00007, loss: 0.14082, sup: 0.14082, batch_cost: 0.16188s, reader_cost: 0.04080s, ips: 395.35, eta: 2:41:35
[2025/07/14 19:03:06] ppsci INFO: [Train][Epoch 2680/6666][Iter 15/15] lr: 0.00007, loss: 0.12606, sup: 0.12606, batch_cost: 0.16049s, reader_cost: 0.04161s, ips: 24.92, eta: 2:39:55
[2025/07/14 19:03:30] ppsci INFO: [Train][Epoch 2687/6666][Iter 10/15] lr: 0.00007, loss: 0.12388, sup: 0.12388, batch_cost: 0.16467s, reader_cost: 0.03872s, ips: 388.66, eta: 2:43:49
[2025/07/14 19:03:55] ppsci INFO: [Train][Epoch 2694/6666][Iter  5/15] lr: 0.00007, loss: 0.11383, sup: 0.11383, batch_cost: 0.16355s, reader_cost: 0.03924s, ips: 391.31, eta: 2:42:26
[2025/07/14 19:04:18] ppsci INFO: [Train][Epoch 2700/6666][Iter 15/15] lr: 0.00007, loss: 0.13795, sup: 0.13795, batch_cost: 0.16373s, reader_cost: 0.03753s, ips: 24.43, eta: 2:42:20
[2025/07/14 19:04:42] ppsci INFO: [Train][Epoch 2707/6666][Iter 10/15] lr: 0.00007, loss: 0.12648, sup: 0.12648, batch_cost: 0.16155s, reader_cost: 0.04029s, ips: 396.17, eta: 2:39:54
[2025/07/14 19:05:06] ppsci INFO: [Train][Epoch 2714/6666][Iter  5/15] lr: 0.00007, loss: 0.12691, sup: 0.12691, batch_cost: 0.16251s, reader_cost: 0.03919s, ips: 393.81, eta: 2:40:35
[2025/07/14 19:05:29] ppsci INFO: [Train][Epoch 2720/6666][Iter 15/15] lr: 0.00007, loss: 0.13928, sup: 0.13928, batch_cost: 0.15847s, reader_cost: 0.04190s, ips: 25.24, eta: 2:36:20
[2025/07/14 19:05:53] ppsci INFO: [Train][Epoch 2727/6666][Iter 10/15] lr: 0.00007, loss: 0.13406, sup: 0.13406, batch_cost: 0.15935s, reader_cost: 0.04303s, ips: 401.63, eta: 2:36:56
[2025/07/14 19:06:17] ppsci INFO: [Train][Epoch 2734/6666][Iter  5/15] lr: 0.00006, loss: 0.12450, sup: 0.12450, batch_cost: 0.16180s, reader_cost: 0.03894s, ips: 395.55, eta: 2:39:04
[2025/07/14 19:06:40] ppsci INFO: [Train][Epoch 2740/6666][Iter 15/15] lr: 0.00006, loss: 0.12886, sup: 0.12886, batch_cost: 0.15905s, reader_cost: 0.03944s, ips: 25.15, eta: 2:36:06
[2025/07/14 19:07:04] ppsci INFO: [Train][Epoch 2747/6666][Iter 10/15] lr: 0.00006, loss: 0.13649, sup: 0.13649, batch_cost: 0.16278s, reader_cost: 0.03903s, ips: 393.17, eta: 2:39:29
[2025/07/14 19:07:28] ppsci INFO: [Train][Epoch 2754/6666][Iter  5/15] lr: 0.00006, loss: 0.12773, sup: 0.12773, batch_cost: 0.16345s, reader_cost: 0.03947s, ips: 391.57, eta: 2:39:52
[2025/07/14 19:07:51] ppsci INFO: [Train][Epoch 2760/6666][Iter 15/15] lr: 0.00006, loss: 0.13430, sup: 0.13430, batch_cost: 0.16085s, reader_cost: 0.03847s, ips: 24.87, eta: 2:37:04
[2025/07/14 19:08:15] ppsci INFO: [Train][Epoch 2767/6666][Iter 10/15] lr: 0.00006, loss: 0.13285, sup: 0.13285, batch_cost: 0.16362s, reader_cost: 0.03772s, ips: 391.16, eta: 2:39:29
[2025/07/14 19:08:39] ppsci INFO: [Train][Epoch 2774/6666][Iter  5/15] lr: 0.00006, loss: 0.11165, sup: 0.11165, batch_cost: 0.16090s, reader_cost: 0.04080s, ips: 397.76, eta: 2:36:34
[2025/07/14 19:09:02] ppsci INFO: [Train][Epoch 2780/6666][Iter 15/15] lr: 0.00006, loss: 0.12905, sup: 0.12905, batch_cost: 0.16205s, reader_cost: 0.03791s, ips: 24.68, eta: 2:37:26
[2025/07/14 19:09:27] ppsci INFO: [Train][Epoch 2787/6666][Iter 10/15] lr: 0.00006, loss: 0.13712, sup: 0.13712, batch_cost: 0.16356s, reader_cost: 0.03731s, ips: 391.28, eta: 2:38:37
[2025/07/14 19:09:51] ppsci INFO: [Train][Epoch 2794/6666][Iter  5/15] lr: 0.00006, loss: 0.12561, sup: 0.12561, batch_cost: 0.16353s, reader_cost: 0.03767s, ips: 391.36, eta: 2:38:19
[2025/07/14 19:10:13] ppsci INFO: [Train][Epoch 2800/6666][Iter 15/15] lr: 0.00006, loss: 0.13318, sup: 0.13318, batch_cost: 0.16041s, reader_cost: 0.03846s, ips: 24.94, eta: 2:35:02
[2025/07/14 19:10:38] ppsci INFO: [Train][Epoch 2807/6666][Iter 10/15] lr: 0.00006, loss: 0.12987, sup: 0.12987, batch_cost: 0.16354s, reader_cost: 0.04180s, ips: 391.35, eta: 2:37:47
[2025/07/14 19:11:02] ppsci INFO: [Train][Epoch 2814/6666][Iter  5/15] lr: 0.00006, loss: 0.10571, sup: 0.10571, batch_cost: 0.16140s, reader_cost: 0.03841s, ips: 396.53, eta: 2:35:27
[2025/07/14 19:11:25] ppsci INFO: [Train][Epoch 2820/6666][Iter 15/15] lr: 0.00006, loss: 0.12407, sup: 0.12407, batch_cost: 0.16227s, reader_cost: 0.03518s, ips: 24.65, eta: 2:36:01
[2025/07/14 19:11:49] ppsci INFO: [Train][Epoch 2827/6666][Iter 10/15] lr: 0.00006, loss: 0.12519, sup: 0.12519, batch_cost: 0.16090s, reader_cost: 0.04015s, ips: 397.76, eta: 2:34:26
[2025/07/14 19:12:13] ppsci INFO: [Train][Epoch 2834/6666][Iter  5/15] lr: 0.00006, loss: 0.13601, sup: 0.13601, batch_cost: 0.16185s, reader_cost: 0.03901s, ips: 395.44, eta: 2:35:04
[2025/07/14 19:12:36] ppsci INFO: [Train][Epoch 2840/6666][Iter 15/15] lr: 0.00006, loss: 0.13138, sup: 0.13138, batch_cost: 0.16121s, reader_cost: 0.03766s, ips: 24.81, eta: 2:34:11
[2025/07/14 19:13:00] ppsci INFO: [Train][Epoch 2847/6666][Iter 10/15] lr: 0.00006, loss: 0.12991, sup: 0.12991, batch_cost: 0.16558s, reader_cost: 0.04004s, ips: 386.53, eta: 2:38:05
[2025/07/14 19:13:25] ppsci INFO: [Train][Epoch 2854/6666][Iter  5/15] lr: 0.00006, loss: 0.14862, sup: 0.14862, batch_cost: 0.16558s, reader_cost: 0.03795s, ips: 386.52, eta: 2:37:49
[2025/07/14 19:13:47] ppsci INFO: [Train][Epoch 2860/6666][Iter 15/15] lr: 0.00006, loss: 0.13079, sup: 0.13079, batch_cost: 0.16003s, reader_cost: 0.04009s, ips: 24.99, eta: 2:32:16
[2025/07/14 19:14:12] ppsci INFO: [Train][Epoch 2867/6666][Iter 10/15] lr: 0.00006, loss: 0.12897, sup: 0.12897, batch_cost: 0.16584s, reader_cost: 0.03736s, ips: 385.92, eta: 2:37:31
[2025/07/14 19:14:36] ppsci INFO: [Train][Epoch 2874/6666][Iter  5/15] lr: 0.00006, loss: 0.11344, sup: 0.11344, batch_cost: 0.16497s, reader_cost: 0.03724s, ips: 387.96, eta: 2:36:24
[2025/07/14 19:14:59] ppsci INFO: [Train][Epoch 2880/6666][Iter 15/15] lr: 0.00006, loss: 0.12656, sup: 0.12656, batch_cost: 0.16296s, reader_cost: 0.03773s, ips: 24.55, eta: 2:34:14
[2025/07/14 19:15:23] ppsci INFO: [Train][Epoch 2887/6666][Iter 10/15] lr: 0.00005, loss: 0.13763, sup: 0.13763, batch_cost: 0.16300s, reader_cost: 0.04070s, ips: 392.64, eta: 2:34:00
[2025/07/14 19:15:47] ppsci INFO: [Train][Epoch 2894/6666][Iter  5/15] lr: 0.00005, loss: 0.13298, sup: 0.13298, batch_cost: 0.16250s, reader_cost: 0.03909s, ips: 393.84, eta: 2:33:16
[2025/07/14 19:16:10] ppsci INFO: [Train][Epoch 2900/6666][Iter 15/15] lr: 0.00005, loss: 0.12799, sup: 0.12799, batch_cost: 0.15923s, reader_cost: 0.04177s, ips: 25.12, eta: 2:29:54
[2025/07/14 19:16:34] ppsci INFO: [Train][Epoch 2907/6666][Iter 10/15] lr: 0.00005, loss: 0.11272, sup: 0.11272, batch_cost: 0.16364s, reader_cost: 0.03786s, ips: 391.10, eta: 2:33:47
[2025/07/14 19:16:58] ppsci INFO: [Train][Epoch 2914/6666][Iter  5/15] lr: 0.00005, loss: 0.12074, sup: 0.12074, batch_cost: 0.16401s, reader_cost: 0.03869s, ips: 390.23, eta: 2:33:51
[2025/07/14 19:17:21] ppsci INFO: [Train][Epoch 2920/6666][Iter 15/15] lr: 0.00005, loss: 0.12628, sup: 0.12628, batch_cost: 0.16149s, reader_cost: 0.03937s, ips: 24.77, eta: 2:31:14
[2025/07/14 19:17:45] ppsci INFO: [Train][Epoch 2927/6666][Iter 10/15] lr: 0.00005, loss: 0.12275, sup: 0.12275, batch_cost: 0.16300s, reader_cost: 0.04020s, ips: 392.63, eta: 2:32:22
[2025/07/14 19:18:09] ppsci INFO: [Train][Epoch 2934/6666][Iter  5/15] lr: 0.00005, loss: 0.13428, sup: 0.13428, batch_cost: 0.16216s, reader_cost: 0.03924s, ips: 394.66, eta: 2:31:19
[2025/07/14 19:18:32] ppsci INFO: [Train][Epoch 2940/6666][Iter 15/15] lr: 0.00005, loss: 0.12556, sup: 0.12556, batch_cost: 0.16313s, reader_cost: 0.03926s, ips: 24.52, eta: 2:31:57
[2025/07/14 19:18:56] ppsci INFO: [Train][Epoch 2947/6666][Iter 10/15] lr: 0.00005, loss: 0.12954, sup: 0.12954, batch_cost: 0.16450s, reader_cost: 0.03921s, ips: 389.05, eta: 2:32:57
[2025/07/14 19:19:20] ppsci INFO: [Train][Epoch 2954/6666][Iter  5/15] lr: 0.00005, loss: 0.13065, sup: 0.13065, batch_cost: 0.16148s, reader_cost: 0.04170s, ips: 396.33, eta: 2:29:52
[2025/07/14 19:19:43] ppsci INFO: [Train][Epoch 2960/6666][Iter 15/15] lr: 0.00005, loss: 0.13626, sup: 0.13626, batch_cost: 0.16091s, reader_cost: 0.04112s, ips: 24.86, eta: 2:29:04
[2025/07/14 19:20:08] ppsci INFO: [Train][Epoch 2967/6666][Iter 10/15] lr: 0.00005, loss: 0.13469, sup: 0.13469, batch_cost: 0.16112s, reader_cost: 0.03806s, ips: 397.23, eta: 2:29:00
[2025/07/14 19:20:32] ppsci INFO: [Train][Epoch 2974/6666][Iter  5/15] lr: 0.00005, loss: 0.12607, sup: 0.12607, batch_cost: 0.16354s, reader_cost: 0.04141s, ips: 391.35, eta: 2:30:58
[2025/07/14 19:20:55] ppsci INFO: [Train][Epoch 2980/6666][Iter 15/15] lr: 0.00005, loss: 0.13712, sup: 0.13712, batch_cost: 0.16214s, reader_cost: 0.03946s, ips: 24.67, eta: 2:29:24
[2025/07/14 19:21:19] ppsci INFO: [Train][Epoch 2987/6666][Iter 10/15] lr: 0.00005, loss: 0.13042, sup: 0.13042, batch_cost: 0.16239s, reader_cost: 0.03850s, ips: 394.12, eta: 2:29:22
[2025/07/14 19:21:43] ppsci INFO: [Train][Epoch 2994/6666][Iter  5/15] lr: 0.00005, loss: 0.14271, sup: 0.14271, batch_cost: 0.16303s, reader_cost: 0.03683s, ips: 392.57, eta: 2:29:41
[2025/07/14 19:22:06] ppsci INFO: [Train][Epoch 3000/6666][Iter 15/15] lr: 0.00005, loss: 0.12481, sup: 0.12481, batch_cost: 0.16108s, reader_cost: 0.03950s, ips: 24.83, eta: 2:27:37
[2025/07/14 19:22:31] ppsci INFO: [Train][Epoch 3007/6666][Iter 10/15] lr: 0.00005, loss: 0.13032, sup: 0.13032, batch_cost: 0.16429s, reader_cost: 0.04014s, ips: 389.55, eta: 2:30:17
[2025/07/14 19:22:55] ppsci INFO: [Train][Epoch 3014/6666][Iter  5/15] lr: 0.00005, loss: 0.11504, sup: 0.11504, batch_cost: 0.16139s, reader_cost: 0.03954s, ips: 396.56, eta: 2:27:22
[2025/07/14 19:23:18] ppsci INFO: [Train][Epoch 3020/6666][Iter 15/15] lr: 0.00005, loss: 0.11800, sup: 0.11800, batch_cost: 0.16117s, reader_cost: 0.03968s, ips: 24.82, eta: 2:26:54
[2025/07/14 19:23:42] ppsci INFO: [Train][Epoch 3027/6666][Iter 10/15] lr: 0.00005, loss: 0.13865, sup: 0.13865, batch_cost: 0.16599s, reader_cost: 0.03918s, ips: 385.56, eta: 2:31:01
[2025/07/14 19:24:07] ppsci INFO: [Train][Epoch 3034/6666][Iter  5/15] lr: 0.00005, loss: 0.12824, sup: 0.12824, batch_cost: 0.16510s, reader_cost: 0.03731s, ips: 387.65, eta: 2:29:56
[2025/07/14 19:24:29] ppsci INFO: [Train][Epoch 3040/6666][Iter 15/15] lr: 0.00005, loss: 0.13758, sup: 0.13758, batch_cost: 0.16071s, reader_cost: 0.03935s, ips: 24.89, eta: 2:25:41
[2025/07/14 19:24:53] ppsci INFO: [Train][Epoch 3047/6666][Iter 10/15] lr: 0.00005, loss: 0.12690, sup: 0.12690, batch_cost: 0.16059s, reader_cost: 0.04113s, ips: 398.52, eta: 2:25:18
[2025/07/14 19:25:17] ppsci INFO: [Train][Epoch 3054/6666][Iter  5/15] lr: 0.00005, loss: 0.13390, sup: 0.13390, batch_cost: 0.16180s, reader_cost: 0.03589s, ips: 395.54, eta: 2:26:08
[2025/07/14 19:25:40] ppsci INFO: [Train][Epoch 3060/6666][Iter 15/15] lr: 0.00005, loss: 0.13604, sup: 0.13604, batch_cost: 0.16113s, reader_cost: 0.03997s, ips: 24.82, eta: 2:25:15
[2025/07/14 19:26:04] ppsci INFO: [Train][Epoch 3067/6666][Iter 10/15] lr: 0.00005, loss: 0.12713, sup: 0.12713, batch_cost: 0.16194s, reader_cost: 0.03920s, ips: 395.22, eta: 2:25:42
[2025/07/14 19:26:28] ppsci INFO: [Train][Epoch 3074/6666][Iter  5/15] lr: 0.00005, loss: 0.12107, sup: 0.12107, batch_cost: 0.16242s, reader_cost: 0.03803s, ips: 394.04, eta: 2:25:52
[2025/07/14 19:26:51] ppsci INFO: [Train][Epoch 3080/6666][Iter 15/15] lr: 0.00004, loss: 0.13036, sup: 0.13036, batch_cost: 0.16077s, reader_cost: 0.04067s, ips: 24.88, eta: 2:24:07
[2025/07/14 19:27:15] ppsci INFO: [Train][Epoch 3087/6666][Iter 10/15] lr: 0.00004, loss: 0.12302, sup: 0.12302, batch_cost: 0.16346s, reader_cost: 0.03986s, ips: 391.54, eta: 2:26:15
[2025/07/14 19:27:39] ppsci INFO: [Train][Epoch 3094/6666][Iter  5/15] lr: 0.00004, loss: 0.12157, sup: 0.12157, batch_cost: 0.16057s, reader_cost: 0.04001s, ips: 398.58, eta: 2:23:24
[2025/07/14 19:28:02] ppsci INFO: [Train][Epoch 3100/6666][Iter 15/15] lr: 0.00004, loss: 0.12690, sup: 0.12690, batch_cost: 0.16082s, reader_cost: 0.03637s, ips: 24.87, eta: 2:23:22
[2025/07/14 19:28:26] ppsci INFO: [Train][Epoch 3107/6666][Iter 10/15] lr: 0.00004, loss: 0.13675, sup: 0.13675, batch_cost: 0.16148s, reader_cost: 0.03923s, ips: 396.33, eta: 2:23:41
[2025/07/14 19:28:50] ppsci INFO: [Train][Epoch 3114/6666][Iter  5/15] lr: 0.00004, loss: 0.12337, sup: 0.12337, batch_cost: 0.16151s, reader_cost: 0.03929s, ips: 396.27, eta: 2:23:26
[2025/07/14 19:29:13] ppsci INFO: [Train][Epoch 3120/6666][Iter 15/15] lr: 0.00004, loss: 0.12136, sup: 0.12136, batch_cost: 0.16235s, reader_cost: 0.03924s, ips: 24.64, eta: 2:23:55
[2025/07/14 19:29:37] ppsci INFO: [Train][Epoch 3127/6666][Iter 10/15] lr: 0.00004, loss: 0.12849, sup: 0.12849, batch_cost: 0.16373s, reader_cost: 0.03715s, ips: 390.89, eta: 2:24:52
[2025/07/14 19:30:02] ppsci INFO: [Train][Epoch 3134/6666][Iter  5/15] lr: 0.00004, loss: 0.14491, sup: 0.14491, batch_cost: 0.16358s, reader_cost: 0.03856s, ips: 391.26, eta: 2:24:27
[2025/07/14 19:30:25] ppsci INFO: [Train][Epoch 3140/6666][Iter 15/15] lr: 0.00004, loss: 0.13803, sup: 0.13803, batch_cost: 0.16116s, reader_cost: 0.03781s, ips: 24.82, eta: 2:22:03
[2025/07/14 19:30:49] ppsci INFO: [Train][Epoch 3147/6666][Iter 10/15] lr: 0.00004, loss: 0.12695, sup: 0.12695, batch_cost: 0.16183s, reader_cost: 0.03913s, ips: 395.49, eta: 2:22:22
[2025/07/14 19:31:13] ppsci INFO: [Train][Epoch 3154/6666][Iter  5/15] lr: 0.00004, loss: 0.12998, sup: 0.12998, batch_cost: 0.16014s, reader_cost: 0.04038s, ips: 399.65, eta: 2:20:37
[2025/07/14 19:31:35] ppsci INFO: [Train][Epoch 3160/6666][Iter 15/15] lr: 0.00004, loss: 0.12251, sup: 0.12251, batch_cost: 0.16102s, reader_cost: 0.04088s, ips: 24.84, eta: 2:21:08
[2025/07/14 19:32:00] ppsci INFO: [Train][Epoch 3167/6666][Iter 10/15] lr: 0.00004, loss: 0.12679, sup: 0.12679, batch_cost: 0.16337s, reader_cost: 0.04096s, ips: 391.75, eta: 2:22:55
[2025/07/14 19:32:24] ppsci INFO: [Train][Epoch 3174/6666][Iter  5/15] lr: 0.00004, loss: 0.14502, sup: 0.14502, batch_cost: 0.16351s, reader_cost: 0.03916s, ips: 391.42, eta: 2:22:46
[2025/07/14 19:32:47] ppsci INFO: [Train][Epoch 3180/6666][Iter 15/15] lr: 0.00004, loss: 0.14403, sup: 0.14403, batch_cost: 0.16171s, reader_cost: 0.04013s, ips: 24.74, eta: 2:20:55
[2025/07/14 19:33:12] ppsci INFO: [Train][Epoch 3187/6666][Iter 10/15] lr: 0.00004, loss: 0.12024, sup: 0.12024, batch_cost: 0.16341s, reader_cost: 0.03967s, ips: 391.66, eta: 2:22:08
[2025/07/14 19:33:36] ppsci INFO: [Train][Epoch 3194/6666][Iter  5/15] lr: 0.00004, loss: 0.12130, sup: 0.12130, batch_cost: 0.16526s, reader_cost: 0.03792s, ips: 387.27, eta: 2:23:28
[2025/07/14 19:33:59] ppsci INFO: [Train][Epoch 3200/6666][Iter 15/15] lr: 0.00004, loss: 0.14254, sup: 0.14254, batch_cost: 0.16174s, reader_cost: 0.03918s, ips: 24.73, eta: 2:20:09
[2025/07/14 19:34:24] ppsci INFO: [Train][Epoch 3207/6666][Iter 10/15] lr: 0.00004, loss: 0.13047, sup: 0.13047, batch_cost: 0.16470s, reader_cost: 0.03824s, ips: 388.59, eta: 2:22:26
[2025/07/14 19:34:48] ppsci INFO: [Train][Epoch 3214/6666][Iter  5/15] lr: 0.00004, loss: 0.12252, sup: 0.12252, batch_cost: 0.16174s, reader_cost: 0.03927s, ips: 395.70, eta: 2:19:36
[2025/07/14 19:35:11] ppsci INFO: [Train][Epoch 3220/6666][Iter 15/15] lr: 0.00004, loss: 0.13736, sup: 0.13736, batch_cost: 0.16236s, reader_cost: 0.03777s, ips: 24.64, eta: 2:19:52
[2025/07/14 19:35:35] ppsci INFO: [Train][Epoch 3227/6666][Iter 10/15] lr: 0.00004, loss: 0.12900, sup: 0.12900, batch_cost: 0.16248s, reader_cost: 0.03966s, ips: 393.90, eta: 2:19:42
[2025/07/14 19:35:59] ppsci INFO: [Train][Epoch 3234/6666][Iter  5/15] lr: 0.00004, loss: 0.13395, sup: 0.13395, batch_cost: 0.16332s, reader_cost: 0.03853s, ips: 391.88, eta: 2:20:09
[2025/07/14 19:36:22] ppsci INFO: [Train][Epoch 3240/6666][Iter 15/15] lr: 0.00004, loss: 0.12443, sup: 0.12443, batch_cost: 0.16177s, reader_cost: 0.03791s, ips: 24.73, eta: 2:18:33
[2025/07/14 19:36:47] ppsci INFO: [Train][Epoch 3247/6666][Iter 10/15] lr: 0.00004, loss: 0.13235, sup: 0.13235, batch_cost: 0.16446s, reader_cost: 0.03946s, ips: 389.15, eta: 2:20:35
[2025/07/14 19:37:11] ppsci INFO: [Train][Epoch 3254/6666][Iter  5/15] lr: 0.00004, loss: 0.12265, sup: 0.12265, batch_cost: 0.16075s, reader_cost: 0.03921s, ips: 398.13, eta: 2:17:08
[2025/07/14 19:37:33] ppsci INFO: [Train][Epoch 3260/6666][Iter 15/15] lr: 0.00004, loss: 0.13055, sup: 0.13055, batch_cost: 0.15893s, reader_cost: 0.04113s, ips: 25.17, eta: 2:15:19
[2025/07/14 19:37:57] ppsci INFO: [Train][Epoch 3267/6666][Iter 10/15] lr: 0.00004, loss: 0.13087, sup: 0.13087, batch_cost: 0.16048s, reader_cost: 0.04096s, ips: 398.81, eta: 2:16:22
[2025/07/14 19:38:21] ppsci INFO: [Train][Epoch 3274/6666][Iter  5/15] lr: 0.00004, loss: 0.12306, sup: 0.12306, batch_cost: 0.16136s, reader_cost: 0.03875s, ips: 396.62, eta: 2:16:51
[2025/07/14 19:38:44] ppsci INFO: [Train][Epoch 3280/6666][Iter 15/15] lr: 0.00004, loss: 0.12853, sup: 0.12853, batch_cost: 0.15953s, reader_cost: 0.03955s, ips: 25.07, eta: 2:15:02
[2025/07/14 19:39:08] ppsci INFO: [Train][Epoch 3287/6666][Iter 10/15] lr: 0.00004, loss: 0.12798, sup: 0.12798, batch_cost: 0.16299s, reader_cost: 0.03937s, ips: 392.65, eta: 2:17:42
[2025/07/14 19:39:32] ppsci INFO: [Train][Epoch 3294/6666][Iter  5/15] lr: 0.00004, loss: 0.11974, sup: 0.11974, batch_cost: 0.16187s, reader_cost: 0.04013s, ips: 395.37, eta: 2:16:29
[2025/07/14 19:39:56] ppsci INFO: [Train][Epoch 3300/6666][Iter 15/15] lr: 0.00004, loss: 0.13034, sup: 0.13034, batch_cost: 0.16111s, reader_cost: 0.03758s, ips: 24.83, eta: 2:15:34
[2025/07/14 19:40:20] ppsci INFO: [Train][Epoch 3307/6666][Iter 10/15] lr: 0.00004, loss: 0.12187, sup: 0.12187, batch_cost: 0.16260s, reader_cost: 0.04021s, ips: 393.61, eta: 2:16:33
[2025/07/14 19:40:44] ppsci INFO: [Train][Epoch 3314/6666][Iter  5/15] lr: 0.00004, loss: 0.14219, sup: 0.14219, batch_cost: 0.16096s, reader_cost: 0.03872s, ips: 397.60, eta: 2:14:54
[2025/07/14 19:41:07] ppsci INFO: [Train][Epoch 3320/6666][Iter 15/15] lr: 0.00003, loss: 0.13443, sup: 0.13443, batch_cost: 0.16096s, reader_cost: 0.03946s, ips: 24.85, eta: 2:14:38
[2025/07/14 19:41:31] ppsci INFO: [Train][Epoch 3327/6666][Iter 10/15] lr: 0.00003, loss: 0.13353, sup: 0.13353, batch_cost: 0.16187s, reader_cost: 0.03882s, ips: 395.39, eta: 2:15:07
[2025/07/14 19:41:56] ppsci INFO: [Train][Epoch 3334/6666][Iter  5/15] lr: 0.00003, loss: 0.14492, sup: 0.14492, batch_cost: 0.16227s, reader_cost: 0.03984s, ips: 394.41, eta: 2:15:11
[2025/07/14 19:42:19] ppsci INFO: [Train][Epoch 3340/6666][Iter 15/15] lr: 0.00003, loss: 0.13475, sup: 0.13475, batch_cost: 0.16291s, reader_cost: 0.03700s, ips: 24.55, eta: 2:15:27
[2025/07/14 19:42:44] ppsci INFO: [Train][Epoch 3347/6666][Iter 10/15] lr: 0.00003, loss: 0.13265, sup: 0.13265, batch_cost: 0.16484s, reader_cost: 0.03844s, ips: 388.25, eta: 2:16:47
[2025/07/14 19:43:08] ppsci INFO: [Train][Epoch 3354/6666][Iter  5/15] lr: 0.00003, loss: 0.13823, sup: 0.13823, batch_cost: 0.16499s, reader_cost: 0.03888s, ips: 387.90, eta: 2:16:38
[2025/07/14 19:43:31] ppsci INFO: [Train][Epoch 3360/6666][Iter 15/15] lr: 0.00003, loss: 0.12541, sup: 0.12541, batch_cost: 0.16177s, reader_cost: 0.04081s, ips: 24.73, eta: 2:13:42
[2025/07/14 19:43:56] ppsci INFO: [Train][Epoch 3367/6666][Iter 10/15] lr: 0.00003, loss: 0.13275, sup: 0.13275, batch_cost: 0.16181s, reader_cost: 0.04061s, ips: 395.52, eta: 2:13:28
[2025/07/14 19:44:20] ppsci INFO: [Train][Epoch 3374/6666][Iter  5/15] lr: 0.00003, loss: 0.13182, sup: 0.13182, batch_cost: 0.16359s, reader_cost: 0.03811s, ips: 391.21, eta: 2:14:39
[2025/07/14 19:44:43] ppsci INFO: [Train][Epoch 3380/6666][Iter 15/15] lr: 0.00003, loss: 0.13167, sup: 0.13167, batch_cost: 0.16163s, reader_cost: 0.03864s, ips: 24.75, eta: 2:12:46
[2025/07/14 19:45:07] ppsci INFO: [Train][Epoch 3387/6666][Iter 10/15] lr: 0.00003, loss: 0.13735, sup: 0.13735, batch_cost: 0.16394s, reader_cost: 0.03841s, ips: 390.40, eta: 2:14:24
[2025/07/14 19:45:32] ppsci INFO: [Train][Epoch 3394/6666][Iter  5/15] lr: 0.00003, loss: 0.12001, sup: 0.12001, batch_cost: 0.16317s, reader_cost: 0.03875s, ips: 392.23, eta: 2:13:29
[2025/07/14 19:45:55] ppsci INFO: [Train][Epoch 3400/6666][Iter 15/15] lr: 0.00003, loss: 0.13003, sup: 0.13003, batch_cost: 0.16194s, reader_cost: 0.03955s, ips: 24.70, eta: 2:12:13
[2025/07/14 19:46:20] ppsci INFO: [Train][Epoch 3407/6666][Iter 10/15] lr: 0.00003, loss: 0.13916, sup: 0.13916, batch_cost: 0.16445s, reader_cost: 0.03990s, ips: 389.18, eta: 2:13:59
[2025/07/14 19:46:44] ppsci INFO: [Train][Epoch 3414/6666][Iter  5/15] lr: 0.00003, loss: 0.11987, sup: 0.11987, batch_cost: 0.16170s, reader_cost: 0.03973s, ips: 395.80, eta: 2:11:29
[2025/07/14 19:47:07] ppsci INFO: [Train][Epoch 3420/6666][Iter 15/15] lr: 0.00003, loss: 0.12537, sup: 0.12537, batch_cost: 0.15908s, reader_cost: 0.03999s, ips: 25.15, eta: 2:09:05
[2025/07/14 19:47:31] ppsci INFO: [Train][Epoch 3427/6666][Iter 10/15] lr: 0.00003, loss: 0.13344, sup: 0.13344, batch_cost: 0.16513s, reader_cost: 0.03886s, ips: 387.58, eta: 2:13:43
[2025/07/14 19:47:55] ppsci INFO: [Train][Epoch 3434/6666][Iter  5/15] lr: 0.00003, loss: 0.12150, sup: 0.12150, batch_cost: 0.16269s, reader_cost: 0.04032s, ips: 393.38, eta: 2:11:28
[2025/07/14 19:48:19] ppsci INFO: [Train][Epoch 3440/6666][Iter 15/15] lr: 0.00003, loss: 0.13432, sup: 0.13432, batch_cost: 0.16411s, reader_cost: 0.04069s, ips: 24.37, eta: 2:12:21
[2025/07/14 19:48:43] ppsci INFO: [Train][Epoch 3447/6666][Iter 10/15] lr: 0.00003, loss: 0.11773, sup: 0.11773, batch_cost: 0.16361s, reader_cost: 0.03758s, ips: 391.17, eta: 2:11:40
[2025/07/14 19:49:07] ppsci INFO: [Train][Epoch 3454/6666][Iter  5/15] lr: 0.00003, loss: 0.12877, sup: 0.12877, batch_cost: 0.16342s, reader_cost: 0.03958s, ips: 391.62, eta: 2:11:15
[2025/07/14 19:49:30] ppsci INFO: [Train][Epoch 3460/6666][Iter 15/15] lr: 0.00003, loss: 0.12597, sup: 0.12597, batch_cost: 0.16222s, reader_cost: 0.03644s, ips: 24.66, eta: 2:10:01
[2025/07/14 19:49:55] ppsci INFO: [Train][Epoch 3467/6666][Iter 10/15] lr: 0.00003, loss: 0.13578, sup: 0.13578, batch_cost: 0.16362s, reader_cost: 0.03842s, ips: 391.15, eta: 2:10:52
[2025/07/14 19:50:19] ppsci INFO: [Train][Epoch 3474/6666][Iter  5/15] lr: 0.00003, loss: 0.13815, sup: 0.13815, batch_cost: 0.16498s, reader_cost: 0.03893s, ips: 387.93, eta: 2:11:40
[2025/07/14 19:50:42] ppsci INFO: [Train][Epoch 3480/6666][Iter 15/15] lr: 0.00003, loss: 0.14183, sup: 0.14183, batch_cost: 0.16025s, reader_cost: 0.04021s, ips: 24.96, eta: 2:07:38
[2025/07/14 19:51:07] ppsci INFO: [Train][Epoch 3487/6666][Iter 10/15] lr: 0.00003, loss: 0.12272, sup: 0.12272, batch_cost: 0.16209s, reader_cost: 0.04141s, ips: 394.84, eta: 2:08:50
[2025/07/14 19:51:31] ppsci INFO: [Train][Epoch 3494/6666][Iter  5/15] lr: 0.00003, loss: 0.13981, sup: 0.13981, batch_cost: 0.16204s, reader_cost: 0.03974s, ips: 394.97, eta: 2:08:31
[2025/07/14 19:51:54] ppsci INFO: [Train][Epoch 3500/6666][Iter 15/15] lr: 0.00003, loss: 0.12447, sup: 0.12447, batch_cost: 0.16069s, reader_cost: 0.03982s, ips: 24.89, eta: 2:07:11
[2025/07/14 19:52:18] ppsci INFO: [Train][Epoch 3507/6666][Iter 10/15] lr: 0.00003, loss: 0.11772, sup: 0.11772, batch_cost: 0.16501s, reader_cost: 0.04028s, ips: 387.86, eta: 2:10:19
[2025/07/14 19:52:42] ppsci INFO: [Train][Epoch 3514/6666][Iter  5/15] lr: 0.00003, loss: 0.14019, sup: 0.14019, batch_cost: 0.16106s, reader_cost: 0.04009s, ips: 397.36, eta: 2:06:56
[2025/07/14 19:53:05] ppsci INFO: [Train][Epoch 3520/6666][Iter 15/15] lr: 0.00003, loss: 0.12284, sup: 0.12284, batch_cost: 0.16006s, reader_cost: 0.03890s, ips: 24.99, eta: 2:05:53
[2025/07/14 19:53:30] ppsci INFO: [Train][Epoch 3527/6666][Iter 10/15] lr: 0.00003, loss: 0.13308, sup: 0.13308, batch_cost: 0.16478s, reader_cost: 0.03858s, ips: 388.40, eta: 2:09:19
[2025/07/14 19:53:54] ppsci INFO: [Train][Epoch 3534/6666][Iter  5/15] lr: 0.00003, loss: 0.11657, sup: 0.11657, batch_cost: 0.16314s, reader_cost: 0.03965s, ips: 392.29, eta: 2:07:46
[2025/07/14 19:54:16] ppsci INFO: [Train][Epoch 3540/6666][Iter 15/15] lr: 0.00003, loss: 0.13402, sup: 0.13402, batch_cost: 0.15670s, reader_cost: 0.04167s, ips: 25.53, eta: 2:02:27
[2025/07/14 19:54:41] ppsci INFO: [Train][Epoch 3547/6666][Iter 10/15] lr: 0.00003, loss: 0.12383, sup: 0.12383, batch_cost: 0.16437s, reader_cost: 0.03866s, ips: 389.37, eta: 2:08:10
[2025/07/14 19:55:05] ppsci INFO: [Train][Epoch 3554/6666][Iter  5/15] lr: 0.00003, loss: 0.12524, sup: 0.12524, batch_cost: 0.16146s, reader_cost: 0.03716s, ips: 396.39, eta: 2:05:38
[2025/07/14 19:55:28] ppsci INFO: [Train][Epoch 3560/6666][Iter 15/15] lr: 0.00003, loss: 0.14457, sup: 0.14457, batch_cost: 0.16210s, reader_cost: 0.03781s, ips: 24.68, eta: 2:05:52
[2025/07/14 19:55:53] ppsci INFO: [Train][Epoch 3567/6666][Iter 10/15] lr: 0.00003, loss: 0.12629, sup: 0.12629, batch_cost: 0.16591s, reader_cost: 0.03852s, ips: 385.75, eta: 2:08:33
[2025/07/14 19:56:17] ppsci INFO: [Train][Epoch 3574/6666][Iter  5/15] lr: 0.00003, loss: 0.14072, sup: 0.14072, batch_cost: 0.16306s, reader_cost: 0.04064s, ips: 392.49, eta: 2:06:04
[2025/07/14 19:56:40] ppsci INFO: [Train][Epoch 3580/6666][Iter 15/15] lr: 0.00003, loss: 0.13196, sup: 0.13196, batch_cost: 0.16583s, reader_cost: 0.04016s, ips: 24.12, eta: 2:07:56
[2025/07/14 19:57:04] ppsci INFO: [Train][Epoch 3587/6666][Iter 10/15] lr: 0.00003, loss: 0.12814, sup: 0.12814, batch_cost: 0.16177s, reader_cost: 0.03890s, ips: 395.62, eta: 2:04:32
[2025/07/14 19:57:29] ppsci INFO: [Train][Epoch 3594/6666][Iter  5/15] lr: 0.00003, loss: 0.10047, sup: 0.10047, batch_cost: 0.16248s, reader_cost: 0.04207s, ips: 393.90, eta: 2:04:48
[2025/07/14 19:57:52] ppsci INFO: [Train][Epoch 3600/6666][Iter 15/15] lr: 0.00003, loss: 0.13612, sup: 0.13612, batch_cost: 0.16296s, reader_cost: 0.03781s, ips: 24.55, eta: 2:04:54
[2025/07/14 19:58:16] ppsci INFO: [Train][Epoch 3607/6666][Iter 10/15] lr: 0.00003, loss: 0.13187, sup: 0.13187, batch_cost: 0.16389s, reader_cost: 0.03865s, ips: 390.50, eta: 2:05:21
[2025/07/14 19:58:40] ppsci INFO: [Train][Epoch 3614/6666][Iter  5/15] lr: 0.00003, loss: 0.15028, sup: 0.15028, batch_cost: 0.16157s, reader_cost: 0.04137s, ips: 396.11, eta: 2:03:18
[2025/07/14 19:59:04] ppsci INFO: [Train][Epoch 3620/6666][Iter 15/15] lr: 0.00003, loss: 0.12185, sup: 0.12185, batch_cost: 0.16161s, reader_cost: 0.03860s, ips: 24.75, eta: 2:03:03
[2025/07/14 19:59:28] ppsci INFO: [Train][Epoch 3627/6666][Iter 10/15] lr: 0.00003, loss: 0.12499, sup: 0.12499, batch_cost: 0.16345s, reader_cost: 0.03936s, ips: 391.56, eta: 2:04:11
[2025/07/14 19:59:52] ppsci INFO: [Train][Epoch 3634/6666][Iter  5/15] lr: 0.00003, loss: 0.11727, sup: 0.11727, batch_cost: 0.16471s, reader_cost: 0.03710s, ips: 388.56, eta: 2:04:52
[2025/07/14 20:00:15] ppsci INFO: [Train][Epoch 3640/6666][Iter 15/15] lr: 0.00002, loss: 0.12396, sup: 0.12396, batch_cost: 0.15978s, reader_cost: 0.04010s, ips: 25.03, eta: 2:00:52
[2025/07/14 20:00:40] ppsci INFO: [Train][Epoch 3647/6666][Iter 10/15] lr: 0.00002, loss: 0.11635, sup: 0.11635, batch_cost: 0.16223s, reader_cost: 0.03946s, ips: 394.51, eta: 2:02:27
[2025/07/14 20:01:04] ppsci INFO: [Train][Epoch 3654/6666][Iter  5/15] lr: 0.00002, loss: 0.12077, sup: 0.12077, batch_cost: 0.16012s, reader_cost: 0.03777s, ips: 399.71, eta: 2:00:35
[2025/07/14 20:01:27] ppsci INFO: [Train][Epoch 3660/6666][Iter 15/15] lr: 0.00002, loss: 0.13085, sup: 0.13085, batch_cost: 0.16095s, reader_cost: 0.04069s, ips: 24.85, eta: 2:00:57
[2025/07/14 20:01:51] ppsci INFO: [Train][Epoch 3667/6666][Iter 10/15] lr: 0.00002, loss: 0.12537, sup: 0.12537, batch_cost: 0.16350s, reader_cost: 0.04035s, ips: 391.43, eta: 2:02:36
[2025/07/14 20:02:16] ppsci INFO: [Train][Epoch 3674/6666][Iter  5/15] lr: 0.00002, loss: 0.11952, sup: 0.11952, batch_cost: 0.16340s, reader_cost: 0.03771s, ips: 391.68, eta: 2:02:14
[2025/07/14 20:02:39] ppsci INFO: [Train][Epoch 3680/6666][Iter 15/15] lr: 0.00002, loss: 0.12894, sup: 0.12894, batch_cost: 0.16158s, reader_cost: 0.03746s, ips: 24.76, eta: 2:00:37
[2025/07/14 20:03:04] ppsci INFO: [Train][Epoch 3687/6666][Iter 10/15] lr: 0.00002, loss: 0.12954, sup: 0.12954, batch_cost: 0.16408s, reader_cost: 0.03824s, ips: 390.06, eta: 2:02:12
[2025/07/14 20:03:28] ppsci INFO: [Train][Epoch 3694/6666][Iter  5/15] lr: 0.00002, loss: 0.11485, sup: 0.11485, batch_cost: 0.16501s, reader_cost: 0.03841s, ips: 387.85, eta: 2:02:37
[2025/07/14 20:03:51] ppsci INFO: [Train][Epoch 3700/6666][Iter 15/15] lr: 0.00002, loss: 0.12820, sup: 0.12820, batch_cost: 0.16131s, reader_cost: 0.03749s, ips: 24.80, eta: 1:59:36
[2025/07/14 20:04:15] ppsci INFO: [Train][Epoch 3707/6666][Iter 10/15] lr: 0.00002, loss: 0.12533, sup: 0.12533, batch_cost: 0.16337s, reader_cost: 0.03866s, ips: 391.76, eta: 2:00:51
[2025/07/14 20:04:39] ppsci INFO: [Train][Epoch 3714/6666][Iter  5/15] lr: 0.00002, loss: 0.15192, sup: 0.15192, batch_cost: 0.16289s, reader_cost: 0.03958s, ips: 392.91, eta: 2:00:14
[2025/07/14 20:05:02] ppsci INFO: [Train][Epoch 3720/6666][Iter 15/15] lr: 0.00002, loss: 0.12977, sup: 0.12977, batch_cost: 0.16181s, reader_cost: 0.04014s, ips: 24.72, eta: 1:59:10
[2025/07/14 20:05:27] ppsci INFO: [Train][Epoch 3727/6666][Iter 10/15] lr: 0.00002, loss: 0.13024, sup: 0.13024, batch_cost: 0.16152s, reader_cost: 0.03965s, ips: 396.24, eta: 1:58:41
[2025/07/14 20:05:51] ppsci INFO: [Train][Epoch 3734/6666][Iter  5/15] lr: 0.00002, loss: 0.12440, sup: 0.12440, batch_cost: 0.16113s, reader_cost: 0.03909s, ips: 397.19, eta: 1:58:08
[2025/07/14 20:06:14] ppsci INFO: [Train][Epoch 3740/6666][Iter 15/15] lr: 0.00002, loss: 0.11649, sup: 0.11649, batch_cost: 0.16298s, reader_cost: 0.03822s, ips: 24.54, eta: 1:59:13
[2025/07/14 20:06:38] ppsci INFO: [Train][Epoch 3747/6666][Iter 10/15] lr: 0.00002, loss: 0.13084, sup: 0.13084, batch_cost: 0.16107s, reader_cost: 0.04156s, ips: 397.34, eta: 1:57:33
[2025/07/14 20:07:03] ppsci INFO: [Train][Epoch 3754/6666][Iter  5/15] lr: 0.00002, loss: 0.13109, sup: 0.13109, batch_cost: 0.16308s, reader_cost: 0.04023s, ips: 392.45, eta: 1:58:44
[2025/07/14 20:07:26] ppsci INFO: [Train][Epoch 3760/6666][Iter 15/15] lr: 0.00002, loss: 0.12422, sup: 0.12422, batch_cost: 0.16282s, reader_cost: 0.03952s, ips: 24.57, eta: 1:58:17
[2025/07/14 20:07:51] ppsci INFO: [Train][Epoch 3767/6666][Iter 10/15] lr: 0.00002, loss: 0.12793, sup: 0.12793, batch_cost: 0.16367s, reader_cost: 0.03830s, ips: 391.02, eta: 1:58:38
[2025/07/14 20:08:15] ppsci INFO: [Train][Epoch 3774/6666][Iter  5/15] lr: 0.00002, loss: 0.11984, sup: 0.11984, batch_cost: 0.16324s, reader_cost: 0.03910s, ips: 392.05, eta: 1:58:03
[2025/07/14 20:08:38] ppsci INFO: [Train][Epoch 3780/6666][Iter 15/15] lr: 0.00002, loss: 0.12476, sup: 0.12476, batch_cost: 0.16213s, reader_cost: 0.03972s, ips: 24.67, eta: 1:56:58
[2025/07/14 20:09:02] ppsci INFO: [Train][Epoch 3787/6666][Iter 10/15] lr: 0.00002, loss: 0.12484, sup: 0.12484, batch_cost: 0.16336s, reader_cost: 0.03927s, ips: 391.78, eta: 1:57:35
[2025/07/14 20:09:27] ppsci INFO: [Train][Epoch 3794/6666][Iter  5/15] lr: 0.00002, loss: 0.13002, sup: 0.13002, batch_cost: 0.16123s, reader_cost: 0.03949s, ips: 396.96, eta: 1:55:47
[2025/07/14 20:09:49] ppsci INFO: [Train][Epoch 3800/6666][Iter 15/15] lr: 0.00002, loss: 0.13748, sup: 0.13748, batch_cost: 0.16085s, reader_cost: 0.03854s, ips: 24.87, eta: 1:55:14
[2025/07/14 20:10:14] ppsci INFO: [Train][Epoch 3807/6666][Iter 10/15] lr: 0.00002, loss: 0.11935, sup: 0.11935, batch_cost: 0.16337s, reader_cost: 0.03843s, ips: 391.75, eta: 1:56:46
[2025/07/14 20:10:38] ppsci INFO: [Train][Epoch 3814/6666][Iter  5/15] lr: 0.00002, loss: 0.13709, sup: 0.13709, batch_cost: 0.16255s, reader_cost: 0.03830s, ips: 393.73, eta: 1:55:55
[2025/07/14 20:11:01] ppsci INFO: [Train][Epoch 3820/6666][Iter 15/15] lr: 0.00002, loss: 0.13286, sup: 0.13286, batch_cost: 0.16068s, reader_cost: 0.03881s, ips: 24.89, eta: 1:54:19
[2025/07/14 20:11:25] ppsci INFO: [Train][Epoch 3827/6666][Iter 10/15] lr: 0.00002, loss: 0.12303, sup: 0.12303, batch_cost: 0.16311s, reader_cost: 0.03954s, ips: 392.38, eta: 1:55:46
[2025/07/14 20:11:50] ppsci INFO: [Train][Epoch 3834/6666][Iter  5/15] lr: 0.00002, loss: 0.11230, sup: 0.11230, batch_cost: 0.16450s, reader_cost: 0.03807s, ips: 389.05, eta: 1:56:29
[2025/07/14 20:12:13] ppsci INFO: [Train][Epoch 3840/6666][Iter 15/15] lr: 0.00002, loss: 0.14209, sup: 0.14209, batch_cost: 0.16179s, reader_cost: 0.03840s, ips: 24.72, eta: 1:54:18
[2025/07/14 20:12:37] ppsci INFO: [Train][Epoch 3847/6666][Iter 10/15] lr: 0.00002, loss: 0.12230, sup: 0.12230, batch_cost: 0.16082s, reader_cost: 0.04141s, ips: 397.96, eta: 1:53:21
[2025/07/14 20:13:01] ppsci INFO: [Train][Epoch 3854/6666][Iter  5/15] lr: 0.00002, loss: 0.12936, sup: 0.12936, batch_cost: 0.16142s, reader_cost: 0.03868s, ips: 396.47, eta: 1:53:30
[2025/07/14 20:13:23] ppsci INFO: [Train][Epoch 3860/6666][Iter 15/15] lr: 0.00002, loss: 0.11377, sup: 0.11377, batch_cost: 0.15920s, reader_cost: 0.03978s, ips: 25.13, eta: 1:51:40
[2025/07/14 20:13:48] ppsci INFO: [Train][Epoch 3867/6666][Iter 10/15] lr: 0.00002, loss: 0.11641, sup: 0.11641, batch_cost: 0.16421s, reader_cost: 0.04178s, ips: 389.75, eta: 1:54:55
[2025/07/14 20:14:12] ppsci INFO: [Train][Epoch 3874/6666][Iter  5/15] lr: 0.00002, loss: 0.12886, sup: 0.12886, batch_cost: 0.16245s, reader_cost: 0.03842s, ips: 393.97, eta: 1:53:25
[2025/07/14 20:14:35] ppsci INFO: [Train][Epoch 3880/6666][Iter 15/15] lr: 0.00002, loss: 0.12611, sup: 0.12611, batch_cost: 0.16071s, reader_cost: 0.04018s, ips: 24.89, eta: 1:51:56
[2025/07/14 20:14:59] ppsci INFO: [Train][Epoch 3887/6666][Iter 10/15] lr: 0.00002, loss: 0.13287, sup: 0.13287, batch_cost: 0.16479s, reader_cost: 0.03778s, ips: 388.37, eta: 1:54:30
[2025/07/14 20:15:23] ppsci INFO: [Train][Epoch 3894/6666][Iter  5/15] lr: 0.00002, loss: 0.13849, sup: 0.13849, batch_cost: 0.16120s, reader_cost: 0.04043s, ips: 397.01, eta: 1:51:44
[2025/07/14 20:15:46] ppsci INFO: [Train][Epoch 3900/6666][Iter 15/15] lr: 0.00002, loss: 0.12443, sup: 0.12443, batch_cost: 0.16059s, reader_cost: 0.03766s, ips: 24.91, eta: 1:51:02
[2025/07/14 20:16:11] ppsci INFO: [Train][Epoch 3907/6666][Iter 10/15] lr: 0.00002, loss: 0.13471, sup: 0.13471, batch_cost: 0.16386s, reader_cost: 0.03496s, ips: 390.58, eta: 1:53:02
[2025/07/14 20:16:35] ppsci INFO: [Train][Epoch 3914/6666][Iter  5/15] lr: 0.00002, loss: 0.11986, sup: 0.11986, batch_cost: 0.15804s, reader_cost: 0.04122s, ips: 404.97, eta: 1:48:45
[2025/07/14 20:16:58] ppsci INFO: [Train][Epoch 3920/6666][Iter 15/15] lr: 0.00002, loss: 0.12672, sup: 0.12672, batch_cost: 0.16203s, reader_cost: 0.03852s, ips: 24.69, eta: 1:51:14
[2025/07/14 20:17:22] ppsci INFO: [Train][Epoch 3927/6666][Iter 10/15] lr: 0.00002, loss: 0.12602, sup: 0.12602, batch_cost: 0.16411s, reader_cost: 0.03911s, ips: 389.99, eta: 1:52:23
[2025/07/14 20:17:47] ppsci INFO: [Train][Epoch 3934/6666][Iter  5/15] lr: 0.00002, loss: 0.11880, sup: 0.11880, batch_cost: 0.16248s, reader_cost: 0.03911s, ips: 393.89, eta: 1:51:00
[2025/07/14 20:18:09] ppsci INFO: [Train][Epoch 3940/6666][Iter 15/15] lr: 0.00002, loss: 0.13046, sup: 0.13046, batch_cost: 0.15829s, reader_cost: 0.03928s, ips: 25.27, eta: 1:47:52
[2025/07/14 20:18:34] ppsci INFO: [Train][Epoch 3947/6666][Iter 10/15] lr: 0.00002, loss: 0.11743, sup: 0.11743, batch_cost: 0.16226s, reader_cost: 0.03987s, ips: 394.44, eta: 1:50:18
[2025/07/14 20:18:58] ppsci INFO: [Train][Epoch 3954/6666][Iter  5/15] lr: 0.00002, loss: 0.13059, sup: 0.13059, batch_cost: 0.16257s, reader_cost: 0.03819s, ips: 393.68, eta: 1:50:14
[2025/07/14 20:19:21] ppsci INFO: [Train][Epoch 3960/6666][Iter 15/15] lr: 0.00002, loss: 0.13228, sup: 0.13228, batch_cost: 0.16045s, reader_cost: 0.03671s, ips: 24.93, eta: 1:48:32
[2025/07/14 20:19:45] ppsci INFO: [Train][Epoch 3967/6666][Iter 10/15] lr: 0.00002, loss: 0.12985, sup: 0.12985, batch_cost: 0.16518s, reader_cost: 0.03872s, ips: 387.46, eta: 1:51:28
[2025/07/14 20:20:10] ppsci INFO: [Train][Epoch 3974/6666][Iter  5/15] lr: 0.00002, loss: 0.11739, sup: 0.11739, batch_cost: 0.16281s, reader_cost: 0.04003s, ips: 393.09, eta: 1:49:35
[2025/07/14 20:20:33] ppsci INFO: [Train][Epoch 3980/6666][Iter 15/15] lr: 0.00002, loss: 0.12631, sup: 0.12631, batch_cost: 0.15988s, reader_cost: 0.04047s, ips: 25.02, eta: 1:47:21
[2025/07/14 20:20:57] ppsci INFO: [Train][Epoch 3987/6666][Iter 10/15] lr: 0.00002, loss: 0.11217, sup: 0.11217, batch_cost: 0.16436s, reader_cost: 0.03806s, ips: 389.39, eta: 1:50:05
[2025/07/14 20:21:21] ppsci INFO: [Train][Epoch 3994/6666][Iter  5/15] lr: 0.00002, loss: 0.13947, sup: 0.13947, batch_cost: 0.16061s, reader_cost: 0.03979s, ips: 398.48, eta: 1:47:18
[2025/07/14 20:21:44] ppsci INFO: [Train][Epoch 4000/6666][Iter 15/15] lr: 0.00002, loss: 0.13204, sup: 0.13204, batch_cost: 0.16277s, reader_cost: 0.03788s, ips: 24.57, eta: 1:48:29
[2025/07/14 20:22:08] ppsci INFO: [Train][Epoch 4007/6666][Iter 10/15] lr: 0.00002, loss: 0.12780, sup: 0.12780, batch_cost: 0.16508s, reader_cost: 0.04017s, ips: 387.70, eta: 1:49:44
[2025/07/14 20:22:33] ppsci INFO: [Train][Epoch 4014/6666][Iter  5/15] lr: 0.00002, loss: 0.11809, sup: 0.11809, batch_cost: 0.16073s, reader_cost: 0.03887s, ips: 398.18, eta: 1:46:35
[2025/07/14 20:22:56] ppsci INFO: [Train][Epoch 4020/6666][Iter 15/15] lr: 0.00002, loss: 0.12667, sup: 0.12667, batch_cost: 0.16269s, reader_cost: 0.03836s, ips: 24.59, eta: 1:47:37
[2025/07/14 20:23:20] ppsci INFO: [Train][Epoch 4027/6666][Iter 10/15] lr: 0.00002, loss: 0.12745, sup: 0.12745, batch_cost: 0.16011s, reader_cost: 0.04180s, ips: 399.73, eta: 1:45:38
[2025/07/14 20:23:44] ppsci INFO: [Train][Epoch 4034/6666][Iter  5/15] lr: 0.00002, loss: 0.11565, sup: 0.11565, batch_cost: 0.16270s, reader_cost: 0.03863s, ips: 393.37, eta: 1:47:04
[2025/07/14 20:24:08] ppsci INFO: [Train][Epoch 4040/6666][Iter 15/15] lr: 0.00002, loss: 0.11851, sup: 0.11851, batch_cost: 0.16162s, reader_cost: 0.03985s, ips: 24.75, eta: 1:46:06
[2025/07/14 20:24:32] ppsci INFO: [Train][Epoch 4047/6666][Iter 10/15] lr: 0.00002, loss: 0.12798, sup: 0.12798, batch_cost: 0.16296s, reader_cost: 0.03981s, ips: 392.73, eta: 1:46:42
[2025/07/14 20:24:56] ppsci INFO: [Train][Epoch 4054/6666][Iter  5/15] lr: 0.00002, loss: 0.13165, sup: 0.13165, batch_cost: 0.16215s, reader_cost: 0.03874s, ips: 394.70, eta: 1:45:54
[2025/07/14 20:25:19] ppsci INFO: [Train][Epoch 4060/6666][Iter 15/15] lr: 0.00002, loss: 0.13369, sup: 0.13369, batch_cost: 0.16047s, reader_cost: 0.03985s, ips: 24.93, eta: 1:44:32
[2025/07/14 20:25:43] ppsci INFO: [Train][Epoch 4067/6666][Iter 10/15] lr: 0.00002, loss: 0.11283, sup: 0.11283, batch_cost: 0.16183s, reader_cost: 0.04003s, ips: 395.48, eta: 1:45:09
[2025/07/14 20:26:08] ppsci INFO: [Train][Epoch 4074/6666][Iter  5/15] lr: 0.00002, loss: 0.12943, sup: 0.12943, batch_cost: 0.16610s, reader_cost: 0.03857s, ips: 385.31, eta: 1:47:39
[2025/07/14 20:26:30] ppsci INFO: [Train][Epoch 4080/6666][Iter 15/15] lr: 0.00002, loss: 0.12071, sup: 0.12071, batch_cost: 0.15910s, reader_cost: 0.03951s, ips: 25.14, eta: 1:42:51
[2025/07/14 20:26:54] ppsci INFO: [Train][Epoch 4087/6666][Iter 10/15] lr: 0.00002, loss: 0.13408, sup: 0.13408, batch_cost: 0.16303s, reader_cost: 0.03984s, ips: 392.57, eta: 1:45:07
[2025/07/14 20:27:19] ppsci INFO: [Train][Epoch 4094/6666][Iter  5/15] lr: 0.00002, loss: 0.13647, sup: 0.13647, batch_cost: 0.16377s, reader_cost: 0.03785s, ips: 390.79, eta: 1:45:19
[2025/07/14 20:27:42] ppsci INFO: [Train][Epoch 4100/6666][Iter 15/15] lr: 0.00002, loss: 0.12036, sup: 0.12036, batch_cost: 0.16350s, reader_cost: 0.03994s, ips: 24.47, eta: 1:44:52
[2025/07/14 20:28:06] ppsci INFO: [Train][Epoch 4107/6666][Iter 10/15] lr: 0.00002, loss: 0.13711, sup: 0.13711, batch_cost: 0.16399s, reader_cost: 0.03961s, ips: 390.26, eta: 1:44:55
[2025/07/14 20:28:30] ppsci INFO: [Train][Epoch 4114/6666][Iter  5/15] lr: 0.00002, loss: 0.12126, sup: 0.12126, batch_cost: 0.16041s, reader_cost: 0.03902s, ips: 398.97, eta: 1:42:22
[2025/07/14 20:28:53] ppsci INFO: [Train][Epoch 4120/6666][Iter 15/15] lr: 0.00001, loss: 0.12799, sup: 0.12799, batch_cost: 0.16195s, reader_cost: 0.04077s, ips: 24.70, eta: 1:43:04
[2025/07/14 20:29:18] ppsci INFO: [Train][Epoch 4127/6666][Iter 10/15] lr: 0.00001, loss: 0.13367, sup: 0.13367, batch_cost: 0.16294s, reader_cost: 0.03623s, ips: 392.77, eta: 1:43:26
[2025/07/14 20:29:42] ppsci INFO: [Train][Epoch 4134/6666][Iter  5/15] lr: 0.00001, loss: 0.12994, sup: 0.12994, batch_cost: 0.16185s, reader_cost: 0.03991s, ips: 395.44, eta: 1:42:28
[2025/07/14 20:30:05] ppsci INFO: [Train][Epoch 4140/6666][Iter 15/15] lr: 0.00001, loss: 0.12112, sup: 0.12112, batch_cost: 0.16315s, reader_cost: 0.03763s, ips: 24.52, eta: 1:43:01
[2025/07/14 20:30:29] ppsci INFO: [Train][Epoch 4147/6666][Iter 10/15] lr: 0.00001, loss: 0.13627, sup: 0.13627, batch_cost: 0.16426s, reader_cost: 0.03670s, ips: 389.63, eta: 1:43:27
[2025/07/14 20:30:53] ppsci INFO: [Train][Epoch 4154/6666][Iter  5/15] lr: 0.00001, loss: 0.14878, sup: 0.14878, batch_cost: 0.16346s, reader_cost: 0.03704s, ips: 391.53, eta: 1:42:40
[2025/07/14 20:31:16] ppsci INFO: [Train][Epoch 4160/6666][Iter 15/15] lr: 0.00001, loss: 0.12810, sup: 0.12810, batch_cost: 0.16177s, reader_cost: 0.04028s, ips: 24.73, eta: 1:41:20
[2025/07/14 20:31:40] ppsci INFO: [Train][Epoch 4167/6666][Iter 10/15] lr: 0.00001, loss: 0.12140, sup: 0.12140, batch_cost: 0.16374s, reader_cost: 0.04014s, ips: 390.85, eta: 1:42:18
[2025/07/14 20:32:05] ppsci INFO: [Train][Epoch 4174/6666][Iter  5/15] lr: 0.00001, loss: 0.12469, sup: 0.12469, batch_cost: 0.16261s, reader_cost: 0.04120s, ips: 393.59, eta: 1:41:19
[2025/07/14 20:32:27] ppsci INFO: [Train][Epoch 4180/6666][Iter 15/15] lr: 0.00001, loss: 0.10860, sup: 0.10860, batch_cost: 0.15963s, reader_cost: 0.03693s, ips: 25.06, eta: 1:39:12
[2025/07/14 20:32:52] ppsci INFO: [Train][Epoch 4187/6666][Iter 10/15] lr: 0.00001, loss: 0.12676, sup: 0.12676, batch_cost: 0.16439s, reader_cost: 0.04103s, ips: 389.33, eta: 1:41:53
[2025/07/14 20:33:16] ppsci INFO: [Train][Epoch 4194/6666][Iter  5/15] lr: 0.00001, loss: 0.12153, sup: 0.12153, batch_cost: 0.16425s, reader_cost: 0.03732s, ips: 389.65, eta: 1:41:32
[2025/07/14 20:33:39] ppsci INFO: [Train][Epoch 4200/6666][Iter 15/15] lr: 0.00001, loss: 0.12934, sup: 0.12934, batch_cost: 0.16115s, reader_cost: 0.03956s, ips: 24.82, eta: 1:39:21
[2025/07/14 20:34:03] ppsci INFO: [Train][Epoch 4207/6666][Iter 10/15] lr: 0.00001, loss: 0.12859, sup: 0.12859, batch_cost: 0.16473s, reader_cost: 0.03772s, ips: 388.52, eta: 1:41:16
[2025/07/14 20:34:27] ppsci INFO: [Train][Epoch 4214/6666][Iter  5/15] lr: 0.00001, loss: 0.14492, sup: 0.14492, batch_cost: 0.16122s, reader_cost: 0.03932s, ips: 396.96, eta: 1:38:51
[2025/07/14 20:34:50] ppsci INFO: [Train][Epoch 4220/6666][Iter 15/15] lr: 0.00001, loss: 0.14285, sup: 0.14285, batch_cost: 0.16047s, reader_cost: 0.03896s, ips: 24.93, eta: 1:38:07
[2025/07/14 20:35:14] ppsci INFO: [Train][Epoch 4227/6666][Iter 10/15] lr: 0.00001, loss: 0.12435, sup: 0.12435, batch_cost: 0.16373s, reader_cost: 0.03799s, ips: 390.88, eta: 1:39:50
[2025/07/14 20:35:38] ppsci INFO: [Train][Epoch 4234/6666][Iter  5/15] lr: 0.00001, loss: 0.12742, sup: 0.12742, batch_cost: 0.16467s, reader_cost: 0.03648s, ips: 388.66, eta: 1:40:08
[2025/07/14 20:36:01] ppsci INFO: [Train][Epoch 4240/6666][Iter 15/15] lr: 0.00001, loss: 0.13230, sup: 0.13230, batch_cost: 0.16160s, reader_cost: 0.03853s, ips: 24.75, eta: 1:38:00
[2025/07/14 20:36:26] ppsci INFO: [Train][Epoch 4247/6666][Iter 10/15] lr: 0.00001, loss: 0.12168, sup: 0.12168, batch_cost: 0.16220s, reader_cost: 0.04126s, ips: 394.58, eta: 1:38:06
[2025/07/14 20:36:50] ppsci INFO: [Train][Epoch 4254/6666][Iter  5/15] lr: 0.00001, loss: 0.12151, sup: 0.12151, batch_cost: 0.16379s, reader_cost: 0.03823s, ips: 390.74, eta: 1:38:47
[2025/07/14 20:37:13] ppsci INFO: [Train][Epoch 4260/6666][Iter 15/15] lr: 0.00001, loss: 0.11953, sup: 0.11953, batch_cost: 0.16135s, reader_cost: 0.03832s, ips: 24.79, eta: 1:37:03
[2025/07/14 20:37:37] ppsci INFO: [Train][Epoch 4267/6666][Iter 10/15] lr: 0.00001, loss: 0.13120, sup: 0.13120, batch_cost: 0.16304s, reader_cost: 0.03768s, ips: 392.55, eta: 1:37:47
[2025/07/14 20:38:01] ppsci INFO: [Train][Epoch 4274/6666][Iter  5/15] lr: 0.00001, loss: 0.12537, sup: 0.12537, batch_cost: 0.16149s, reader_cost: 0.03716s, ips: 396.30, eta: 1:36:35
[2025/07/14 20:38:24] ppsci INFO: [Train][Epoch 4280/6666][Iter 15/15] lr: 0.00001, loss: 0.13393, sup: 0.13393, batch_cost: 0.15995s, reader_cost: 0.04074s, ips: 25.01, eta: 1:35:24
[2025/07/14 20:38:49] ppsci INFO: [Train][Epoch 4287/6666][Iter 10/15] lr: 0.00001, loss: 0.13467, sup: 0.13467, batch_cost: 0.16402s, reader_cost: 0.04032s, ips: 390.20, eta: 1:37:33
[2025/07/14 20:39:13] ppsci INFO: [Train][Epoch 4294/6666][Iter  5/15] lr: 0.00001, loss: 0.13661, sup: 0.13661, batch_cost: 0.16101s, reader_cost: 0.03903s, ips: 397.50, eta: 1:35:30
[2025/07/14 20:39:35] ppsci INFO: [Train][Epoch 4300/6666][Iter 15/15] lr: 0.00001, loss: 0.11823, sup: 0.11823, batch_cost: 0.16054s, reader_cost: 0.04133s, ips: 24.92, eta: 1:34:57
[2025/07/14 20:40:00] ppsci INFO: [Train][Epoch 4307/6666][Iter 10/15] lr: 0.00001, loss: 0.13091, sup: 0.13091, batch_cost: 0.16251s, reader_cost: 0.03848s, ips: 393.83, eta: 1:35:51
[2025/07/14 20:40:24] ppsci INFO: [Train][Epoch 4314/6666][Iter  5/15] lr: 0.00001, loss: 0.12700, sup: 0.12700, batch_cost: 0.15837s, reader_cost: 0.03892s, ips: 404.11, eta: 1:33:08
[2025/07/14 20:40:46] ppsci INFO: [Train][Epoch 4320/6666][Iter 15/15] lr: 0.00001, loss: 0.13396, sup: 0.13396, batch_cost: 0.16002s, reader_cost: 0.03924s, ips: 25.00, eta: 1:33:50
[2025/07/14 20:41:11] ppsci INFO: [Train][Epoch 4327/6666][Iter 10/15] lr: 0.00001, loss: 0.12659, sup: 0.12659, batch_cost: 0.16112s, reader_cost: 0.03936s, ips: 397.21, eta: 1:34:13
[2025/07/14 20:41:35] ppsci INFO: [Train][Epoch 4334/6666][Iter  5/15] lr: 0.00001, loss: 0.13869, sup: 0.13869, batch_cost: 0.16324s, reader_cost: 0.03731s, ips: 392.05, eta: 1:35:11
[2025/07/14 20:41:58] ppsci INFO: [Train][Epoch 4340/6666][Iter 15/15] lr: 0.00001, loss: 0.12871, sup: 0.12871, batch_cost: 0.16009s, reader_cost: 0.03902s, ips: 24.99, eta: 1:33:05
[2025/07/14 20:42:22] ppsci INFO: [Train][Epoch 4347/6666][Iter 10/15] lr: 0.00001, loss: 0.11466, sup: 0.11466, batch_cost: 0.16231s, reader_cost: 0.03920s, ips: 394.32, eta: 1:34:06
[2025/07/14 20:42:46] ppsci INFO: [Train][Epoch 4354/6666][Iter  5/15] lr: 0.00001, loss: 0.13385, sup: 0.13385, batch_cost: 0.16326s, reader_cost: 0.03891s, ips: 392.02, eta: 1:34:23
[2025/07/14 20:43:09] ppsci INFO: [Train][Epoch 4360/6666][Iter 15/15] lr: 0.00001, loss: 0.11834, sup: 0.11834, batch_cost: 0.16243s, reader_cost: 0.03919s, ips: 24.63, eta: 1:33:38
[2025/07/14 20:43:33] ppsci INFO: [Train][Epoch 4367/6666][Iter 10/15] lr: 0.00001, loss: 0.12802, sup: 0.12802, batch_cost: 0.16331s, reader_cost: 0.03983s, ips: 391.90, eta: 1:33:52
[2025/07/14 20:43:57] ppsci INFO: [Train][Epoch 4374/6666][Iter  5/15] lr: 0.00001, loss: 0.13629, sup: 0.13629, batch_cost: 0.16305s, reader_cost: 0.03923s, ips: 392.52, eta: 1:33:27
[2025/07/14 20:44:20] ppsci INFO: [Train][Epoch 4380/6666][Iter 15/15] lr: 0.00001, loss: 0.12342, sup: 0.12342, batch_cost: 0.15919s, reader_cost: 0.04027s, ips: 25.13, eta: 1:30:58
[2025/07/14 20:44:45] ppsci INFO: [Train][Epoch 4387/6666][Iter 10/15] lr: 0.00001, loss: 0.12988, sup: 0.12988, batch_cost: 0.16637s, reader_cost: 0.03874s, ips: 384.69, eta: 1:34:48
[2025/07/14 20:45:09] ppsci INFO: [Train][Epoch 4394/6666][Iter  5/15] lr: 0.00001, loss: 0.10723, sup: 0.10723, batch_cost: 0.16312s, reader_cost: 0.03970s, ips: 392.36, eta: 1:32:40
[2025/07/14 20:45:32] ppsci INFO: [Train][Epoch 4400/6666][Iter 15/15] lr: 0.00001, loss: 0.12268, sup: 0.12268, batch_cost: 0.16354s, reader_cost: 0.03884s, ips: 24.46, eta: 1:32:38
[2025/07/14 20:45:56] ppsci INFO: [Train][Epoch 4407/6666][Iter 10/15] lr: 0.00001, loss: 0.13140, sup: 0.13140, batch_cost: 0.16361s, reader_cost: 0.03944s, ips: 391.17, eta: 1:32:24
[2025/07/14 20:46:21] ppsci INFO: [Train][Epoch 4414/6666][Iter  5/15] lr: 0.00001, loss: 0.13307, sup: 0.13307, batch_cost: 0.16417s, reader_cost: 0.04005s, ips: 389.83, eta: 1:32:27
[2025/07/14 20:46:44] ppsci INFO: [Train][Epoch 4420/6666][Iter 15/15] lr: 0.00001, loss: 0.12904, sup: 0.12904, batch_cost: 0.16090s, reader_cost: 0.04037s, ips: 24.86, eta: 1:30:20
[2025/07/14 20:47:08] ppsci INFO: [Train][Epoch 4427/6666][Iter 10/15] lr: 0.00001, loss: 0.11908, sup: 0.11908, batch_cost: 0.16408s, reader_cost: 0.03857s, ips: 390.05, eta: 1:31:51
[2025/07/14 20:47:33] ppsci INFO: [Train][Epoch 4434/6666][Iter  5/15] lr: 0.00001, loss: 0.10468, sup: 0.10468, batch_cost: 0.16161s, reader_cost: 0.04019s, ips: 396.01, eta: 1:30:12
[2025/07/14 20:47:56] ppsci INFO: [Train][Epoch 4440/6666][Iter 15/15] lr: 0.00001, loss: 0.12825, sup: 0.12825, batch_cost: 0.16076s, reader_cost: 0.03790s, ips: 24.88, eta: 1:29:27
[2025/07/14 20:48:20] ppsci INFO: [Train][Epoch 4447/6666][Iter 10/15] lr: 0.00001, loss: 0.12402, sup: 0.12402, batch_cost: 0.16210s, reader_cost: 0.03856s, ips: 394.82, eta: 1:29:56
[2025/07/14 20:48:44] ppsci INFO: [Train][Epoch 4454/6666][Iter  5/15] lr: 0.00001, loss: 0.11065, sup: 0.11065, batch_cost: 0.16404s, reader_cost: 0.03814s, ips: 390.14, eta: 1:30:44
[2025/07/14 20:49:08] ppsci INFO: [Train][Epoch 4460/6666][Iter 15/15] lr: 0.00001, loss: 0.12007, sup: 0.12007, batch_cost: 0.16319s, reader_cost: 0.03928s, ips: 24.51, eta: 1:30:00
[2025/07/14 20:49:32] ppsci INFO: [Train][Epoch 4467/6666][Iter 10/15] lr: 0.00001, loss: 0.12975, sup: 0.12975, batch_cost: 0.16366s, reader_cost: 0.03902s, ips: 391.06, eta: 1:29:59
[2025/07/14 20:49:57] ppsci INFO: [Train][Epoch 4474/6666][Iter  5/15] lr: 0.00001, loss: 0.14541, sup: 0.14541, batch_cost: 0.16204s, reader_cost: 0.03951s, ips: 394.97, eta: 1:28:49
[2025/07/14 20:50:20] ppsci INFO: [Train][Epoch 4480/6666][Iter 15/15] lr: 0.00001, loss: 0.12661, sup: 0.12661, batch_cost: 0.16213s, reader_cost: 0.03850s, ips: 24.67, eta: 1:28:36
[2025/07/14 20:50:44] ppsci INFO: [Train][Epoch 4487/6666][Iter 10/15] lr: 0.00001, loss: 0.12293, sup: 0.12293, batch_cost: 0.16035s, reader_cost: 0.03839s, ips: 399.12, eta: 1:27:21
[2025/07/14 20:51:09] ppsci INFO: [Train][Epoch 4494/6666][Iter  5/15] lr: 0.00001, loss: 0.12795, sup: 0.12795, batch_cost: 0.16306s, reader_cost: 0.03924s, ips: 392.50, eta: 1:28:34
[2025/07/14 20:51:31] ppsci INFO: [Train][Epoch 4500/6666][Iter 15/15] lr: 0.00001, loss: 0.13346, sup: 0.13346, batch_cost: 0.15982s, reader_cost: 0.03891s, ips: 25.03, eta: 1:26:32
[2025/07/14 20:51:55] ppsci INFO: [Train][Epoch 4507/6666][Iter 10/15] lr: 0.00001, loss: 0.13694, sup: 0.13694, batch_cost: 0.16272s, reader_cost: 0.03968s, ips: 393.31, eta: 1:27:50
[2025/07/14 20:52:20] ppsci INFO: [Train][Epoch 4514/6666][Iter  5/15] lr: 0.00001, loss: 0.12970, sup: 0.12970, batch_cost: 0.16236s, reader_cost: 0.03840s, ips: 394.20, eta: 1:27:22
[2025/07/14 20:52:42] ppsci INFO: [Train][Epoch 4520/6666][Iter 15/15] lr: 0.00001, loss: 0.11858, sup: 0.11858, batch_cost: 0.16058s, reader_cost: 0.03666s, ips: 24.91, eta: 1:26:09
[2025/07/14 20:53:06] ppsci INFO: [Train][Epoch 4527/6666][Iter 10/15] lr: 0.00001, loss: 0.11611, sup: 0.11611, batch_cost: 0.16254s, reader_cost: 0.04129s, ips: 393.74, eta: 1:26:56
[2025/07/14 20:53:30] ppsci INFO: [Train][Epoch 4534/6666][Iter  5/15] lr: 0.00001, loss: 0.11971, sup: 0.11971, batch_cost: 0.16076s, reader_cost: 0.03769s, ips: 398.10, eta: 1:25:42
[2025/07/14 20:53:53] ppsci INFO: [Train][Epoch 4540/6666][Iter 15/15] lr: 0.00001, loss: 0.12225, sup: 0.12225, batch_cost: 0.15939s, reader_cost: 0.03735s, ips: 25.10, eta: 1:24:42
[2025/07/14 20:54:17] ppsci INFO: [Train][Epoch 4547/6666][Iter 10/15] lr: 0.00001, loss: 0.13022, sup: 0.13022, batch_cost: 0.16213s, reader_cost: 0.03902s, ips: 394.75, eta: 1:25:53
[2025/07/14 20:54:41] ppsci INFO: [Train][Epoch 4554/6666][Iter  5/15] lr: 0.00001, loss: 0.11868, sup: 0.11868, batch_cost: 0.15940s, reader_cost: 0.03994s, ips: 401.50, eta: 1:24:11
[2025/07/14 20:55:04] ppsci INFO: [Train][Epoch 4560/6666][Iter 15/15] lr: 0.00001, loss: 0.12307, sup: 0.12307, batch_cost: 0.16286s, reader_cost: 0.03811s, ips: 24.56, eta: 1:25:44
[2025/07/14 20:55:28] ppsci INFO: [Train][Epoch 4567/6666][Iter 10/15] lr: 0.00001, loss: 0.11933, sup: 0.11933, batch_cost: 0.16333s, reader_cost: 0.03839s, ips: 391.83, eta: 1:25:43
[2025/07/14 20:55:53] ppsci INFO: [Train][Epoch 4574/6666][Iter  5/15] lr: 0.00001, loss: 0.13046, sup: 0.13046, batch_cost: 0.16370s, reader_cost: 0.03741s, ips: 390.97, eta: 1:25:38
[2025/07/14 20:56:16] ppsci INFO: [Train][Epoch 4580/6666][Iter 15/15] lr: 0.00001, loss: 0.13118, sup: 0.13118, batch_cost: 0.16226s, reader_cost: 0.03842s, ips: 24.65, eta: 1:24:37
[2025/07/14 20:56:40] ppsci INFO: [Train][Epoch 4587/6666][Iter 10/15] lr: 0.00001, loss: 0.13671, sup: 0.13671, batch_cost: 0.16108s, reader_cost: 0.03879s, ips: 397.31, eta: 1:23:44
[2025/07/14 20:57:04] ppsci INFO: [Train][Epoch 4594/6666][Iter  5/15] lr: 0.00001, loss: 0.13723, sup: 0.13723, batch_cost: 0.16175s, reader_cost: 0.03911s, ips: 395.68, eta: 1:23:48
[2025/07/14 20:57:27] ppsci INFO: [Train][Epoch 4600/6666][Iter 15/15] lr: 0.00001, loss: 0.12266, sup: 0.12266, batch_cost: 0.16047s, reader_cost: 0.03963s, ips: 24.93, eta: 1:22:52
[2025/07/14 20:57:51] ppsci INFO: [Train][Epoch 4607/6666][Iter 10/15] lr: 0.00001, loss: 0.13085, sup: 0.13085, batch_cost: 0.16336s, reader_cost: 0.03796s, ips: 391.77, eta: 1:24:06
[2025/07/14 20:58:16] ppsci INFO: [Train][Epoch 4614/6666][Iter  5/15] lr: 0.00001, loss: 0.14207, sup: 0.14207, batch_cost: 0.16292s, reader_cost: 0.03929s, ips: 392.82, eta: 1:23:36
[2025/07/14 20:58:39] ppsci INFO: [Train][Epoch 4620/6666][Iter 15/15] lr: 0.00001, loss: 0.12152, sup: 0.12152, batch_cost: 0.16387s, reader_cost: 0.03798s, ips: 24.41, eta: 1:23:49
[2025/07/14 20:59:03] ppsci INFO: [Train][Epoch 4627/6666][Iter 10/15] lr: 0.00001, loss: 0.12738, sup: 0.12738, batch_cost: 0.15937s, reader_cost: 0.04096s, ips: 401.59, eta: 1:21:15
[2025/07/14 20:59:27] ppsci INFO: [Train][Epoch 4634/6666][Iter  5/15] lr: 0.00001, loss: 0.12080, sup: 0.12080, batch_cost: 0.16114s, reader_cost: 0.04013s, ips: 397.16, eta: 1:21:53
[2025/07/14 20:59:50] ppsci INFO: [Train][Epoch 4640/6666][Iter 15/15] lr: 0.00001, loss: 0.12206, sup: 0.12206, batch_cost: 0.16181s, reader_cost: 0.03934s, ips: 24.72, eta: 1:21:57
[2025/07/14 21:00:14] ppsci INFO: [Train][Epoch 4647/6666][Iter 10/15] lr: 0.00001, loss: 0.13555, sup: 0.13555, batch_cost: 0.16173s, reader_cost: 0.03817s, ips: 395.71, eta: 1:21:38
[2025/07/14 21:00:39] ppsci INFO: [Train][Epoch 4654/6666][Iter  5/15] lr: 0.00001, loss: 0.16037, sup: 0.16037, batch_cost: 0.16349s, reader_cost: 0.03959s, ips: 391.46, eta: 1:22:15
[2025/07/14 21:01:02] ppsci INFO: [Train][Epoch 4660/6666][Iter 15/15] lr: 0.00001, loss: 0.12454, sup: 0.12454, batch_cost: 0.16273s, reader_cost: 0.03627s, ips: 24.58, eta: 1:21:36
[2025/07/14 21:01:26] ppsci INFO: [Train][Epoch 4667/6666][Iter 10/15] lr: 0.00001, loss: 0.13214, sup: 0.13214, batch_cost: 0.16263s, reader_cost: 0.03706s, ips: 393.53, eta: 1:21:17
[2025/07/14 21:01:50] ppsci INFO: [Train][Epoch 4674/6666][Iter  5/15] lr: 0.00001, loss: 0.12892, sup: 0.12892, batch_cost: 0.16154s, reader_cost: 0.04113s, ips: 396.18, eta: 1:20:28
[2025/07/14 21:02:13] ppsci INFO: [Train][Epoch 4680/6666][Iter 15/15] lr: 0.00001, loss: 0.11761, sup: 0.11761, batch_cost: 0.16037s, reader_cost: 0.03944s, ips: 24.94, eta: 1:19:37
[2025/07/14 21:02:38] ppsci INFO: [Train][Epoch 4687/6666][Iter 10/15] lr: 0.00001, loss: 0.12617, sup: 0.12617, batch_cost: 0.16383s, reader_cost: 0.04034s, ips: 390.65, eta: 1:21:04
[2025/07/14 21:03:02] ppsci INFO: [Train][Epoch 4694/6666][Iter  5/15] lr: 0.00001, loss: 0.10972, sup: 0.10972, batch_cost: 0.16076s, reader_cost: 0.04055s, ips: 398.11, eta: 1:19:16
[2025/07/14 21:03:25] ppsci INFO: [Train][Epoch 4700/6666][Iter 15/15] lr: 0.00001, loss: 0.13145, sup: 0.13145, batch_cost: 0.16179s, reader_cost: 0.03819s, ips: 24.72, eta: 1:19:31
[2025/07/14 21:03:49] ppsci INFO: [Train][Epoch 4707/6666][Iter 10/15] lr: 0.00001, loss: 0.12699, sup: 0.12699, batch_cost: 0.16426s, reader_cost: 0.04112s, ips: 389.63, eta: 1:20:27
[2025/07/14 21:04:14] ppsci INFO: [Train][Epoch 4714/6666][Iter  5/15] lr: 0.00001, loss: 0.14514, sup: 0.14514, batch_cost: 0.16500s, reader_cost: 0.03748s, ips: 387.88, eta: 1:20:32
[2025/07/14 21:04:37] ppsci INFO: [Train][Epoch 4720/6666][Iter 15/15] lr: 0.00001, loss: 0.12241, sup: 0.12241, batch_cost: 0.16361s, reader_cost: 0.04134s, ips: 24.45, eta: 1:19:35
[2025/07/14 21:05:01] ppsci INFO: [Train][Epoch 4727/6666][Iter 10/15] lr: 0.00001, loss: 0.13298, sup: 0.13298, batch_cost: 0.15991s, reader_cost: 0.03979s, ips: 400.22, eta: 1:17:31
[2025/07/14 21:05:25] ppsci INFO: [Train][Epoch 4734/6666][Iter  5/15] lr: 0.00001, loss: 0.10617, sup: 0.10617, batch_cost: 0.16454s, reader_cost: 0.03672s, ips: 388.95, eta: 1:19:30
[2025/07/14 21:05:48] ppsci INFO: [Train][Epoch 4740/6666][Iter 15/15] lr: 0.00001, loss: 0.12011, sup: 0.12011, batch_cost: 0.16042s, reader_cost: 0.04233s, ips: 24.93, eta: 1:17:14
[2025/07/14 21:06:12] ppsci INFO: [Train][Epoch 4747/6666][Iter 10/15] lr: 0.00001, loss: 0.11774, sup: 0.11774, batch_cost: 0.16341s, reader_cost: 0.03880s, ips: 391.66, eta: 1:18:24
[2025/07/14 21:06:37] ppsci INFO: [Train][Epoch 4754/6666][Iter  5/15] lr: 0.00001, loss: 0.11539, sup: 0.11539, batch_cost: 0.16085s, reader_cost: 0.03924s, ips: 397.90, eta: 1:16:54
[2025/07/14 21:06:59] ppsci INFO: [Train][Epoch 4760/6666][Iter 15/15] lr: 0.00001, loss: 0.13232, sup: 0.13232, batch_cost: 0.16006s, reader_cost: 0.03897s, ips: 24.99, eta: 1:16:16
[2025/07/14 21:07:23] ppsci INFO: [Train][Epoch 4767/6666][Iter 10/15] lr: 0.00001, loss: 0.12639, sup: 0.12639, batch_cost: 0.16284s, reader_cost: 0.03764s, ips: 393.04, eta: 1:17:19
[2025/07/14 21:07:47] ppsci INFO: [Train][Epoch 4774/6666][Iter  5/15] lr: 0.00001, loss: 0.13062, sup: 0.13062, batch_cost: 0.15974s, reader_cost: 0.04083s, ips: 400.66, eta: 1:15:34
[2025/07/14 21:08:10] ppsci INFO: [Train][Epoch 4780/6666][Iter 15/15] lr: 0.00001, loss: 0.12100, sup: 0.12100, batch_cost: 0.16174s, reader_cost: 0.03964s, ips: 24.73, eta: 1:16:15
[2025/07/14 21:08:34] ppsci INFO: [Train][Epoch 4787/6666][Iter 10/15] lr: 0.00001, loss: 0.13067, sup: 0.13067, batch_cost: 0.16182s, reader_cost: 0.03964s, ips: 395.49, eta: 1:16:01
[2025/07/14 21:08:58] ppsci INFO: [Train][Epoch 4794/6666][Iter  5/15] lr: 0.00001, loss: 0.12735, sup: 0.12735, batch_cost: 0.16206s, reader_cost: 0.04004s, ips: 394.91, eta: 1:15:52
[2025/07/14 21:09:21] ppsci INFO: [Train][Epoch 4800/6666][Iter 15/15] lr: 0.00001, loss: 0.12282, sup: 0.12282, batch_cost: 0.16310s, reader_cost: 0.03913s, ips: 24.52, eta: 1:16:05
[2025/07/14 21:09:45] ppsci INFO: [Train][Epoch 4807/6666][Iter 10/15] lr: 0.00001, loss: 0.11927, sup: 0.11927, batch_cost: 0.16252s, reader_cost: 0.03940s, ips: 393.79, eta: 1:15:32
[2025/07/14 21:10:09] ppsci INFO: [Train][Epoch 4814/6666][Iter  5/15] lr: 0.00001, loss: 0.12375, sup: 0.12375, batch_cost: 0.16072s, reader_cost: 0.04108s, ips: 398.22, eta: 1:14:26
[2025/07/14 21:10:32] ppsci INFO: [Train][Epoch 4820/6666][Iter 15/15] lr: 0.00001, loss: 0.12070, sup: 0.12070, batch_cost: 0.16272s, reader_cost: 0.04044s, ips: 24.58, eta: 1:15:05
[2025/07/14 21:10:56] ppsci INFO: [Train][Epoch 4827/6666][Iter 10/15] lr: 0.00001, loss: 0.12172, sup: 0.12172, batch_cost: 0.16204s, reader_cost: 0.03998s, ips: 394.96, eta: 1:14:30
[2025/07/14 21:11:21] ppsci INFO: [Train][Epoch 4834/6666][Iter  5/15] lr: 0.00001, loss: 0.11089, sup: 0.11089, batch_cost: 0.16355s, reader_cost: 0.03861s, ips: 391.31, eta: 1:14:56
[2025/07/14 21:11:44] ppsci INFO: [Train][Epoch 4840/6666][Iter 15/15] lr: 0.00001, loss: 0.13338, sup: 0.13338, batch_cost: 0.16384s, reader_cost: 0.03849s, ips: 24.41, eta: 1:14:47
[2025/07/14 21:12:08] ppsci INFO: [Train][Epoch 4847/6666][Iter 10/15] lr: 0.00001, loss: 0.13559, sup: 0.13559, batch_cost: 0.16376s, reader_cost: 0.03743s, ips: 390.81, eta: 1:14:29
[2025/07/14 21:12:32] ppsci INFO: [Train][Epoch 4854/6666][Iter  5/15] lr: 0.00001, loss: 0.12707, sup: 0.12707, batch_cost: 0.16255s, reader_cost: 0.03809s, ips: 393.74, eta: 1:13:39
[2025/07/14 21:12:55] ppsci INFO: [Train][Epoch 4860/6666][Iter 15/15] lr: 0.00001, loss: 0.12583, sup: 0.12583, batch_cost: 0.16119s, reader_cost: 0.03984s, ips: 24.81, eta: 1:12:46
[2025/07/14 21:13:19] ppsci INFO: [Train][Epoch 4867/6666][Iter 10/15] lr: 0.00001, loss: 0.13012, sup: 0.13012, batch_cost: 0.16160s, reader_cost: 0.03754s, ips: 396.04, eta: 1:12:41
[2025/07/14 21:13:43] ppsci INFO: [Train][Epoch 4874/6666][Iter  5/15] lr: 0.00001, loss: 0.13413, sup: 0.13413, batch_cost: 0.15974s, reader_cost: 0.04147s, ips: 400.64, eta: 1:11:35
[2025/07/14 21:14:06] ppsci INFO: [Train][Epoch 4880/6666][Iter 15/15] lr: 0.00001, loss: 0.12857, sup: 0.12857, batch_cost: 0.16120s, reader_cost: 0.03861s, ips: 24.81, eta: 1:11:58
[2025/07/14 21:14:30] ppsci INFO: [Train][Epoch 4887/6666][Iter 10/15] lr: 0.00001, loss: 0.12301, sup: 0.12301, batch_cost: 0.16538s, reader_cost: 0.03726s, ips: 386.98, eta: 1:13:34
[2025/07/14 21:14:54] ppsci INFO: [Train][Epoch 4894/6666][Iter  5/15] lr: 0.00001, loss: 0.11835, sup: 0.11835, batch_cost: 0.16251s, reader_cost: 0.03799s, ips: 393.83, eta: 1:12:01
[2025/07/14 21:15:17] ppsci INFO: [Train][Epoch 4900/6666][Iter 15/15] lr: 0.00001, loss: 0.12212, sup: 0.12212, batch_cost: 0.15969s, reader_cost: 0.04058s, ips: 25.05, eta: 1:10:30
[2025/07/14 21:15:42] ppsci INFO: [Train][Epoch 4907/6666][Iter 10/15] lr: 0.00001, loss: 0.12509, sup: 0.12509, batch_cost: 0.16399s, reader_cost: 0.03917s, ips: 390.27, eta: 1:12:07
[2025/07/14 21:16:06] ppsci INFO: [Train][Epoch 4914/6666][Iter  5/15] lr: 0.00001, loss: 0.13620, sup: 0.13620, batch_cost: 0.16067s, reader_cost: 0.04074s, ips: 398.33, eta: 1:10:24
[2025/07/14 21:16:28] ppsci INFO: [Train][Epoch 4920/6666][Iter 15/15] lr: 0.00001, loss: 0.13996, sup: 0.13996, batch_cost: 0.16102s, reader_cost: 0.03836s, ips: 24.84, eta: 1:10:17
[2025/07/14 21:16:53] ppsci INFO: [Train][Epoch 4927/6666][Iter 10/15] lr: 0.00001, loss: 0.15187, sup: 0.15187, batch_cost: 0.16314s, reader_cost: 0.03607s, ips: 392.30, eta: 1:10:56
[2025/07/14 21:17:17] ppsci INFO: [Train][Epoch 4934/6666][Iter  5/15] lr: 0.00001, loss: 0.14088, sup: 0.14088, batch_cost: 0.16346s, reader_cost: 0.03904s, ips: 391.52, eta: 1:10:48
[2025/07/14 21:17:40] ppsci INFO: [Train][Epoch 4940/6666][Iter 15/15] lr: 0.00001, loss: 0.13312, sup: 0.13312, batch_cost: 0.15969s, reader_cost: 0.03765s, ips: 25.05, eta: 1:08:54
[2025/07/14 21:18:04] ppsci INFO: [Train][Epoch 4947/6666][Iter 10/15] lr: 0.00001, loss: 0.12195, sup: 0.12195, batch_cost: 0.16326s, reader_cost: 0.04168s, ips: 392.01, eta: 1:10:10
[2025/07/14 21:18:28] ppsci INFO: [Train][Epoch 4954/6666][Iter  5/15] lr: 0.00001, loss: 0.13561, sup: 0.13561, batch_cost: 0.16013s, reader_cost: 0.04153s, ips: 399.67, eta: 1:08:33
[2025/07/14 21:18:51] ppsci INFO: [Train][Epoch 4960/6666][Iter 15/15] lr: 0.00001, loss: 0.12843, sup: 0.12843, batch_cost: 0.16092s, reader_cost: 0.03730s, ips: 24.86, eta: 1:08:37
[2025/07/14 21:19:16] ppsci INFO: [Train][Epoch 4967/6666][Iter 10/15] lr: 0.00001, loss: 0.11742, sup: 0.11742, batch_cost: 0.16450s, reader_cost: 0.03747s, ips: 389.06, eta: 1:09:53
[2025/07/14 21:19:40] ppsci INFO: [Train][Epoch 4974/6666][Iter  5/15] lr: 0.00001, loss: 0.13529, sup: 0.13529, batch_cost: 0.16245s, reader_cost: 0.03996s, ips: 393.96, eta: 1:08:44
[2025/07/14 21:20:03] ppsci INFO: [Train][Epoch 4980/6666][Iter 15/15] lr: 0.00001, loss: 0.13301, sup: 0.13301, batch_cost: 0.16152s, reader_cost: 0.03941s, ips: 24.76, eta: 1:08:04
[2025/07/14 21:20:28] ppsci INFO: [Train][Epoch 4987/6666][Iter 10/15] lr: 0.00001, loss: 0.14696, sup: 0.14696, batch_cost: 0.16335s, reader_cost: 0.03975s, ips: 391.79, eta: 1:08:34
[2025/07/14 21:20:52] ppsci INFO: [Train][Epoch 4994/6666][Iter  5/15] lr: 0.00001, loss: 0.12761, sup: 0.12761, batch_cost: 0.16249s, reader_cost: 0.03846s, ips: 393.88, eta: 1:07:56
[2025/07/14 21:21:15] ppsci INFO: [Train][Epoch 5000/6666][Iter 15/15] lr: 0.00001, loss: 0.12879, sup: 0.12879, batch_cost: 0.16232s, reader_cost: 0.03694s, ips: 24.64, eta: 1:07:36
[2025/07/14 21:21:39] ppsci INFO: [Train][Epoch 5007/6666][Iter 10/15] lr: 0.00001, loss: 0.12191, sup: 0.12191, batch_cost: 0.16319s, reader_cost: 0.03997s, ips: 392.19, eta: 1:07:41
[2025/07/14 21:22:03] ppsci INFO: [Train][Epoch 5014/6666][Iter  5/15] lr: 0.00001, loss: 0.12582, sup: 0.12582, batch_cost: 0.16152s, reader_cost: 0.03828s, ips: 396.24, eta: 1:06:44
[2025/07/14 21:22:26] ppsci INFO: [Train][Epoch 5020/6666][Iter 15/15] lr: 0.00001, loss: 0.12736, sup: 0.12736, batch_cost: 0.16155s, reader_cost: 0.03884s, ips: 24.76, eta: 1:06:28
[2025/07/14 21:22:51] ppsci INFO: [Train][Epoch 5027/6666][Iter 10/15] lr: 0.00001, loss: 0.13369, sup: 0.13369, batch_cost: 0.16370s, reader_cost: 0.03995s, ips: 390.96, eta: 1:07:05
[2025/07/14 21:23:15] ppsci INFO: [Train][Epoch 5034/6666][Iter  5/15] lr: 0.00001, loss: 0.13246, sup: 0.13246, batch_cost: 0.16248s, reader_cost: 0.03953s, ips: 393.88, eta: 1:06:19
[2025/07/14 21:23:38] ppsci INFO: [Train][Epoch 5040/6666][Iter 15/15] lr: 0.00001, loss: 0.12622, sup: 0.12622, batch_cost: 0.16147s, reader_cost: 0.03630s, ips: 24.77, eta: 1:05:38
[2025/07/14 21:24:02] ppsci INFO: [Train][Epoch 5047/6666][Iter 10/15] lr: 0.00001, loss: 0.12146, sup: 0.12146, batch_cost: 0.16431s, reader_cost: 0.03802s, ips: 389.52, eta: 1:06:31
[2025/07/14 21:24:27] ppsci INFO: [Train][Epoch 5054/6666][Iter  5/15] lr: 0.00001, loss: 0.14159, sup: 0.14159, batch_cost: 0.16132s, reader_cost: 0.04057s, ips: 396.72, eta: 1:05:02
[2025/07/14 21:24:49] ppsci INFO: [Train][Epoch 5060/6666][Iter 15/15] lr: 0.00001, loss: 0.13983, sup: 0.13983, batch_cost: 0.15922s, reader_cost: 0.03834s, ips: 25.12, eta: 1:03:55
[2025/07/14 21:25:13] ppsci INFO: [Train][Epoch 5067/6666][Iter 10/15] lr: 0.00001, loss: 0.13440, sup: 0.13440, batch_cost: 0.16177s, reader_cost: 0.03954s, ips: 395.61, eta: 1:04:40
[2025/07/14 21:25:37] ppsci INFO: [Train][Epoch 5074/6666][Iter  5/15] lr: 0.00001, loss: 0.11055, sup: 0.11055, batch_cost: 0.16174s, reader_cost: 0.03677s, ips: 395.69, eta: 1:04:24
[2025/07/14 21:26:00] ppsci INFO: [Train][Epoch 5080/6666][Iter 15/15] lr: 0.00001, loss: 0.12425, sup: 0.12425, batch_cost: 0.15983s, reader_cost: 0.04049s, ips: 25.03, eta: 1:03:22
[2025/07/14 21:26:25] ppsci INFO: [Train][Epoch 5087/6666][Iter 10/15] lr: 0.00001, loss: 0.12586, sup: 0.12586, batch_cost: 0.16253s, reader_cost: 0.03769s, ips: 393.78, eta: 1:04:10
[2025/07/14 21:26:49] ppsci INFO: [Train][Epoch 5094/6666][Iter  5/15] lr: 0.00001, loss: 0.13157, sup: 0.13157, batch_cost: 0.16255s, reader_cost: 0.03866s, ips: 393.73, eta: 1:03:54
[2025/07/14 21:27:11] ppsci INFO: [Train][Epoch 5100/6666][Iter 15/15] lr: 0.00001, loss: 0.12266, sup: 0.12266, batch_cost: 0.15951s, reader_cost: 0.04064s, ips: 25.08, eta: 1:02:26
[2025/07/14 21:27:36] ppsci INFO: [Train][Epoch 5107/6666][Iter 10/15] lr: 0.00001, loss: 0.12191, sup: 0.12191, batch_cost: 0.16124s, reader_cost: 0.03845s, ips: 396.94, eta: 1:02:51
[2025/07/14 21:28:00] ppsci INFO: [Train][Epoch 5114/6666][Iter  5/15] lr: 0.00001, loss: 0.11182, sup: 0.11182, batch_cost: 0.16509s, reader_cost: 0.03932s, ips: 387.66, eta: 1:04:04
[2025/07/14 21:28:23] ppsci INFO: [Train][Epoch 5120/6666][Iter 15/15] lr: 0.00001, loss: 0.11889, sup: 0.11889, batch_cost: 0.16048s, reader_cost: 0.03985s, ips: 24.92, eta: 1:02:01
[2025/07/14 21:28:47] ppsci INFO: [Train][Epoch 5127/6666][Iter 10/15] lr: 0.00001, loss: 0.11913, sup: 0.11913, batch_cost: 0.16266s, reader_cost: 0.04095s, ips: 393.46, eta: 1:02:35
[2025/07/14 21:29:12] ppsci INFO: [Train][Epoch 5134/6666][Iter  5/15] lr: 0.00001, loss: 0.13544, sup: 0.13544, batch_cost: 0.16429s, reader_cost: 0.03763s, ips: 389.55, eta: 1:02:57
[2025/07/14 21:29:34] ppsci INFO: [Train][Epoch 5140/6666][Iter 15/15] lr: 0.00001, loss: 0.13515, sup: 0.13515, batch_cost: 0.15987s, reader_cost: 0.03898s, ips: 25.02, eta: 1:00:59
[2025/07/14 21:29:58] ppsci INFO: [Train][Epoch 5147/6666][Iter 10/15] lr: 0.00001, loss: 0.11970, sup: 0.11970, batch_cost: 0.16355s, reader_cost: 0.03958s, ips: 391.32, eta: 1:02:07
[2025/07/14 21:30:22] ppsci INFO: [Train][Epoch 5154/6666][Iter  5/15] lr: 0.00001, loss: 0.11647, sup: 0.11647, batch_cost: 0.16112s, reader_cost: 0.03848s, ips: 397.22, eta: 1:00:55
[2025/07/14 21:30:45] ppsci INFO: [Train][Epoch 5160/6666][Iter 15/15] lr: 0.00001, loss: 0.12727, sup: 0.12727, batch_cost: 0.16193s, reader_cost: 0.04022s, ips: 24.70, eta: 1:00:57
[2025/07/14 21:31:10] ppsci INFO: [Train][Epoch 5167/6666][Iter 10/15] lr: 0.00000, loss: 0.13240, sup: 0.13240, batch_cost: 0.16507s, reader_cost: 0.03848s, ips: 387.71, eta: 1:01:52
[2025/07/14 21:31:34] ppsci INFO: [Train][Epoch 5174/6666][Iter  5/15] lr: 0.00000, loss: 0.11982, sup: 0.11982, batch_cost: 0.16204s, reader_cost: 0.03963s, ips: 394.95, eta: 1:00:28
[2025/07/14 21:31:57] ppsci INFO: [Train][Epoch 5180/6666][Iter 15/15] lr: 0.00000, loss: 0.12561, sup: 0.12561, batch_cost: 0.16170s, reader_cost: 0.03765s, ips: 24.74, eta: 1:00:04
[2025/07/14 21:32:21] ppsci INFO: [Train][Epoch 5187/6666][Iter 10/15] lr: 0.00000, loss: 0.12131, sup: 0.12131, batch_cost: 0.16272s, reader_cost: 0.03877s, ips: 393.31, eta: 1:00:10
[2025/07/14 21:32:46] ppsci INFO: [Train][Epoch 5194/6666][Iter  5/15] lr: 0.00000, loss: 0.12430, sup: 0.12430, batch_cost: 0.16554s, reader_cost: 0.03714s, ips: 386.62, eta: 1:00:56
[2025/07/14 21:33:09] ppsci INFO: [Train][Epoch 5200/6666][Iter 15/15] lr: 0.00000, loss: 0.13262, sup: 0.13262, batch_cost: 0.16048s, reader_cost: 0.04241s, ips: 24.92, eta: 0:58:49
[2025/07/14 21:33:33] ppsci INFO: [Train][Epoch 5207/6666][Iter 10/15] lr: 0.00000, loss: 0.13118, sup: 0.13118, batch_cost: 0.15753s, reader_cost: 0.04218s, ips: 406.26, eta: 0:57:28
[2025/07/14 21:33:57] ppsci INFO: [Train][Epoch 5214/6666][Iter  5/15] lr: 0.00000, loss: 0.10451, sup: 0.10451, batch_cost: 0.15905s, reader_cost: 0.04161s, ips: 402.40, eta: 0:57:45
[2025/07/14 21:34:20] ppsci INFO: [Train][Epoch 5220/6666][Iter 15/15] lr: 0.00000, loss: 0.12732, sup: 0.12732, batch_cost: 0.16020s, reader_cost: 0.04062s, ips: 24.97, eta: 0:57:54
[2025/07/14 21:34:44] ppsci INFO: [Train][Epoch 5227/6666][Iter 10/15] lr: 0.00000, loss: 0.13155, sup: 0.13155, batch_cost: 0.16185s, reader_cost: 0.03953s, ips: 395.42, eta: 0:58:14
[2025/07/14 21:35:08] ppsci INFO: [Train][Epoch 5234/6666][Iter  5/15] lr: 0.00000, loss: 0.12452, sup: 0.12452, batch_cost: 0.16300s, reader_cost: 0.04004s, ips: 392.65, eta: 0:58:22
[2025/07/14 21:35:31] ppsci INFO: [Train][Epoch 5240/6666][Iter 15/15] lr: 0.00000, loss: 0.12908, sup: 0.12908, batch_cost: 0.15914s, reader_cost: 0.03959s, ips: 25.14, eta: 0:56:43
[2025/07/14 21:35:55] ppsci INFO: [Train][Epoch 5247/6666][Iter 10/15] lr: 0.00000, loss: 0.13388, sup: 0.13388, batch_cost: 0.16258s, reader_cost: 0.03944s, ips: 393.64, eta: 0:57:41
[2025/07/14 21:36:20] ppsci INFO: [Train][Epoch 5254/6666][Iter  5/15] lr: 0.00000, loss: 0.11226, sup: 0.11226, batch_cost: 0.16176s, reader_cost: 0.03929s, ips: 395.65, eta: 0:57:07
[2025/07/14 21:36:42] ppsci INFO: [Train][Epoch 5260/6666][Iter 15/15] lr: 0.00000, loss: 0.12526, sup: 0.12526, batch_cost: 0.16051s, reader_cost: 0.04021s, ips: 24.92, eta: 0:56:25
[2025/07/14 21:37:07] ppsci INFO: [Train][Epoch 5267/6666][Iter 10/15] lr: 0.00000, loss: 0.12560, sup: 0.12560, batch_cost: 0.16318s, reader_cost: 0.04129s, ips: 392.21, eta: 0:57:05
[2025/07/14 21:37:31] ppsci INFO: [Train][Epoch 5274/6666][Iter  5/15] lr: 0.00000, loss: 0.13010, sup: 0.13010, batch_cost: 0.16323s, reader_cost: 0.04123s, ips: 392.09, eta: 0:56:49
[2025/07/14 21:37:54] ppsci INFO: [Train][Epoch 5280/6666][Iter 15/15] lr: 0.00000, loss: 0.13596, sup: 0.13596, batch_cost: 0.15898s, reader_cost: 0.03988s, ips: 25.16, eta: 0:55:05
[2025/07/14 21:38:18] ppsci INFO: [Train][Epoch 5287/6666][Iter 10/15] lr: 0.00000, loss: 0.11618, sup: 0.11618, batch_cost: 0.16194s, reader_cost: 0.03967s, ips: 395.21, eta: 0:55:50
[2025/07/14 21:38:42] ppsci INFO: [Train][Epoch 5294/6666][Iter  5/15] lr: 0.00000, loss: 0.11947, sup: 0.11947, batch_cost: 0.16423s, reader_cost: 0.03806s, ips: 389.70, eta: 0:56:21
[2025/07/14 21:39:05] ppsci INFO: [Train][Epoch 5300/6666][Iter 15/15] lr: 0.00000, loss: 0.12890, sup: 0.12890, batch_cost: 0.16098s, reader_cost: 0.03872s, ips: 24.85, eta: 0:54:58
[2025/07/14 21:39:29] ppsci INFO: [Train][Epoch 5307/6666][Iter 10/15] lr: 0.00000, loss: 0.12415, sup: 0.12415, batch_cost: 0.15995s, reader_cost: 0.04113s, ips: 400.12, eta: 0:54:21
[2025/07/14 21:39:53] ppsci INFO: [Train][Epoch 5314/6666][Iter  5/15] lr: 0.00000, loss: 0.13210, sup: 0.13210, batch_cost: 0.16268s, reader_cost: 0.03941s, ips: 393.42, eta: 0:55:00
[2025/07/14 21:40:16] ppsci INFO: [Train][Epoch 5320/6666][Iter 15/15] lr: 0.00000, loss: 0.11959, sup: 0.11959, batch_cost: 0.16103s, reader_cost: 0.04012s, ips: 24.84, eta: 0:54:11
[2025/07/14 21:40:40] ppsci INFO: [Train][Epoch 5327/6666][Iter 10/15] lr: 0.00000, loss: 0.12096, sup: 0.12096, batch_cost: 0.16450s, reader_cost: 0.03804s, ips: 389.05, eta: 0:55:04
[2025/07/14 21:41:05] ppsci INFO: [Train][Epoch 5334/6666][Iter  5/15] lr: 0.00000, loss: 0.11483, sup: 0.11483, batch_cost: 0.16192s, reader_cost: 0.03909s, ips: 395.25, eta: 0:53:56
[2025/07/14 21:41:28] ppsci INFO: [Train][Epoch 5340/6666][Iter 15/15] lr: 0.00000, loss: 0.11872, sup: 0.11872, batch_cost: 0.16213s, reader_cost: 0.03693s, ips: 24.67, eta: 0:53:44
[2025/07/14 21:41:52] ppsci INFO: [Train][Epoch 5347/6666][Iter 10/15] lr: 0.00000, loss: 0.13261, sup: 0.13261, batch_cost: 0.16423s, reader_cost: 0.04074s, ips: 389.71, eta: 0:54:10
[2025/07/14 21:42:17] ppsci INFO: [Train][Epoch 5354/6666][Iter  5/15] lr: 0.00000, loss: 0.13586, sup: 0.13586, batch_cost: 0.16269s, reader_cost: 0.03898s, ips: 393.39, eta: 0:53:23
[2025/07/14 21:42:39] ppsci INFO: [Train][Epoch 5360/6666][Iter 15/15] lr: 0.00000, loss: 0.11651, sup: 0.11651, batch_cost: 0.16013s, reader_cost: 0.03907s, ips: 24.98, eta: 0:52:17
[2025/07/14 21:43:03] ppsci INFO: [Train][Epoch 5367/6666][Iter 10/15] lr: 0.00000, loss: 0.13014, sup: 0.13014, batch_cost: 0.16340s, reader_cost: 0.03886s, ips: 391.67, eta: 0:53:04
[2025/07/14 21:43:28] ppsci INFO: [Train][Epoch 5374/6666][Iter  5/15] lr: 0.00000, loss: 0.13408, sup: 0.13408, batch_cost: 0.15910s, reader_cost: 0.03972s, ips: 402.26, eta: 0:51:24
[2025/07/14 21:43:50] ppsci INFO: [Train][Epoch 5380/6666][Iter 15/15] lr: 0.00000, loss: 0.13042, sup: 0.13042, batch_cost: 0.16138s, reader_cost: 0.04027s, ips: 24.79, eta: 0:51:52
[2025/07/14 21:44:15] ppsci INFO: [Train][Epoch 5387/6666][Iter 10/15] lr: 0.00000, loss: 0.11937, sup: 0.11937, batch_cost: 0.16354s, reader_cost: 0.03854s, ips: 391.34, eta: 0:52:18
[2025/07/14 21:44:39] ppsci INFO: [Train][Epoch 5394/6666][Iter  5/15] lr: 0.00000, loss: 0.14168, sup: 0.14168, batch_cost: 0.16151s, reader_cost: 0.04005s, ips: 396.25, eta: 0:51:23
[2025/07/14 21:45:02] ppsci INFO: [Train][Epoch 5400/6666][Iter 15/15] lr: 0.00000, loss: 0.12727, sup: 0.12727, batch_cost: 0.15850s, reader_cost: 0.04089s, ips: 25.24, eta: 0:50:09
[2025/07/14 21:45:26] ppsci INFO: [Train][Epoch 5407/6666][Iter 10/15] lr: 0.00000, loss: 0.13555, sup: 0.13555, batch_cost: 0.16304s, reader_cost: 0.04093s, ips: 392.53, eta: 0:51:19
[2025/07/14 21:45:50] ppsci INFO: [Train][Epoch 5414/6666][Iter  5/15] lr: 0.00000, loss: 0.11513, sup: 0.11513, batch_cost: 0.16201s, reader_cost: 0.04043s, ips: 395.03, eta: 0:50:44
[2025/07/14 21:46:13] ppsci INFO: [Train][Epoch 5420/6666][Iter 15/15] lr: 0.00000, loss: 0.11146, sup: 0.11146, batch_cost: 0.16146s, reader_cost: 0.03875s, ips: 24.77, eta: 0:50:17
[2025/07/14 21:46:36] ppsci INFO: [Train][Epoch 5427/6666][Iter 10/15] lr: 0.00000, loss: 0.10722, sup: 0.10722, batch_cost: 0.16116s, reader_cost: 0.03955s, ips: 397.11, eta: 0:49:56
[2025/07/14 21:47:00] ppsci INFO: [Train][Epoch 5434/6666][Iter  5/15] lr: 0.00000, loss: 0.10408, sup: 0.10408, batch_cost: 0.16082s, reader_cost: 0.03969s, ips: 397.96, eta: 0:49:33
[2025/07/14 21:47:24] ppsci INFO: [Train][Epoch 5440/6666][Iter 15/15] lr: 0.00000, loss: 0.11937, sup: 0.11937, batch_cost: 0.16402s, reader_cost: 0.03678s, ips: 24.39, eta: 0:50:16
[2025/07/14 21:47:47] ppsci INFO: [Train][Epoch 5447/6666][Iter 10/15] lr: 0.00000, loss: 0.12477, sup: 0.12477, batch_cost: 0.16239s, reader_cost: 0.03925s, ips: 394.11, eta: 0:49:30
[2025/07/14 21:48:11] ppsci INFO: [Train][Epoch 5454/6666][Iter  5/15] lr: 0.00000, loss: 0.11220, sup: 0.11220, batch_cost: 0.16135s, reader_cost: 0.04054s, ips: 396.65, eta: 0:48:55
[2025/07/14 21:48:34] ppsci INFO: [Train][Epoch 5460/6666][Iter 15/15] lr: 0.00000, loss: 0.12856, sup: 0.12856, batch_cost: 0.16107s, reader_cost: 0.03790s, ips: 24.83, eta: 0:48:33
[2025/07/14 21:48:59] ppsci INFO: [Train][Epoch 5467/6666][Iter 10/15] lr: 0.00000, loss: 0.12852, sup: 0.12852, batch_cost: 0.16345s, reader_cost: 0.03791s, ips: 391.55, eta: 0:49:00
[2025/07/14 21:49:23] ppsci INFO: [Train][Epoch 5474/6666][Iter  5/15] lr: 0.00000, loss: 0.11165, sup: 0.11165, batch_cost: 0.16275s, reader_cost: 0.03669s, ips: 393.24, eta: 0:48:31
[2025/07/14 21:49:45] ppsci INFO: [Train][Epoch 5480/6666][Iter 15/15] lr: 0.00000, loss: 0.11966, sup: 0.11966, batch_cost: 0.16052s, reader_cost: 0.03999s, ips: 24.92, eta: 0:47:35
[2025/07/14 21:50:09] ppsci INFO: [Train][Epoch 5487/6666][Iter 10/15] lr: 0.00000, loss: 0.12338, sup: 0.12338, batch_cost: 0.16164s, reader_cost: 0.03936s, ips: 395.95, eta: 0:47:39
[2025/07/14 21:50:33] ppsci INFO: [Train][Epoch 5494/6666][Iter  5/15] lr: 0.00000, loss: 0.10932, sup: 0.10932, batch_cost: 0.16141s, reader_cost: 0.03925s, ips: 396.51, eta: 0:47:19
[2025/07/14 21:50:56] ppsci INFO: [Train][Epoch 5500/6666][Iter 15/15] lr: 0.00000, loss: 0.12454, sup: 0.12454, batch_cost: 0.15819s, reader_cost: 0.03978s, ips: 25.29, eta: 0:46:06
[2025/07/14 21:51:20] ppsci INFO: [Train][Epoch 5507/6666][Iter 10/15] lr: 0.00000, loss: 0.12485, sup: 0.12485, batch_cost: 0.16408s, reader_cost: 0.03642s, ips: 390.06, eta: 0:47:33
[2025/07/14 21:51:43] ppsci INFO: [Train][Epoch 5514/6666][Iter  5/15] lr: 0.00000, loss: 0.10937, sup: 0.10937, batch_cost: 0.16137s, reader_cost: 0.03814s, ips: 396.61, eta: 0:46:30
[2025/07/14 21:52:06] ppsci INFO: [Train][Epoch 5520/6666][Iter 15/15] lr: 0.00000, loss: 0.11526, sup: 0.11526, batch_cost: 0.15954s, reader_cost: 0.04155s, ips: 25.07, eta: 0:45:42
[2025/07/14 21:52:30] ppsci INFO: [Train][Epoch 5527/6666][Iter 10/15] lr: 0.00000, loss: 0.12751, sup: 0.12751, batch_cost: 0.16304s, reader_cost: 0.03794s, ips: 392.55, eta: 0:46:26
[2025/07/14 21:52:54] ppsci INFO: [Train][Epoch 5534/6666][Iter  5/15] lr: 0.00000, loss: 0.12703, sup: 0.12703, batch_cost: 0.16041s, reader_cost: 0.03987s, ips: 398.97, eta: 0:45:25
[2025/07/14 21:53:18] ppsci INFO: [Train][Epoch 5540/6666][Iter 15/15] lr: 0.00000, loss: 0.13093, sup: 0.13093, batch_cost: 0.16370s, reader_cost: 0.03813s, ips: 24.43, eta: 0:46:04
[2025/07/14 21:53:42] ppsci INFO: [Train][Epoch 5547/6666][Iter 10/15] lr: 0.00000, loss: 0.12840, sup: 0.12840, batch_cost: 0.16401s, reader_cost: 0.03920s, ips: 390.22, eta: 0:45:53
[2025/07/14 21:54:06] ppsci INFO: [Train][Epoch 5554/6666][Iter  5/15] lr: 0.00000, loss: 0.12103, sup: 0.12103, batch_cost: 0.16095s, reader_cost: 0.04059s, ips: 397.64, eta: 0:44:46
[2025/07/14 21:54:28] ppsci INFO: [Train][Epoch 5560/6666][Iter 15/15] lr: 0.00000, loss: 0.12980, sup: 0.12980, batch_cost: 0.15711s, reader_cost: 0.04182s, ips: 25.46, eta: 0:43:26
[2025/07/14 21:54:53] ppsci INFO: [Train][Epoch 5567/6666][Iter 10/15] lr: 0.00000, loss: 0.13092, sup: 0.13092, batch_cost: 0.16351s, reader_cost: 0.03826s, ips: 391.40, eta: 0:44:56
[2025/07/14 21:55:17] ppsci INFO: [Train][Epoch 5574/6666][Iter  5/15] lr: 0.00000, loss: 0.10786, sup: 0.10786, batch_cost: 0.16290s, reader_cost: 0.03861s, ips: 392.89, eta: 0:44:29
[2025/07/14 21:55:40] ppsci INFO: [Train][Epoch 5580/6666][Iter 15/15] lr: 0.00000, loss: 0.12517, sup: 0.12517, batch_cost: 0.16173s, reader_cost: 0.03702s, ips: 24.73, eta: 0:43:54
[2025/07/14 21:56:04] ppsci INFO: [Train][Epoch 5587/6666][Iter 10/15] lr: 0.00000, loss: 0.13656, sup: 0.13656, batch_cost: 0.16117s, reader_cost: 0.04122s, ips: 397.10, eta: 0:43:29
[2025/07/14 21:56:28] ppsci INFO: [Train][Epoch 5594/6666][Iter  5/15] lr: 0.00000, loss: 0.12744, sup: 0.12744, batch_cost: 0.16351s, reader_cost: 0.03852s, ips: 391.40, eta: 0:43:50
[2025/07/14 21:56:51] ppsci INFO: [Train][Epoch 5600/6666][Iter 15/15] lr: 0.00000, loss: 0.13195, sup: 0.13195, batch_cost: 0.16053s, reader_cost: 0.03808s, ips: 24.92, eta: 0:42:46
[2025/07/14 21:57:15] ppsci INFO: [Train][Epoch 5607/6666][Iter 10/15] lr: 0.00000, loss: 0.12320, sup: 0.12320, batch_cost: 0.16105s, reader_cost: 0.04113s, ips: 397.39, eta: 0:42:39
[2025/07/14 21:57:40] ppsci INFO: [Train][Epoch 5614/6666][Iter  5/15] lr: 0.00000, loss: 0.11766, sup: 0.11766, batch_cost: 0.16446s, reader_cost: 0.03935s, ips: 389.15, eta: 0:43:16
[2025/07/14 21:58:02] ppsci INFO: [Train][Epoch 5620/6666][Iter 15/15] lr: 0.00000, loss: 0.13452, sup: 0.13452, batch_cost: 0.16011s, reader_cost: 0.03989s, ips: 24.98, eta: 0:41:52
[2025/07/14 21:58:26] ppsci INFO: [Train][Epoch 5627/6666][Iter 10/15] lr: 0.00000, loss: 0.13241, sup: 0.13241, batch_cost: 0.16063s, reader_cost: 0.04257s, ips: 398.42, eta: 0:41:44
[2025/07/14 21:58:50] ppsci INFO: [Train][Epoch 5634/6666][Iter  5/15] lr: 0.00000, loss: 0.13883, sup: 0.13883, batch_cost: 0.16293s, reader_cost: 0.03949s, ips: 392.80, eta: 0:42:03
[2025/07/14 21:59:13] ppsci INFO: [Train][Epoch 5640/6666][Iter 15/15] lr: 0.00000, loss: 0.12419, sup: 0.12419, batch_cost: 0.15986s, reader_cost: 0.03842s, ips: 25.02, eta: 0:41:00
[2025/07/14 21:59:37] ppsci INFO: [Train][Epoch 5647/6666][Iter 10/15] lr: 0.00000, loss: 0.12898, sup: 0.12898, batch_cost: 0.16152s, reader_cost: 0.04044s, ips: 396.23, eta: 0:41:09
[2025/07/14 22:00:01] ppsci INFO: [Train][Epoch 5654/6666][Iter  5/15] lr: 0.00000, loss: 0.15095, sup: 0.15095, batch_cost: 0.16197s, reader_cost: 0.03745s, ips: 395.14, eta: 0:41:00
[2025/07/14 22:00:24] ppsci INFO: [Train][Epoch 5660/6666][Iter 15/15] lr: 0.00000, loss: 0.13636, sup: 0.13636, batch_cost: 0.16009s, reader_cost: 0.04225s, ips: 24.99, eta: 0:40:15
[2025/07/14 22:00:48] ppsci INFO: [Train][Epoch 5667/6666][Iter 10/15] lr: 0.00000, loss: 0.11650, sup: 0.11650, batch_cost: 0.16345s, reader_cost: 0.04032s, ips: 391.55, eta: 0:40:50
[2025/07/14 22:01:13] ppsci INFO: [Train][Epoch 5674/6666][Iter  5/15] lr: 0.00000, loss: 0.13453, sup: 0.13453, batch_cost: 0.16129s, reader_cost: 0.03807s, ips: 396.79, eta: 0:40:01
[2025/07/14 22:01:36] ppsci INFO: [Train][Epoch 5680/6666][Iter 15/15] lr: 0.00000, loss: 0.13200, sup: 0.13200, batch_cost: 0.16001s, reader_cost: 0.03810s, ips: 25.00, eta: 0:39:26
[2025/07/14 22:02:00] ppsci INFO: [Train][Epoch 5687/6666][Iter 10/15] lr: 0.00000, loss: 0.13553, sup: 0.13553, batch_cost: 0.16255s, reader_cost: 0.03874s, ips: 393.74, eta: 0:39:47
[2025/07/14 22:02:24] ppsci INFO: [Train][Epoch 5694/6666][Iter  5/15] lr: 0.00000, loss: 0.11789, sup: 0.11789, batch_cost: 0.16350s, reader_cost: 0.03919s, ips: 391.43, eta: 0:39:45
[2025/07/14 22:02:47] ppsci INFO: [Train][Epoch 5700/6666][Iter 15/15] lr: 0.00000, loss: 0.12741, sup: 0.12741, batch_cost: 0.16093s, reader_cost: 0.03794s, ips: 24.86, eta: 0:38:51
[2025/07/14 22:03:12] ppsci INFO: [Train][Epoch 5707/6666][Iter 10/15] lr: 0.00000, loss: 0.12997, sup: 0.12997, batch_cost: 0.16418s, reader_cost: 0.03799s, ips: 389.82, eta: 0:39:22
[2025/07/14 22:03:36] ppsci INFO: [Train][Epoch 5714/6666][Iter  5/15] lr: 0.00000, loss: 0.13940, sup: 0.13940, batch_cost: 0.16233s, reader_cost: 0.03963s, ips: 394.26, eta: 0:38:39
[2025/07/14 22:03:59] ppsci INFO: [Train][Epoch 5720/6666][Iter 15/15] lr: 0.00000, loss: 0.13471, sup: 0.13471, batch_cost: 0.16208s, reader_cost: 0.03753s, ips: 24.68, eta: 0:38:19
[2025/07/14 22:04:23] ppsci INFO: [Train][Epoch 5727/6666][Iter 10/15] lr: 0.00000, loss: 0.13063, sup: 0.13063, batch_cost: 0.16189s, reader_cost: 0.04112s, ips: 395.32, eta: 0:38:01
[2025/07/14 22:04:47] ppsci INFO: [Train][Epoch 5734/6666][Iter  5/15] lr: 0.00000, loss: 0.11005, sup: 0.11005, batch_cost: 0.16278s, reader_cost: 0.03821s, ips: 393.16, eta: 0:37:57
[2025/07/14 22:05:10] ppsci INFO: [Train][Epoch 5740/6666][Iter 15/15] lr: 0.00000, loss: 0.13217, sup: 0.13217, batch_cost: 0.16117s, reader_cost: 0.03797s, ips: 24.82, eta: 0:37:18
[2025/07/14 22:05:34] ppsci INFO: [Train][Epoch 5747/6666][Iter 10/15] lr: 0.00000, loss: 0.12366, sup: 0.12366, batch_cost: 0.16165s, reader_cost: 0.04004s, ips: 395.92, eta: 0:37:09
[2025/07/14 22:05:59] ppsci INFO: [Train][Epoch 5754/6666][Iter  5/15] lr: 0.00000, loss: 0.11559, sup: 0.11559, batch_cost: 0.16203s, reader_cost: 0.04003s, ips: 394.99, eta: 0:36:58
[2025/07/14 22:06:22] ppsci INFO: [Train][Epoch 5760/6666][Iter 15/15] lr: 0.00000, loss: 0.13375, sup: 0.13375, batch_cost: 0.16026s, reader_cost: 0.03895s, ips: 24.96, eta: 0:36:17
[2025/07/14 22:06:46] ppsci INFO: [Train][Epoch 5767/6666][Iter 10/15] lr: 0.00000, loss: 0.12803, sup: 0.12803, batch_cost: 0.16381s, reader_cost: 0.03804s, ips: 390.69, eta: 0:36:49
[2025/07/14 22:07:10] ppsci INFO: [Train][Epoch 5774/6666][Iter  5/15] lr: 0.00000, loss: 0.13259, sup: 0.13259, batch_cost: 0.16224s, reader_cost: 0.03868s, ips: 394.47, eta: 0:36:12
[2025/07/14 22:07:33] ppsci INFO: [Train][Epoch 5780/6666][Iter 15/15] lr: 0.00000, loss: 0.12401, sup: 0.12401, batch_cost: 0.16322s, reader_cost: 0.03819s, ips: 24.51, eta: 0:36:09
[2025/07/14 22:07:58] ppsci INFO: [Train][Epoch 5787/6666][Iter 10/15] lr: 0.00000, loss: 0.12456, sup: 0.12456, batch_cost: 0.16291s, reader_cost: 0.04112s, ips: 392.86, eta: 0:35:48
[2025/07/14 22:08:22] ppsci INFO: [Train][Epoch 5794/6666][Iter  5/15] lr: 0.00000, loss: 0.11938, sup: 0.11938, batch_cost: 0.16588s, reader_cost: 0.03767s, ips: 385.83, eta: 0:36:11
[2025/07/14 22:08:45] ppsci INFO: [Train][Epoch 5800/6666][Iter 15/15] lr: 0.00000, loss: 0.12683, sup: 0.12683, batch_cost: 0.15853s, reader_cost: 0.04136s, ips: 25.23, eta: 0:34:19
[2025/07/14 22:09:09] ppsci INFO: [Train][Epoch 5807/6666][Iter 10/15] lr: 0.00000, loss: 0.12619, sup: 0.12619, batch_cost: 0.16102s, reader_cost: 0.04223s, ips: 397.47, eta: 0:34:35
[2025/07/14 22:09:33] ppsci INFO: [Train][Epoch 5814/6666][Iter  5/15] lr: 0.00000, loss: 0.12667, sup: 0.12667, batch_cost: 0.16106s, reader_cost: 0.04100s, ips: 397.36, eta: 0:34:20
[2025/07/14 22:09:56] ppsci INFO: [Train][Epoch 5820/6666][Iter 15/15] lr: 0.00000, loss: 0.12998, sup: 0.12998, batch_cost: 0.16062s, reader_cost: 0.03802s, ips: 24.90, eta: 0:33:58
[2025/07/14 22:10:20] ppsci INFO: [Train][Epoch 5827/6666][Iter 10/15] lr: 0.00000, loss: 0.12923, sup: 0.12923, batch_cost: 0.16272s, reader_cost: 0.03987s, ips: 393.32, eta: 0:34:08
[2025/07/14 22:10:44] ppsci INFO: [Train][Epoch 5834/6666][Iter  5/15] lr: 0.00000, loss: 0.12409, sup: 0.12409, batch_cost: 0.16442s, reader_cost: 0.03762s, ips: 389.25, eta: 0:34:13
[2025/07/14 22:11:07] ppsci INFO: [Train][Epoch 5840/6666][Iter 15/15] lr: 0.00000, loss: 0.13326, sup: 0.13326, batch_cost: 0.15861s, reader_cost: 0.04070s, ips: 25.22, eta: 0:32:45
[2025/07/14 22:11:31] ppsci INFO: [Train][Epoch 5847/6666][Iter 10/15] lr: 0.00000, loss: 0.12559, sup: 0.12559, batch_cost: 0.16177s, reader_cost: 0.03877s, ips: 395.62, eta: 0:33:08
[2025/07/14 22:11:55] ppsci INFO: [Train][Epoch 5854/6666][Iter  5/15] lr: 0.00000, loss: 0.14924, sup: 0.14924, batch_cost: 0.16258s, reader_cost: 0.03949s, ips: 393.64, eta: 0:33:01
[2025/07/14 22:12:18] ppsci INFO: [Train][Epoch 5860/6666][Iter 15/15] lr: 0.00000, loss: 0.11044, sup: 0.11044, batch_cost: 0.16184s, reader_cost: 0.03768s, ips: 24.72, eta: 0:32:36
[2025/07/14 22:12:43] ppsci INFO: [Train][Epoch 5867/6666][Iter 10/15] lr: 0.00000, loss: 0.12435, sup: 0.12435, batch_cost: 0.16449s, reader_cost: 0.03818s, ips: 389.08, eta: 0:32:52
[2025/07/14 22:13:07] ppsci INFO: [Train][Epoch 5874/6666][Iter  5/15] lr: 0.00000, loss: 0.12972, sup: 0.12972, batch_cost: 0.16273s, reader_cost: 0.03911s, ips: 393.30, eta: 0:32:14
[2025/07/14 22:13:30] ppsci INFO: [Train][Epoch 5880/6666][Iter 15/15] lr: 0.00000, loss: 0.11464, sup: 0.11464, batch_cost: 0.15905s, reader_cost: 0.04399s, ips: 25.15, eta: 0:31:15
[2025/07/14 22:13:54] ppsci INFO: [Train][Epoch 5887/6666][Iter 10/15] lr: 0.00000, loss: 0.13298, sup: 0.13298, batch_cost: 0.16221s, reader_cost: 0.04009s, ips: 394.56, eta: 0:31:36
[2025/07/14 22:14:18] ppsci INFO: [Train][Epoch 5894/6666][Iter  5/15] lr: 0.00000, loss: 0.12939, sup: 0.12939, batch_cost: 0.15988s, reader_cost: 0.04135s, ips: 400.29, eta: 0:30:53
[2025/07/14 22:14:40] ppsci INFO: [Train][Epoch 5900/6666][Iter 15/15] lr: 0.00000, loss: 0.12689, sup: 0.12689, batch_cost: 0.15858s, reader_cost: 0.03861s, ips: 25.22, eta: 0:30:22
[2025/07/14 22:15:04] ppsci INFO: [Train][Epoch 5907/6666][Iter 10/15] lr: 0.00000, loss: 0.13139, sup: 0.13139, batch_cost: 0.16209s, reader_cost: 0.03884s, ips: 394.85, eta: 0:30:46
[2025/07/14 22:15:29] ppsci INFO: [Train][Epoch 5914/6666][Iter  5/15] lr: 0.00000, loss: 0.12403, sup: 0.12403, batch_cost: 0.16240s, reader_cost: 0.03809s, ips: 394.09, eta: 0:30:33
[2025/07/14 22:15:51] ppsci INFO: [Train][Epoch 5920/6666][Iter 15/15] lr: 0.00000, loss: 0.11669, sup: 0.11669, batch_cost: 0.15943s, reader_cost: 0.03962s, ips: 25.09, eta: 0:29:44
[2025/07/14 22:16:15] ppsci INFO: [Train][Epoch 5927/6666][Iter 10/15] lr: 0.00000, loss: 0.12859, sup: 0.12859, batch_cost: 0.16095s, reader_cost: 0.03722s, ips: 397.64, eta: 0:29:44
[2025/07/14 22:16:39] ppsci INFO: [Train][Epoch 5934/6666][Iter  5/15] lr: 0.00000, loss: 0.12703, sup: 0.12703, batch_cost: 0.15879s, reader_cost: 0.03955s, ips: 403.06, eta: 0:29:05
[2025/07/14 22:17:02] ppsci INFO: [Train][Epoch 5940/6666][Iter 15/15] lr: 0.00000, loss: 0.12051, sup: 0.12051, batch_cost: 0.15918s, reader_cost: 0.04064s, ips: 25.13, eta: 0:28:53
[2025/07/14 22:17:26] ppsci INFO: [Train][Epoch 5947/6666][Iter 10/15] lr: 0.00000, loss: 0.14749, sup: 0.14749, batch_cost: 0.16196s, reader_cost: 0.03839s, ips: 395.16, eta: 0:29:07
[2025/07/14 22:17:50] ppsci INFO: [Train][Epoch 5954/6666][Iter  5/15] lr: 0.00000, loss: 0.10833, sup: 0.10833, batch_cost: 0.16206s, reader_cost: 0.03948s, ips: 394.92, eta: 0:28:52
[2025/07/14 22:18:13] ppsci INFO: [Train][Epoch 5960/6666][Iter 15/15] lr: 0.00000, loss: 0.12727, sup: 0.12727, batch_cost: 0.15836s, reader_cost: 0.04041s, ips: 25.26, eta: 0:27:57
[2025/07/14 22:18:37] ppsci INFO: [Train][Epoch 5967/6666][Iter 10/15] lr: 0.00000, loss: 0.13442, sup: 0.13442, batch_cost: 0.16314s, reader_cost: 0.03967s, ips: 392.31, eta: 0:28:31
[2025/07/14 22:19:01] ppsci INFO: [Train][Epoch 5974/6666][Iter  5/15] lr: 0.00000, loss: 0.12444, sup: 0.12444, batch_cost: 0.16164s, reader_cost: 0.04105s, ips: 395.95, eta: 0:27:59
[2025/07/14 22:19:25] ppsci INFO: [Train][Epoch 5980/6666][Iter 15/15] lr: 0.00000, loss: 0.12553, sup: 0.12553, batch_cost: 0.16343s, reader_cost: 0.03669s, ips: 24.48, eta: 0:28:01
[2025/07/14 22:19:49] ppsci INFO: [Train][Epoch 5987/6666][Iter 10/15] lr: 0.00000, loss: 0.12566, sup: 0.12566, batch_cost: 0.16400s, reader_cost: 0.03968s, ips: 390.23, eta: 0:27:51
[2025/07/14 22:20:14] ppsci INFO: [Train][Epoch 5994/6666][Iter  5/15] lr: 0.00000, loss: 0.13095, sup: 0.13095, batch_cost: 0.16600s, reader_cost: 0.03843s, ips: 385.55, eta: 0:27:54
[2025/07/14 22:20:37] ppsci INFO: [Train][Epoch 6000/6666][Iter 15/15] lr: 0.00000, loss: 0.12758, sup: 0.12758, batch_cost: 0.16272s, reader_cost: 0.03804s, ips: 24.58, eta: 0:27:05
[2025/07/14 22:21:01] ppsci INFO: [Train][Epoch 6007/6666][Iter 10/15] lr: 0.00000, loss: 0.13329, sup: 0.13329, batch_cost: 0.16312s, reader_cost: 0.03813s, ips: 392.35, eta: 0:26:53
[2025/07/14 22:21:25] ppsci INFO: [Train][Epoch 6014/6666][Iter  5/15] lr: 0.00000, loss: 0.12361, sup: 0.12361, batch_cost: 0.16205s, reader_cost: 0.03862s, ips: 394.93, eta: 0:26:26
[2025/07/14 22:21:48] ppsci INFO: [Train][Epoch 6020/6666][Iter 15/15] lr: 0.00000, loss: 0.13527, sup: 0.13527, batch_cost: 0.15910s, reader_cost: 0.03866s, ips: 25.14, eta: 0:25:41
[2025/07/14 22:22:12] ppsci INFO: [Train][Epoch 6027/6666][Iter 10/15] lr: 0.00000, loss: 0.12506, sup: 0.12506, batch_cost: 0.16176s, reader_cost: 0.04020s, ips: 395.66, eta: 0:25:51
[2025/07/14 22:22:36] ppsci INFO: [Train][Epoch 6034/6666][Iter  5/15] lr: 0.00000, loss: 0.12546, sup: 0.12546, batch_cost: 0.16350s, reader_cost: 0.03991s, ips: 391.43, eta: 0:25:51
[2025/07/14 22:22:59] ppsci INFO: [Train][Epoch 6040/6666][Iter 15/15] lr: 0.00000, loss: 0.13344, sup: 0.13344, batch_cost: 0.16247s, reader_cost: 0.03780s, ips: 24.62, eta: 0:25:25
[2025/07/14 22:23:23] ppsci INFO: [Train][Epoch 6047/6666][Iter 10/15] lr: 0.00000, loss: 0.13098, sup: 0.13098, batch_cost: 0.16477s, reader_cost: 0.04107s, ips: 388.42, eta: 0:25:30
[2025/07/14 22:23:48] ppsci INFO: [Train][Epoch 6054/6666][Iter  5/15] lr: 0.00000, loss: 0.14229, sup: 0.14229, batch_cost: 0.16140s, reader_cost: 0.04012s, ips: 396.52, eta: 0:24:43
[2025/07/14 22:24:11] ppsci INFO: [Train][Epoch 6060/6666][Iter 15/15] lr: 0.00000, loss: 0.12192, sup: 0.12192, batch_cost: 0.16129s, reader_cost: 0.03847s, ips: 24.80, eta: 0:24:26
[2025/07/14 22:24:35] ppsci INFO: [Train][Epoch 6067/6666][Iter 10/15] lr: 0.00000, loss: 0.13419, sup: 0.13419, batch_cost: 0.16138s, reader_cost: 0.03853s, ips: 396.57, eta: 0:24:10
[2025/07/14 22:24:59] ppsci INFO: [Train][Epoch 6074/6666][Iter  5/15] lr: 0.00000, loss: 0.11192, sup: 0.11192, batch_cost: 0.16411s, reader_cost: 0.03863s, ips: 389.99, eta: 0:24:18
[2025/07/14 22:25:22] ppsci INFO: [Train][Epoch 6080/6666][Iter 15/15] lr: 0.00000, loss: 0.12680, sup: 0.12680, batch_cost: 0.16122s, reader_cost: 0.03777s, ips: 24.81, eta: 0:23:37
[2025/07/14 22:25:47] ppsci INFO: [Train][Epoch 6087/6666][Iter 10/15] lr: 0.00000, loss: 0.13631, sup: 0.13631, batch_cost: 0.16681s, reader_cost: 0.03785s, ips: 383.66, eta: 0:24:09
[2025/07/14 22:26:11] ppsci INFO: [Train][Epoch 6094/6666][Iter  5/15] lr: 0.00000, loss: 0.13267, sup: 0.13267, batch_cost: 0.16244s, reader_cost: 0.04029s, ips: 393.99, eta: 0:23:15
[2025/07/14 22:26:34] ppsci INFO: [Train][Epoch 6100/6666][Iter 15/15] lr: 0.00000, loss: 0.12296, sup: 0.12296, batch_cost: 0.16245s, reader_cost: 0.03818s, ips: 24.62, eta: 0:22:59
[2025/07/14 22:26:58] ppsci INFO: [Train][Epoch 6107/6666][Iter 10/15] lr: 0.00000, loss: 0.11486, sup: 0.11486, batch_cost: 0.16594s, reader_cost: 0.03702s, ips: 385.68, eta: 0:23:12
[2025/07/14 22:27:23] ppsci INFO: [Train][Epoch 6114/6666][Iter  5/15] lr: 0.00000, loss: 0.12927, sup: 0.12927, batch_cost: 0.16311s, reader_cost: 0.03771s, ips: 392.37, eta: 0:22:32
[2025/07/14 22:27:46] ppsci INFO: [Train][Epoch 6120/6666][Iter 15/15] lr: 0.00000, loss: 0.12713, sup: 0.12713, batch_cost: 0.16372s, reader_cost: 0.03793s, ips: 24.43, eta: 0:22:20
[2025/07/14 22:28:10] ppsci INFO: [Train][Epoch 6127/6666][Iter 10/15] lr: 0.00000, loss: 0.12037, sup: 0.12037, batch_cost: 0.16369s, reader_cost: 0.03964s, ips: 390.98, eta: 0:22:04
[2025/07/14 22:28:34] ppsci INFO: [Train][Epoch 6134/6666][Iter  5/15] lr: 0.00000, loss: 0.13828, sup: 0.13828, batch_cost: 0.16182s, reader_cost: 0.04005s, ips: 395.51, eta: 0:21:32
[2025/07/14 22:28:57] ppsci INFO: [Train][Epoch 6140/6666][Iter 15/15] lr: 0.00000, loss: 0.14330, sup: 0.14330, batch_cost: 0.16018s, reader_cost: 0.03881s, ips: 24.97, eta: 0:21:03
[2025/07/14 22:29:21] ppsci INFO: [Train][Epoch 6147/6666][Iter 10/15] lr: 0.00000, loss: 0.11271, sup: 0.11271, batch_cost: 0.16085s, reader_cost: 0.04051s, ips: 397.89, eta: 0:20:53
[2025/07/14 22:29:45] ppsci INFO: [Train][Epoch 6154/6666][Iter  5/15] lr: 0.00000, loss: 0.12295, sup: 0.12295, batch_cost: 0.16276s, reader_cost: 0.03945s, ips: 393.22, eta: 0:20:51
[2025/07/14 22:30:08] ppsci INFO: [Train][Epoch 6160/6666][Iter 15/15] lr: 0.00000, loss: 0.13515, sup: 0.13515, batch_cost: 0.16178s, reader_cost: 0.03918s, ips: 24.72, eta: 0:20:27
[2025/07/14 22:30:32] ppsci INFO: [Train][Epoch 6167/6666][Iter 10/15] lr: 0.00000, loss: 0.13130, sup: 0.13130, batch_cost: 0.16437s, reader_cost: 0.03773s, ips: 389.36, eta: 0:20:31
[2025/07/14 22:30:56] ppsci INFO: [Train][Epoch 6174/6666][Iter  5/15] lr: 0.00000, loss: 0.12472, sup: 0.12472, batch_cost: 0.15988s, reader_cost: 0.03974s, ips: 400.31, eta: 0:19:41
[2025/07/14 22:31:19] ppsci INFO: [Train][Epoch 6180/6666][Iter 15/15] lr: 0.00000, loss: 0.12529, sup: 0.12529, batch_cost: 0.16261s, reader_cost: 0.03885s, ips: 24.60, eta: 0:19:45
[2025/07/14 22:31:43] ppsci INFO: [Train][Epoch 6187/6666][Iter 10/15] lr: 0.00000, loss: 0.13063, sup: 0.13063, batch_cost: 0.16170s, reader_cost: 0.04162s, ips: 395.80, eta: 0:19:22
[2025/07/14 22:32:07] ppsci INFO: [Train][Epoch 6194/6666][Iter  5/15] lr: 0.00000, loss: 0.12154, sup: 0.12154, batch_cost: 0.16358s, reader_cost: 0.03761s, ips: 391.24, eta: 0:19:19
[2025/07/14 22:32:30] ppsci INFO: [Train][Epoch 6200/6666][Iter 15/15] lr: 0.00000, loss: 0.12937, sup: 0.12937, batch_cost: 0.16220s, reader_cost: 0.04042s, ips: 24.66, eta: 0:18:53
[2025/07/14 22:32:54] ppsci INFO: [Train][Epoch 6207/6666][Iter 10/15] lr: 0.00000, loss: 0.12717, sup: 0.12717, batch_cost: 0.16145s, reader_cost: 0.04050s, ips: 396.40, eta: 0:18:32
[2025/07/14 22:33:19] ppsci INFO: [Train][Epoch 6214/6666][Iter  5/15] lr: 0.00000, loss: 0.12874, sup: 0.12874, batch_cost: 0.16434s, reader_cost: 0.03882s, ips: 389.43, eta: 0:18:35
[2025/07/14 22:33:42] ppsci INFO: [Train][Epoch 6220/6666][Iter 15/15] lr: 0.00000, loss: 0.12807, sup: 0.12807, batch_cost: 0.16165s, reader_cost: 0.03790s, ips: 24.75, eta: 0:18:01
[2025/07/14 22:34:06] ppsci INFO: [Train][Epoch 6227/6666][Iter 10/15] lr: 0.00000, loss: 0.12444, sup: 0.12444, batch_cost: 0.16213s, reader_cost: 0.03960s, ips: 394.76, eta: 0:17:48
[2025/07/14 22:34:31] ppsci INFO: [Train][Epoch 6234/6666][Iter  5/15] lr: 0.00000, loss: 0.13529, sup: 0.13529, batch_cost: 0.16270s, reader_cost: 0.03721s, ips: 393.37, eta: 0:17:35
[2025/07/14 22:34:54] ppsci INFO: [Train][Epoch 6240/6666][Iter 15/15] lr: 0.00000, loss: 0.13061, sup: 0.13061, batch_cost: 0.16295s, reader_cost: 0.03907s, ips: 24.55, eta: 0:17:21
[2025/07/14 22:35:18] ppsci INFO: [Train][Epoch 6247/6666][Iter 10/15] lr: 0.00000, loss: 0.11896, sup: 0.11896, batch_cost: 0.16148s, reader_cost: 0.04067s, ips: 396.34, eta: 0:16:55
[2025/07/14 22:35:42] ppsci INFO: [Train][Epoch 6254/6666][Iter  5/15] lr: 0.00000, loss: 0.12212, sup: 0.12212, batch_cost: 0.16103s, reader_cost: 0.03921s, ips: 397.45, eta: 0:16:36
[2025/07/14 22:36:05] ppsci INFO: [Train][Epoch 6260/6666][Iter 15/15] lr: 0.00000, loss: 0.12542, sup: 0.12542, batch_cost: 0.16058s, reader_cost: 0.03774s, ips: 24.91, eta: 0:16:17
[2025/07/14 22:36:29] ppsci INFO: [Train][Epoch 6267/6666][Iter 10/15] lr: 0.00000, loss: 0.12754, sup: 0.12754, batch_cost: 0.16437s, reader_cost: 0.03812s, ips: 389.36, eta: 0:16:24
[2025/07/14 22:36:54] ppsci INFO: [Train][Epoch 6274/6666][Iter  5/15] lr: 0.00000, loss: 0.14475, sup: 0.14475, batch_cost: 0.16169s, reader_cost: 0.03981s, ips: 395.82, eta: 0:15:52
[2025/07/14 22:37:17] ppsci INFO: [Train][Epoch 6280/6666][Iter 15/15] lr: 0.00000, loss: 0.11885, sup: 0.11885, batch_cost: 0.16132s, reader_cost: 0.03688s, ips: 24.80, eta: 0:15:34
[2025/07/14 22:37:41] ppsci INFO: [Train][Epoch 6287/6666][Iter 10/15] lr: 0.00000, loss: 0.12842, sup: 0.12842, batch_cost: 0.16410s, reader_cost: 0.03823s, ips: 390.01, eta: 0:15:33
[2025/07/14 22:38:06] ppsci INFO: [Train][Epoch 6294/6666][Iter  5/15] lr: 0.00000, loss: 0.12974, sup: 0.12974, batch_cost: 0.16425s, reader_cost: 0.03737s, ips: 389.65, eta: 0:15:18
[2025/07/14 22:38:29] ppsci INFO: [Train][Epoch 6300/6666][Iter 15/15] lr: 0.00000, loss: 0.13333, sup: 0.13333, batch_cost: 0.16530s, reader_cost: 0.03599s, ips: 24.20, eta: 0:15:07
[2025/07/14 22:38:53] ppsci INFO: [Train][Epoch 6307/6666][Iter 10/15] lr: 0.00000, loss: 0.13444, sup: 0.13444, batch_cost: 0.15973s, reader_cost: 0.04015s, ips: 400.68, eta: 0:14:20
[2025/07/14 22:39:17] ppsci INFO: [Train][Epoch 6314/6666][Iter  5/15] lr: 0.00000, loss: 0.13649, sup: 0.13649, batch_cost: 0.16254s, reader_cost: 0.03862s, ips: 393.75, eta: 0:14:19
[2025/07/14 22:39:40] ppsci INFO: [Train][Epoch 6320/6666][Iter 15/15] lr: 0.00000, loss: 0.11998, sup: 0.11998, batch_cost: 0.16309s, reader_cost: 0.03748s, ips: 24.53, eta: 0:14:06
[2025/07/14 22:40:05] ppsci INFO: [Train][Epoch 6327/6666][Iter 10/15] lr: 0.00000, loss: 0.12205, sup: 0.12205, batch_cost: 0.16544s, reader_cost: 0.03692s, ips: 386.85, eta: 0:14:02
[2025/07/14 22:40:30] ppsci INFO: [Train][Epoch 6334/6666][Iter  5/15] lr: 0.00000, loss: 0.11927, sup: 0.11927, batch_cost: 0.16395s, reader_cost: 0.03896s, ips: 390.37, eta: 0:13:38
[2025/07/14 22:40:53] ppsci INFO: [Train][Epoch 6340/6666][Iter 15/15] lr: 0.00000, loss: 0.12968, sup: 0.12968, batch_cost: 0.16217s, reader_cost: 0.03881s, ips: 24.67, eta: 0:13:13
[2025/07/14 22:41:17] ppsci INFO: [Train][Epoch 6347/6666][Iter 10/15] lr: 0.00000, loss: 0.11910, sup: 0.11910, batch_cost: 0.16482s, reader_cost: 0.03763s, ips: 388.29, eta: 0:13:09
[2025/07/14 22:41:41] ppsci INFO: [Train][Epoch 6354/6666][Iter  5/15] lr: 0.00000, loss: 0.14173, sup: 0.14173, batch_cost: 0.16310s, reader_cost: 0.03844s, ips: 392.41, eta: 0:12:44
[2025/07/14 22:42:04] ppsci INFO: [Train][Epoch 6360/6666][Iter 15/15] lr: 0.00000, loss: 0.12597, sup: 0.12597, batch_cost: 0.16224s, reader_cost: 0.03773s, ips: 24.65, eta: 0:12:24
[2025/07/14 22:42:29] ppsci INFO: [Train][Epoch 6367/6666][Iter 10/15] lr: 0.00000, loss: 0.11755, sup: 0.11755, batch_cost: 0.16305s, reader_cost: 0.04051s, ips: 392.52, eta: 0:12:12
[2025/07/14 22:42:53] ppsci INFO: [Train][Epoch 6374/6666][Iter  5/15] lr: 0.00000, loss: 0.11482, sup: 0.11482, batch_cost: 0.16154s, reader_cost: 0.04115s, ips: 396.18, eta: 0:11:49
[2025/07/14 22:43:16] ppsci INFO: [Train][Epoch 6380/6666][Iter 15/15] lr: 0.00000, loss: 0.12260, sup: 0.12260, batch_cost: 0.16068s, reader_cost: 0.03875s, ips: 24.89, eta: 0:11:29
[2025/07/14 22:43:40] ppsci INFO: [Train][Epoch 6387/6666][Iter 10/15] lr: 0.00000, loss: 0.12472, sup: 0.12472, batch_cost: 0.16089s, reader_cost: 0.04005s, ips: 397.80, eta: 0:11:14
[2025/07/14 22:44:04] ppsci INFO: [Train][Epoch 6394/6666][Iter  5/15] lr: 0.00000, loss: 0.13099, sup: 0.13099, batch_cost: 0.16174s, reader_cost: 0.04075s, ips: 395.69, eta: 0:11:01
[2025/07/14 22:44:27] ppsci INFO: [Train][Epoch 6400/6666][Iter 15/15] lr: 0.00000, loss: 0.13405, sup: 0.13405, batch_cost: 0.16389s, reader_cost: 0.03828s, ips: 24.41, eta: 0:10:53
[2025/07/14 22:44:51] ppsci INFO: [Train][Epoch 6407/6666][Iter 10/15] lr: 0.00000, loss: 0.12228, sup: 0.12228, batch_cost: 0.16395s, reader_cost: 0.03759s, ips: 390.35, eta: 0:10:37
[2025/07/14 22:45:16] ppsci INFO: [Train][Epoch 6414/6666][Iter  5/15] lr: 0.00000, loss: 0.12307, sup: 0.12307, batch_cost: 0.16198s, reader_cost: 0.04012s, ips: 395.11, eta: 0:10:13
[2025/07/14 22:45:39] ppsci INFO: [Train][Epoch 6420/6666][Iter 15/15] lr: 0.00000, loss: 0.12959, sup: 0.12959, batch_cost: 0.16215s, reader_cost: 0.03798s, ips: 24.67, eta: 0:09:58
[2025/07/14 22:46:03] ppsci INFO: [Train][Epoch 6427/6666][Iter 10/15] lr: 0.00000, loss: 0.13333, sup: 0.13333, batch_cost: 0.16306s, reader_cost: 0.03782s, ips: 392.48, eta: 0:09:45
[2025/07/14 22:46:27] ppsci INFO: [Train][Epoch 6434/6666][Iter  5/15] lr: 0.00000, loss: 0.12370, sup: 0.12370, batch_cost: 0.16013s, reader_cost: 0.04095s, ips: 399.66, eta: 0:09:18
[2025/07/14 22:46:50] ppsci INFO: [Train][Epoch 6440/6666][Iter 15/15] lr: 0.00000, loss: 0.12146, sup: 0.12146, batch_cost: 0.15961s, reader_cost: 0.04057s, ips: 25.06, eta: 0:09:01
[2025/07/14 22:47:14] ppsci INFO: [Train][Epoch 6447/6666][Iter 10/15] lr: 0.00000, loss: 0.12404, sup: 0.12404, batch_cost: 0.16049s, reader_cost: 0.03948s, ips: 398.77, eta: 0:08:48
[2025/07/14 22:47:38] ppsci INFO: [Train][Epoch 6454/6666][Iter  5/15] lr: 0.00000, loss: 0.13225, sup: 0.13225, batch_cost: 0.16034s, reader_cost: 0.04083s, ips: 399.14, eta: 0:08:31
[2025/07/14 22:48:00] ppsci INFO: [Train][Epoch 6460/6666][Iter 15/15] lr: 0.00000, loss: 0.10981, sup: 0.10981, batch_cost: 0.16153s, reader_cost: 0.03915s, ips: 24.76, eta: 0:08:19
[2025/07/14 22:48:24] ppsci INFO: [Train][Epoch 6467/6666][Iter 10/15] lr: 0.00000, loss: 0.12821, sup: 0.12821, batch_cost: 0.16396s, reader_cost: 0.03715s, ips: 390.34, eta: 0:08:10
[2025/07/14 22:48:49] ppsci INFO: [Train][Epoch 6474/6666][Iter  5/15] lr: 0.00000, loss: 0.12995, sup: 0.12995, batch_cost: 0.16301s, reader_cost: 0.03776s, ips: 392.61, eta: 0:07:51
[2025/07/14 22:49:12] ppsci INFO: [Train][Epoch 6480/6666][Iter 15/15] lr: 0.00000, loss: 0.11578, sup: 0.11578, batch_cost: 0.16388s, reader_cost: 0.03617s, ips: 24.41, eta: 0:07:37
[2025/07/14 22:49:36] ppsci INFO: [Train][Epoch 6487/6666][Iter 10/15] lr: 0.00000, loss: 0.12630, sup: 0.12630, batch_cost: 0.16620s, reader_cost: 0.03951s, ips: 385.07, eta: 0:07:27
[2025/07/14 22:50:01] ppsci INFO: [Train][Epoch 6494/6666][Iter  5/15] lr: 0.00000, loss: 0.13628, sup: 0.13628, batch_cost: 0.16280s, reader_cost: 0.03890s, ips: 393.12, eta: 0:07:01
[2025/07/14 22:50:24] ppsci INFO: [Train][Epoch 6500/6666][Iter 15/15] lr: 0.00000, loss: 0.12469, sup: 0.12469, batch_cost: 0.16296s, reader_cost: 0.03583s, ips: 24.55, eta: 0:06:45
[2025/07/14 22:50:48] ppsci INFO: [Train][Epoch 6507/6666][Iter 10/15] lr: 0.00000, loss: 0.12271, sup: 0.12271, batch_cost: 0.16417s, reader_cost: 0.03766s, ips: 389.84, eta: 0:06:32
[2025/07/14 22:51:13] ppsci INFO: [Train][Epoch 6514/6666][Iter  5/15] lr: 0.00000, loss: 0.12520, sup: 0.12520, batch_cost: 0.16202s, reader_cost: 0.03859s, ips: 395.00, eta: 0:06:11
[2025/07/14 22:51:36] ppsci INFO: [Train][Epoch 6520/6666][Iter 15/15] lr: 0.00000, loss: 0.12753, sup: 0.12753, batch_cost: 0.16188s, reader_cost: 0.03815s, ips: 24.71, eta: 0:05:54
[2025/07/14 22:52:00] ppsci INFO: [Train][Epoch 6527/6666][Iter 10/15] lr: 0.00000, loss: 0.12039, sup: 0.12039, batch_cost: 0.16232s, reader_cost: 0.03805s, ips: 394.27, eta: 0:05:39
[2025/07/14 22:52:24] ppsci INFO: [Train][Epoch 6534/6666][Iter  5/15] lr: 0.00000, loss: 0.14442, sup: 0.14442, batch_cost: 0.15989s, reader_cost: 0.03984s, ips: 400.27, eta: 0:05:18
[2025/07/14 22:52:46] ppsci INFO: [Train][Epoch 6540/6666][Iter 15/15] lr: 0.00000, loss: 0.12627, sup: 0.12627, batch_cost: 0.15967s, reader_cost: 0.03856s, ips: 25.05, eta: 0:05:01
[2025/07/14 22:53:11] ppsci INFO: [Train][Epoch 6547/6666][Iter 10/15] lr: 0.00000, loss: 0.13055, sup: 0.13055, batch_cost: 0.16275s, reader_cost: 0.04122s, ips: 393.24, eta: 0:04:51
[2025/07/14 22:53:35] ppsci INFO: [Train][Epoch 6554/6666][Iter  5/15] lr: 0.00000, loss: 0.12324, sup: 0.12324, batch_cost: 0.16305s, reader_cost: 0.03701s, ips: 392.52, eta: 0:04:35
[2025/07/14 22:53:57] ppsci INFO: [Train][Epoch 6560/6666][Iter 15/15] lr: 0.00000, loss: 0.11897, sup: 0.11897, batch_cost: 0.15881s, reader_cost: 0.04087s, ips: 25.19, eta: 0:04:12
[2025/07/14 22:54:21] ppsci INFO: [Train][Epoch 6567/6666][Iter 10/15] lr: 0.00000, loss: 0.12496, sup: 0.12496, batch_cost: 0.16663s, reader_cost: 0.03857s, ips: 384.09, eta: 0:04:08
[2025/07/14 22:54:46] ppsci INFO: [Train][Epoch 6574/6666][Iter  5/15] lr: 0.00000, loss: 0.11539, sup: 0.11539, batch_cost: 0.16137s, reader_cost: 0.03721s, ips: 396.61, eta: 0:03:44
[2025/07/14 22:55:09] ppsci INFO: [Train][Epoch 6580/6666][Iter 15/15] lr: 0.00000, loss: 0.12302, sup: 0.12302, batch_cost: 0.16168s, reader_cost: 0.03783s, ips: 24.74, eta: 0:03:28
[2025/07/14 22:55:33] ppsci INFO: [Train][Epoch 6587/6666][Iter 10/15] lr: 0.00000, loss: 0.11865, sup: 0.11865, batch_cost: 0.16393s, reader_cost: 0.03791s, ips: 390.42, eta: 0:03:15
[2025/07/14 22:55:57] ppsci INFO: [Train][Epoch 6594/6666][Iter  5/15] lr: 0.00000, loss: 0.13507, sup: 0.13507, batch_cost: 0.16352s, reader_cost: 0.03932s, ips: 391.38, eta: 0:02:58
[2025/07/14 22:56:20] ppsci INFO: [Train][Epoch 6600/6666][Iter 15/15] lr: 0.00000, loss: 0.12645, sup: 0.12645, batch_cost: 0.16349s, reader_cost: 0.03613s, ips: 24.47, eta: 0:02:41
[2025/07/14 22:56:45] ppsci INFO: [Train][Epoch 6607/6666][Iter 10/15] lr: 0.00000, loss: 0.11342, sup: 0.11342, batch_cost: 0.16517s, reader_cost: 0.03781s, ips: 387.49, eta: 0:02:26
[2025/07/14 22:57:09] ppsci INFO: [Train][Epoch 6614/6666][Iter  5/15] lr: 0.00000, loss: 0.13309, sup: 0.13309, batch_cost: 0.16246s, reader_cost: 0.03698s, ips: 393.95, eta: 0:02:08
[2025/07/14 22:57:32] ppsci INFO: [Train][Epoch 6620/6666][Iter 15/15] lr: 0.00000, loss: 0.12064, sup: 0.12064, batch_cost: 0.16193s, reader_cost: 0.04027s, ips: 24.70, eta: 0:01:51
[2025/07/14 22:57:57] ppsci INFO: [Train][Epoch 6627/6666][Iter 10/15] lr: 0.00000, loss: 0.11935, sup: 0.11935, batch_cost: 0.16197s, reader_cost: 0.03891s, ips: 395.14, eta: 0:01:35
[2025/07/14 22:58:21] ppsci INFO: [Train][Epoch 6634/6666][Iter  5/15] lr: 0.00000, loss: 0.11439, sup: 0.11439, batch_cost: 0.16301s, reader_cost: 0.03801s, ips: 392.60, eta: 0:01:19
[2025/07/14 22:58:44] ppsci INFO: [Train][Epoch 6640/6666][Iter 15/15] lr: 0.00000, loss: 0.13272, sup: 0.13272, batch_cost: 0.16062s, reader_cost: 0.03948s, ips: 24.90, eta: 0:01:02
[2025/07/14 22:59:08] ppsci INFO: [Train][Epoch 6647/6666][Iter 10/15] lr: 0.00000, loss: 0.11567, sup: 0.11567, batch_cost: 0.16300s, reader_cost: 0.03894s, ips: 392.65, eta: 0:00:47
[2025/07/14 22:59:32] ppsci INFO: [Train][Epoch 6654/6666][Iter  5/15] lr: 0.00000, loss: 0.13543, sup: 0.13543, batch_cost: 0.16192s, reader_cost: 0.03702s, ips: 395.27, eta: 0:00:30
[2025/07/14 22:59:55] ppsci INFO: [Train][Epoch 6660/6666][Iter 15/15] lr: 0.00000, loss: 0.13228, sup: 0.13228, batch_cost: 0.16194s, reader_cost: 0.04019s, ips: 24.70, eta: 0:00:14
[2025/07/14 23:00:16] ppsci INFO: [Train][Epoch 6666/6666][Iter 15/15] lr: 0.00000, loss: 0.13200, sup: 0.13200, batch_cost: 0.16023s, reader_cost: 0.03877s, ips: 24.96, eta: 0:00:00
