[2025/07/12 15:12:58] ppsci INFO: Auto collation is disabled and set num_workers to 0 to speed up batch sampling.
[2025/07/12 15:13:00] ppsci INFO: Using paddlepaddle 3.0.0(927dc47) on device Place(gpu:0)
[2025/07/12 15:13:00] ppsci MESSAGE: Set to_static=False for computational optimization.
[2025/07/12 15:13:02] ppsci INFO: [Train][Epoch    1/1754][Iter  1/57] lr: 0.00000, loss: 0.97758, sup: 0.97758, batch_cost: 1.50233s, reader_cost: 0.02984s, ips: 0.67, eta: 1 day, 17:43:18
[2025/07/12 15:13:08] ppsci MESSAGE: Finish saving checkpoint to: outputs_gifm_fae/2025-07-12/15-12-50/checkpoints/latest(latest checkpoint will be saved every epoch as expected, but this log will be printed only once for tidy logging)
[2025/07/12 15:13:13] ppsci INFO: [Train][Epoch    2/1754][Iter 43/57] lr: 0.00000, loss: 0.91727, sup: 0.91727, batch_cost: 0.11470s, reader_cost: 0.01031s, ips: 8.72, eta: 3:10:56
[2025/07/12 15:13:25] ppsci INFO: [Train][Epoch    4/1754][Iter 29/57] lr: 0.00000, loss: 0.82927, sup: 0.82927, batch_cost: 0.11444s, reader_cost: 0.00899s, ips: 8.74, eta: 3:10:18
[2025/07/12 15:13:37] ppsci INFO: [Train][Epoch    6/1754][Iter 15/57] lr: 0.00001, loss: 0.62431, sup: 0.62431, batch_cost: 0.11441s, reader_cost: 0.00820s, ips: 8.74, eta: 3:10:04
[2025/07/12 15:13:49] ppsci INFO: [Train][Epoch    8/1754][Iter  1/57] lr: 0.00001, loss: 0.55246, sup: 0.55246, batch_cost: 0.11410s, reader_cost: 0.00869s, ips: 8.76, eta: 3:09:22
[2025/07/12 15:14:01] ppsci INFO: [Train][Epoch    9/1754][Iter 44/57] lr: 0.00001, loss: 0.42182, sup: 0.42182, batch_cost: 0.11416s, reader_cost: 0.00730s, ips: 8.76, eta: 3:09:16
[2025/07/12 15:14:13] ppsci INFO: [Train][Epoch   11/1754][Iter 30/57] lr: 0.00001, loss: 0.32394, sup: 0.32394, batch_cost: 0.11380s, reader_cost: 0.01056s, ips: 8.79, eta: 3:08:29
[2025/07/12 15:14:25] ppsci INFO: [Train][Epoch   13/1754][Iter 16/57] lr: 0.00001, loss: 0.27353, sup: 0.27353, batch_cost: 0.11439s, reader_cost: 0.00852s, ips: 8.74, eta: 3:09:15
[2025/07/12 15:14:37] ppsci INFO: [Train][Epoch   15/1754][Iter  2/57] lr: 0.00001, loss: 0.23528, sup: 0.23528, batch_cost: 0.11447s, reader_cost: 0.00787s, ips: 8.74, eta: 3:09:13
[2025/07/12 15:14:49] ppsci INFO: [Train][Epoch   16/1754][Iter 45/57] lr: 0.00002, loss: 0.22131, sup: 0.22131, batch_cost: 0.11397s, reader_cost: 0.00860s, ips: 8.77, eta: 3:08:11
[2025/07/12 15:15:01] ppsci INFO: [Train][Epoch   18/1754][Iter 31/57] lr: 0.00002, loss: 0.21640, sup: 0.21640, batch_cost: 0.11465s, reader_cost: 0.00793s, ips: 8.72, eta: 3:09:07
[2025/07/12 15:15:13] ppsci INFO: [Train][Epoch   20/1754][Iter 17/57] lr: 0.00002, loss: 0.19145, sup: 0.19145, batch_cost: 0.11422s, reader_cost: 0.00971s, ips: 8.76, eta: 3:08:13
[2025/07/12 15:15:25] ppsci INFO: [Train][Epoch   22/1754][Iter  3/57] lr: 0.00002, loss: 0.18160, sup: 0.18160, batch_cost: 0.11370s, reader_cost: 0.00813s, ips: 8.80, eta: 3:07:10
[2025/07/12 15:15:37] ppsci INFO: [Train][Epoch   23/1754][Iter 46/57] lr: 0.00002, loss: 0.17116, sup: 0.17116, batch_cost: 0.11383s, reader_cost: 0.00740s, ips: 8.79, eta: 3:07:12
[2025/07/12 15:15:49] ppsci INFO: [Train][Epoch   25/1754][Iter 32/57] lr: 0.00002, loss: 0.16280, sup: 0.16280, batch_cost: 0.11350s, reader_cost: 0.00754s, ips: 8.81, eta: 3:06:28
[2025/07/12 15:16:01] ppsci INFO: [Train][Epoch   27/1754][Iter 18/57] lr: 0.00003, loss: 0.16330, sup: 0.16330, batch_cost: 0.11425s, reader_cost: 0.00765s, ips: 8.75, eta: 3:07:30
[2025/07/12 15:16:13] ppsci INFO: [Train][Epoch   29/1754][Iter  4/57] lr: 0.00003, loss: 0.14199, sup: 0.14199, batch_cost: 0.11444s, reader_cost: 0.00749s, ips: 8.74, eta: 3:07:38
[2025/07/12 15:16:24] ppsci INFO: [Train][Epoch   30/1754][Iter 47/57] lr: 0.00003, loss: 0.14106, sup: 0.14106, batch_cost: 0.11287s, reader_cost: 0.00771s, ips: 8.86, eta: 3:04:52
[2025/07/12 15:16:36] ppsci INFO: [Train][Epoch   32/1754][Iter 33/57] lr: 0.00003, loss: 0.12797, sup: 0.12797, batch_cost: 0.11352s, reader_cost: 0.00794s, ips: 8.81, eta: 3:05:45
[2025/07/12 15:16:48] ppsci INFO: [Train][Epoch   34/1754][Iter 19/57] lr: 0.00003, loss: 0.11968, sup: 0.11968, batch_cost: 0.11485s, reader_cost: 0.00738s, ips: 8.71, eta: 3:07:44
[2025/07/12 15:17:00] ppsci INFO: [Train][Epoch   36/1754][Iter  5/57] lr: 0.00004, loss: 0.11458, sup: 0.11458, batch_cost: 0.11317s, reader_cost: 0.00748s, ips: 8.84, eta: 3:04:48
[2025/07/12 15:17:12] ppsci INFO: [Train][Epoch   37/1754][Iter 48/57] lr: 0.00004, loss: 0.11361, sup: 0.11361, batch_cost: 0.11528s, reader_cost: 0.00855s, ips: 8.67, eta: 3:08:03
[2025/07/12 15:17:24] ppsci INFO: [Train][Epoch   39/1754][Iter 34/57] lr: 0.00004, loss: 0.10478, sup: 0.10478, batch_cost: 0.11314s, reader_cost: 0.00852s, ips: 8.84, eta: 3:04:22
[2025/07/12 15:17:36] ppsci INFO: [Train][Epoch   41/1754][Iter 20/57] lr: 0.00004, loss: 0.09973, sup: 0.09973, batch_cost: 0.11328s, reader_cost: 0.00722s, ips: 8.83, eta: 3:04:24
[2025/07/12 15:17:48] ppsci INFO: [Train][Epoch   43/1754][Iter  6/57] lr: 0.00004, loss: 0.09635, sup: 0.09635, batch_cost: 0.11390s, reader_cost: 0.00843s, ips: 8.78, eta: 3:05:13
[2025/07/12 15:17:59] ppsci INFO: [Train][Epoch   44/1754][Iter 49/57] lr: 0.00004, loss: 0.09145, sup: 0.09145, batch_cost: 0.11288s, reader_cost: 0.00734s, ips: 8.86, eta: 3:03:22
[2025/07/12 15:18:12] ppsci INFO: [Train][Epoch   46/1754][Iter 35/57] lr: 0.00005, loss: 0.08531, sup: 0.08531, batch_cost: 0.11537s, reader_cost: 0.00758s, ips: 8.67, eta: 3:07:14
[2025/07/12 15:18:24] ppsci INFO: [Train][Epoch   48/1754][Iter 21/57] lr: 0.00005, loss: 0.08520, sup: 0.08520, batch_cost: 0.11490s, reader_cost: 0.00820s, ips: 8.70, eta: 3:06:17
[2025/07/12 15:18:36] ppsci INFO: [Train][Epoch   50/1754][Iter  7/57] lr: 0.00005, loss: 0.07744, sup: 0.07744, batch_cost: 0.11499s, reader_cost: 0.00847s, ips: 8.70, eta: 3:06:14
[2025/07/12 15:18:42] ppsci MESSAGE: Finish saving checkpoint to: outputs_gifm_fae/2025-07-12/15-12-50/checkpoints/epoch_50
[2025/07/12 15:18:48] ppsci INFO: [Train][Epoch   51/1754][Iter 50/57] lr: 0.00005, loss: 0.07897, sup: 0.07897, batch_cost: 0.11440s, reader_cost: 0.00821s, ips: 8.74, eta: 3:05:05
[2025/07/12 15:19:00] ppsci INFO: [Train][Epoch   53/1754][Iter 36/57] lr: 0.00005, loss: 0.07491, sup: 0.07491, batch_cost: 0.11323s, reader_cost: 0.00912s, ips: 8.83, eta: 3:03:00
[2025/07/12 15:19:12] ppsci INFO: [Train][Epoch   55/1754][Iter 22/57] lr: 0.00005, loss: 0.07593, sup: 0.07593, batch_cost: 0.11364s, reader_cost: 0.00686s, ips: 8.80, eta: 3:03:29
[2025/07/12 15:19:23] ppsci INFO: [Train][Epoch   57/1754][Iter  8/57] lr: 0.00006, loss: 0.07438, sup: 0.07438, batch_cost: 0.11286s, reader_cost: 0.00747s, ips: 8.86, eta: 3:02:02
[2025/07/12 15:19:35] ppsci INFO: [Train][Epoch   58/1754][Iter 51/57] lr: 0.00006, loss: 0.06555, sup: 0.06555, batch_cost: 0.11454s, reader_cost: 0.00683s, ips: 8.73, eta: 3:04:33
[2025/07/12 15:19:47] ppsci INFO: [Train][Epoch   60/1754][Iter 37/57] lr: 0.00006, loss: 0.06468, sup: 0.06468, batch_cost: 0.11453s, reader_cost: 0.00785s, ips: 8.73, eta: 3:04:20
[2025/07/12 15:19:59] ppsci INFO: [Train][Epoch   62/1754][Iter 23/57] lr: 0.00006, loss: 0.06023, sup: 0.06023, batch_cost: 0.11252s, reader_cost: 0.00821s, ips: 8.89, eta: 3:00:55
[2025/07/12 15:20:11] ppsci INFO: [Train][Epoch   64/1754][Iter  9/57] lr: 0.00006, loss: 0.06656, sup: 0.06656, batch_cost: 0.11351s, reader_cost: 0.00670s, ips: 8.81, eta: 3:02:19
[2025/07/12 15:20:23] ppsci INFO: [Train][Epoch   65/1754][Iter 52/57] lr: 0.00006, loss: 0.05887, sup: 0.05887, batch_cost: 0.11363s, reader_cost: 0.00802s, ips: 8.80, eta: 3:02:19
[2025/07/12 15:20:35] ppsci INFO: [Train][Epoch   67/1754][Iter 38/57] lr: 0.00007, loss: 0.05773, sup: 0.05773, batch_cost: 0.11439s, reader_cost: 0.00787s, ips: 8.74, eta: 3:03:21
[2025/07/12 15:20:47] ppsci INFO: [Train][Epoch   69/1754][Iter 24/57] lr: 0.00007, loss: 0.05898, sup: 0.05898, batch_cost: 0.11363s, reader_cost: 0.00690s, ips: 8.80, eta: 3:01:57
[2025/07/12 15:20:59] ppsci INFO: [Train][Epoch   71/1754][Iter 10/57] lr: 0.00007, loss: 0.04733, sup: 0.04733, batch_cost: 0.11327s, reader_cost: 0.00720s, ips: 8.83, eta: 3:01:11
[2025/07/12 15:21:10] ppsci INFO: [Train][Epoch   72/1754][Iter 53/57] lr: 0.00007, loss: 0.05093, sup: 0.05093, batch_cost: 0.11447s, reader_cost: 0.00719s, ips: 8.74, eta: 3:02:55
[2025/07/12 15:21:22] ppsci INFO: [Train][Epoch   74/1754][Iter 39/57] lr: 0.00007, loss: 0.05187, sup: 0.05187, batch_cost: 0.11249s, reader_cost: 0.00827s, ips: 8.89, eta: 2:59:33
[2025/07/12 15:21:34] ppsci INFO: [Train][Epoch   76/1754][Iter 25/57] lr: 0.00008, loss: 0.04871, sup: 0.04871, batch_cost: 0.11435s, reader_cost: 0.00707s, ips: 8.75, eta: 3:02:20
[2025/07/12 15:21:46] ppsci INFO: [Train][Epoch   78/1754][Iter 11/57] lr: 0.00008, loss: 0.05147, sup: 0.05147, batch_cost: 0.11319s, reader_cost: 0.00827s, ips: 8.84, eta: 3:00:18
[2025/07/12 15:21:58] ppsci INFO: [Train][Epoch   79/1754][Iter 54/57] lr: 0.00008, loss: 0.04823, sup: 0.04823, batch_cost: 0.11375s, reader_cost: 0.00790s, ips: 8.79, eta: 3:01:00
[2025/07/12 15:22:10] ppsci INFO: [Train][Epoch   81/1754][Iter 40/57] lr: 0.00008, loss: 0.04649, sup: 0.04649, batch_cost: 0.11360s, reader_cost: 0.00847s, ips: 8.80, eta: 3:00:34
[2025/07/12 15:22:22] ppsci INFO: [Train][Epoch   83/1754][Iter 26/57] lr: 0.00008, loss: 0.04839, sup: 0.04839, batch_cost: 0.11472s, reader_cost: 0.00898s, ips: 8.72, eta: 3:02:10
[2025/07/12 15:22:34] ppsci INFO: [Train][Epoch   85/1754][Iter 12/57] lr: 0.00008, loss: 0.04893, sup: 0.04893, batch_cost: 0.11349s, reader_cost: 0.00953s, ips: 8.81, eta: 3:00:02
[2025/07/12 15:22:45] ppsci INFO: [Train][Epoch   86/1754][Iter 55/57] lr: 0.00009, loss: 0.04266, sup: 0.04266, batch_cost: 0.11244s, reader_cost: 0.00832s, ips: 8.89, eta: 2:58:10
[2025/07/12 15:22:58] ppsci INFO: [Train][Epoch   88/1754][Iter 41/57] lr: 0.00009, loss: 0.04003, sup: 0.04003, batch_cost: 0.11580s, reader_cost: 0.00892s, ips: 8.64, eta: 3:03:18
[2025/07/12 15:23:10] ppsci INFO: [Train][Epoch   90/1754][Iter 27/57] lr: 0.00009, loss: 0.03720, sup: 0.03720, batch_cost: 0.11433s, reader_cost: 0.00784s, ips: 8.75, eta: 3:00:47
[2025/07/12 15:23:22] ppsci INFO: [Train][Epoch   92/1754][Iter 13/57] lr: 0.00009, loss: 0.04321, sup: 0.04321, batch_cost: 0.11306s, reader_cost: 0.00976s, ips: 8.84, eta: 2:58:35
[2025/07/12 15:23:33] ppsci INFO: [Train][Epoch   93/1754][Iter 56/57] lr: 0.00009, loss: 0.03830, sup: 0.03830, batch_cost: 0.11447s, reader_cost: 0.00806s, ips: 8.74, eta: 3:00:37
[2025/07/12 15:23:45] ppsci INFO: [Train][Epoch   95/1754][Iter 42/57] lr: 0.00009, loss: 0.03914, sup: 0.03914, batch_cost: 0.11355s, reader_cost: 0.00865s, ips: 8.81, eta: 2:58:59
[2025/07/12 15:23:57] ppsci INFO: [Train][Epoch   97/1754][Iter 28/57] lr: 0.00010, loss: 0.03581, sup: 0.03581, batch_cost: 0.11484s, reader_cost: 0.00824s, ips: 8.71, eta: 3:00:50
[2025/07/12 15:24:09] ppsci INFO: [Train][Epoch   99/1754][Iter 14/57] lr: 0.00010, loss: 0.03238, sup: 0.03238, batch_cost: 0.11410s, reader_cost: 0.00825s, ips: 8.76, eta: 2:59:28
[2025/07/12 15:24:21] ppsci INFO: [Train][Epoch  100/1754][Iter 57/57] lr: 0.00010, loss: 0.03502, sup: 0.03502, batch_cost: 0.11362s, reader_cost: 0.00637s, ips: 8.80, eta: 2:58:31
[2025/07/12 15:24:21] ppsci MESSAGE: Finish saving checkpoint to: outputs_gifm_fae/2025-07-12/15-12-50/checkpoints/epoch_100
[2025/07/12 15:24:33] ppsci INFO: [Train][Epoch  102/1754][Iter 43/57] lr: 0.00010, loss: 0.03434, sup: 0.03434, batch_cost: 0.11507s, reader_cost: 0.00800s, ips: 8.69, eta: 3:00:37
[2025/07/12 15:24:45] ppsci INFO: [Train][Epoch  104/1754][Iter 29/57] lr: 0.00010, loss: 0.03916, sup: 0.03916, batch_cost: 0.11418s, reader_cost: 0.00760s, ips: 8.76, eta: 2:59:01
[2025/07/12 15:24:57] ppsci INFO: [Train][Epoch  106/1754][Iter 15/57] lr: 0.00011, loss: 0.03184, sup: 0.03184, batch_cost: 0.11337s, reader_cost: 0.00911s, ips: 8.82, eta: 2:57:33
[2025/07/12 15:25:09] ppsci INFO: [Train][Epoch  108/1754][Iter  1/57] lr: 0.00011, loss: 0.02929, sup: 0.02929, batch_cost: 0.11328s, reader_cost: 0.00807s, ips: 8.83, eta: 2:57:14
[2025/07/12 15:25:21] ppsci INFO: [Train][Epoch  109/1754][Iter 44/57] lr: 0.00011, loss: 0.03124, sup: 0.03124, batch_cost: 0.11475s, reader_cost: 0.00760s, ips: 8.71, eta: 2:59:20
[2025/07/12 15:25:33] ppsci INFO: [Train][Epoch  111/1754][Iter 30/57] lr: 0.00011, loss: 0.03249, sup: 0.03249, batch_cost: 0.11360s, reader_cost: 0.00733s, ips: 8.80, eta: 2:57:22
[2025/07/12 15:25:45] ppsci INFO: [Train][Epoch  113/1754][Iter 16/57] lr: 0.00011, loss: 0.03329, sup: 0.03329, batch_cost: 0.11368s, reader_cost: 0.00860s, ips: 8.80, eta: 2:57:18
[2025/07/12 15:25:57] ppsci INFO: [Train][Epoch  115/1754][Iter  2/57] lr: 0.00011, loss: 0.03056, sup: 0.03056, batch_cost: 0.11198s, reader_cost: 0.00823s, ips: 8.93, eta: 2:54:27
[2025/07/12 15:26:09] ppsci INFO: [Train][Epoch  116/1754][Iter 45/57] lr: 0.00012, loss: 0.03413, sup: 0.03413, batch_cost: 0.11403s, reader_cost: 0.00800s, ips: 8.77, eta: 2:57:27
[2025/07/12 15:26:20] ppsci INFO: [Train][Epoch  118/1754][Iter 31/57] lr: 0.00012, loss: 0.02886, sup: 0.02886, batch_cost: 0.11409s, reader_cost: 0.00832s, ips: 8.76, eta: 2:57:22
[2025/07/12 15:26:33] ppsci INFO: [Train][Epoch  120/1754][Iter 17/57] lr: 0.00012, loss: 0.02719, sup: 0.02719, batch_cost: 0.11491s, reader_cost: 0.00748s, ips: 8.70, eta: 2:58:26
[2025/07/12 15:26:45] ppsci INFO: [Train][Epoch  122/1754][Iter  3/57] lr: 0.00012, loss: 0.02619, sup: 0.02619, batch_cost: 0.11409s, reader_cost: 0.00733s, ips: 8.77, eta: 2:56:58
[2025/07/12 15:26:56] ppsci INFO: [Train][Epoch  123/1754][Iter 46/57] lr: 0.00012, loss: 0.02911, sup: 0.02911, batch_cost: 0.11430s, reader_cost: 0.00794s, ips: 8.75, eta: 2:57:07
[2025/07/12 15:27:09] ppsci INFO: [Train][Epoch  125/1754][Iter 32/57] lr: 0.00012, loss: 0.02770, sup: 0.02770, batch_cost: 0.11554s, reader_cost: 0.00714s, ips: 8.65, eta: 2:58:51
[2025/07/12 15:27:21] ppsci INFO: [Train][Epoch  127/1754][Iter 18/57] lr: 0.00013, loss: 0.02697, sup: 0.02697, batch_cost: 0.11423s, reader_cost: 0.00882s, ips: 8.75, eta: 2:56:38
[2025/07/12 15:27:33] ppsci INFO: [Train][Epoch  129/1754][Iter  4/57] lr: 0.00013, loss: 0.03440, sup: 0.03440, batch_cost: 0.11482s, reader_cost: 0.00716s, ips: 8.71, eta: 2:57:21
[2025/07/12 15:27:44] ppsci INFO: [Train][Epoch  130/1754][Iter 47/57] lr: 0.00013, loss: 0.02750, sup: 0.02750, batch_cost: 0.11371s, reader_cost: 0.00863s, ips: 8.79, eta: 2:55:27
[2025/07/12 15:27:56] ppsci INFO: [Train][Epoch  132/1754][Iter 33/57] lr: 0.00013, loss: 0.02660, sup: 0.02660, batch_cost: 0.11407s, reader_cost: 0.00841s, ips: 8.77, eta: 2:55:48
[2025/07/12 15:28:08] ppsci INFO: [Train][Epoch  134/1754][Iter 19/57] lr: 0.00013, loss: 0.02727, sup: 0.02727, batch_cost: 0.11403s, reader_cost: 0.00760s, ips: 8.77, eta: 2:55:33
[2025/07/12 15:28:20] ppsci INFO: [Train][Epoch  136/1754][Iter  5/57] lr: 0.00014, loss: 0.02284, sup: 0.02284, batch_cost: 0.11484s, reader_cost: 0.00816s, ips: 8.71, eta: 2:56:37
[2025/07/12 15:28:32] ppsci INFO: [Train][Epoch  137/1754][Iter 48/57] lr: 0.00014, loss: 0.02653, sup: 0.02653, batch_cost: 0.11501s, reader_cost: 0.00708s, ips: 8.69, eta: 2:56:41
[2025/07/12 15:28:44] ppsci INFO: [Train][Epoch  139/1754][Iter 34/57] lr: 0.00014, loss: 0.03093, sup: 0.03093, batch_cost: 0.11374s, reader_cost: 0.00819s, ips: 8.79, eta: 2:54:33
[2025/07/12 15:28:56] ppsci INFO: [Train][Epoch  141/1754][Iter 20/57] lr: 0.00014, loss: 0.02722, sup: 0.02722, batch_cost: 0.11302s, reader_cost: 0.00869s, ips: 8.85, eta: 2:53:15
[2025/07/12 15:29:08] ppsci INFO: [Train][Epoch  143/1754][Iter  6/57] lr: 0.00014, loss: 0.01947, sup: 0.01947, batch_cost: 0.11374s, reader_cost: 0.00965s, ips: 8.79, eta: 2:54:10
[2025/07/12 15:29:20] ppsci INFO: [Train][Epoch  144/1754][Iter 49/57] lr: 0.00014, loss: 0.02484, sup: 0.02484, batch_cost: 0.11326s, reader_cost: 0.00861s, ips: 8.83, eta: 2:53:14
[2025/07/12 15:29:32] ppsci INFO: [Train][Epoch  146/1754][Iter 35/57] lr: 0.00015, loss: 0.02438, sup: 0.02438, batch_cost: 0.11307s, reader_cost: 0.00825s, ips: 8.84, eta: 2:52:45
[2025/07/12 15:29:44] ppsci INFO: [Train][Epoch  148/1754][Iter 21/57] lr: 0.00015, loss: 0.02621, sup: 0.02621, batch_cost: 0.11463s, reader_cost: 0.00666s, ips: 8.72, eta: 2:54:57
[2025/07/12 15:29:56] ppsci INFO: [Train][Epoch  150/1754][Iter  7/57] lr: 0.00015, loss: 0.02338, sup: 0.02338, batch_cost: 0.11389s, reader_cost: 0.00746s, ips: 8.78, eta: 2:53:38
[2025/07/12 15:30:02] ppsci MESSAGE: Finish saving checkpoint to: outputs_gifm_fae/2025-07-12/15-12-50/checkpoints/epoch_150
[2025/07/12 15:30:08] ppsci INFO: [Train][Epoch  151/1754][Iter 50/57] lr: 0.00015, loss: 0.02605, sup: 0.02605, batch_cost: 0.11291s, reader_cost: 0.00740s, ips: 8.86, eta: 2:51:57
[2025/07/12 15:30:20] ppsci INFO: [Train][Epoch  153/1754][Iter 36/57] lr: 0.00015, loss: 0.02162, sup: 0.02162, batch_cost: 0.11380s, reader_cost: 0.00697s, ips: 8.79, eta: 2:53:07
[2025/07/12 15:30:32] ppsci INFO: [Train][Epoch  155/1754][Iter 22/57] lr: 0.00015, loss: 0.02415, sup: 0.02415, batch_cost: 0.11439s, reader_cost: 0.00684s, ips: 8.74, eta: 2:53:50
[2025/07/12 15:30:44] ppsci INFO: [Train][Epoch  157/1754][Iter  8/57] lr: 0.00016, loss: 0.02169, sup: 0.02169, batch_cost: 0.11537s, reader_cost: 0.00728s, ips: 8.67, eta: 2:55:07
[2025/07/12 15:30:56] ppsci INFO: [Train][Epoch  158/1754][Iter 51/57] lr: 0.00016, loss: 0.02069, sup: 0.02069, batch_cost: 0.11462s, reader_cost: 0.00803s, ips: 8.72, eta: 2:53:47
[2025/07/12 15:31:08] ppsci INFO: [Train][Epoch  160/1754][Iter 37/57] lr: 0.00016, loss: 0.02325, sup: 0.02325, batch_cost: 0.11422s, reader_cost: 0.00744s, ips: 8.75, eta: 2:53:00
[2025/07/12 15:31:20] ppsci INFO: [Train][Epoch  162/1754][Iter 23/57] lr: 0.00016, loss: 0.02102, sup: 0.02102, batch_cost: 0.11355s, reader_cost: 0.00736s, ips: 8.81, eta: 2:51:47
[2025/07/12 15:31:32] ppsci INFO: [Train][Epoch  164/1754][Iter  9/57] lr: 0.00016, loss: 0.02059, sup: 0.02059, batch_cost: 0.11401s, reader_cost: 0.00775s, ips: 8.77, eta: 2:52:18
[2025/07/12 15:31:43] ppsci INFO: [Train][Epoch  165/1754][Iter 52/57] lr: 0.00016, loss: 0.01744, sup: 0.01744, batch_cost: 0.11359s, reader_cost: 0.00831s, ips: 8.80, eta: 2:51:29
[2025/07/12 15:31:55] ppsci INFO: [Train][Epoch  167/1754][Iter 38/57] lr: 0.00017, loss: 0.02150, sup: 0.02150, batch_cost: 0.11357s, reader_cost: 0.00993s, ips: 8.81, eta: 2:51:15
[2025/07/12 15:32:08] ppsci INFO: [Train][Epoch  169/1754][Iter 24/57] lr: 0.00017, loss: 0.02059, sup: 0.02059, batch_cost: 0.11488s, reader_cost: 0.00724s, ips: 8.70, eta: 2:53:02
[2025/07/12 15:32:19] ppsci INFO: [Train][Epoch  171/1754][Iter 10/57] lr: 0.00017, loss: 0.02329, sup: 0.02329, batch_cost: 0.11264s, reader_cost: 0.00757s, ips: 8.88, eta: 2:49:28
[2025/07/12 15:32:31] ppsci INFO: [Train][Epoch  172/1754][Iter 53/57] lr: 0.00017, loss: 0.01903, sup: 0.01903, batch_cost: 0.11388s, reader_cost: 0.00799s, ips: 8.78, eta: 2:51:09
[2025/07/12 15:32:43] ppsci INFO: [Train][Epoch  174/1754][Iter 39/57] lr: 0.00017, loss: 0.01907, sup: 0.01907, batch_cost: 0.11464s, reader_cost: 0.00791s, ips: 8.72, eta: 2:52:06
[2025/07/12 15:32:55] ppsci INFO: [Train][Epoch  176/1754][Iter 25/57] lr: 0.00018, loss: 0.01543, sup: 0.01543, batch_cost: 0.11291s, reader_cost: 0.00706s, ips: 8.86, eta: 2:49:19
[2025/07/12 15:33:07] ppsci INFO: [Train][Epoch  178/1754][Iter 11/57] lr: 0.00018, loss: 0.02101, sup: 0.02101, batch_cost: 0.11452s, reader_cost: 0.00901s, ips: 8.73, eta: 2:51:33
[2025/07/12 15:33:19] ppsci INFO: [Train][Epoch  179/1754][Iter 54/57] lr: 0.00018, loss: 0.01880, sup: 0.01880, batch_cost: 0.11437s, reader_cost: 0.00748s, ips: 8.74, eta: 2:51:08
[2025/07/12 15:33:31] ppsci INFO: [Train][Epoch  181/1754][Iter 40/57] lr: 0.00018, loss: 0.01833, sup: 0.01833, batch_cost: 0.11373s, reader_cost: 0.00883s, ips: 8.79, eta: 2:49:58
[2025/07/12 15:33:43] ppsci INFO: [Train][Epoch  183/1754][Iter 26/57] lr: 0.00018, loss: 0.01771, sup: 0.01771, batch_cost: 0.11468s, reader_cost: 0.00734s, ips: 8.72, eta: 2:51:12
[2025/07/12 15:33:55] ppsci INFO: [Train][Epoch  185/1754][Iter 12/57] lr: 0.00018, loss: 0.01841, sup: 0.01841, batch_cost: 0.11410s, reader_cost: 0.00736s, ips: 8.76, eta: 2:50:09
[2025/07/12 15:34:07] ppsci INFO: [Train][Epoch  186/1754][Iter 55/57] lr: 0.00019, loss: 0.01464, sup: 0.01464, batch_cost: 0.11346s, reader_cost: 0.00835s, ips: 8.81, eta: 2:49:00
[2025/07/12 15:34:19] ppsci INFO: [Train][Epoch  188/1754][Iter 41/57] lr: 0.00019, loss: 0.01830, sup: 0.01830, batch_cost: 0.11458s, reader_cost: 0.00896s, ips: 8.73, eta: 2:50:29
[2025/07/12 15:34:31] ppsci INFO: [Train][Epoch  190/1754][Iter 27/57] lr: 0.00019, loss: 0.01965, sup: 0.01965, batch_cost: 0.11335s, reader_cost: 0.00844s, ips: 8.82, eta: 2:48:27
[2025/07/12 15:34:43] ppsci INFO: [Train][Epoch  192/1754][Iter 13/57] lr: 0.00019, loss: 0.02079, sup: 0.02079, batch_cost: 0.11429s, reader_cost: 0.00787s, ips: 8.75, eta: 2:49:40
[2025/07/12 15:34:54] ppsci INFO: [Train][Epoch  193/1754][Iter 56/57] lr: 0.00019, loss: 0.02111, sup: 0.02111, batch_cost: 0.11306s, reader_cost: 0.00767s, ips: 8.84, eta: 2:47:39
[2025/07/12 15:35:06] ppsci INFO: [Train][Epoch  195/1754][Iter 42/57] lr: 0.00019, loss: 0.02025, sup: 0.02025, batch_cost: 0.11386s, reader_cost: 0.00943s, ips: 8.78, eta: 2:48:39
[2025/07/12 15:35:18] ppsci INFO: [Train][Epoch  197/1754][Iter 28/57] lr: 0.00020, loss: 0.01440, sup: 0.01440, batch_cost: 0.11496s, reader_cost: 0.00888s, ips: 8.70, eta: 2:50:05
[2025/07/12 15:35:30] ppsci INFO: [Train][Epoch  199/1754][Iter 14/57] lr: 0.00020, loss: 0.01548, sup: 0.01548, batch_cost: 0.11300s, reader_cost: 0.00901s, ips: 8.85, eta: 2:47:00
[2025/07/12 15:35:42] ppsci INFO: [Train][Epoch  200/1754][Iter 57/57] lr: 0.00020, loss: 0.01677, sup: 0.01677, batch_cost: 0.11270s, reader_cost: 0.00830s, ips: 8.87, eta: 2:46:22
[2025/07/12 15:35:42] ppsci MESSAGE: Finish saving checkpoint to: outputs_gifm_fae/2025-07-12/15-12-50/checkpoints/epoch_200
[2025/07/12 15:35:54] ppsci INFO: [Train][Epoch  202/1754][Iter 43/57] lr: 0.00020, loss: 0.01467, sup: 0.01467, batch_cost: 0.11401s, reader_cost: 0.00699s, ips: 8.77, eta: 2:48:07
[2025/07/12 15:36:06] ppsci INFO: [Train][Epoch  204/1754][Iter 29/57] lr: 0.00020, loss: 0.01390, sup: 0.01390, batch_cost: 0.11544s, reader_cost: 0.00806s, ips: 8.66, eta: 2:50:02
[2025/07/12 15:36:18] ppsci INFO: [Train][Epoch  206/1754][Iter 15/57] lr: 0.00021, loss: 0.02643, sup: 0.02643, batch_cost: 0.11312s, reader_cost: 0.00915s, ips: 8.84, eta: 2:46:25
[2025/07/12 15:36:30] ppsci INFO: [Train][Epoch  208/1754][Iter  1/57] lr: 0.00021, loss: 0.01343, sup: 0.01343, batch_cost: 0.11474s, reader_cost: 0.00899s, ips: 8.72, eta: 2:48:37
[2025/07/12 15:36:42] ppsci INFO: [Train][Epoch  209/1754][Iter 44/57] lr: 0.00021, loss: 0.01142, sup: 0.01142, batch_cost: 0.11468s, reader_cost: 0.00949s, ips: 8.72, eta: 2:48:20
[2025/07/12 15:36:54] ppsci INFO: [Train][Epoch  211/1754][Iter 30/57] lr: 0.00021, loss: 0.01341, sup: 0.01341, batch_cost: 0.11539s, reader_cost: 0.00808s, ips: 8.67, eta: 2:49:11
[2025/07/12 15:37:06] ppsci INFO: [Train][Epoch  213/1754][Iter 16/57] lr: 0.00021, loss: 0.01733, sup: 0.01733, batch_cost: 0.11255s, reader_cost: 0.00896s, ips: 8.89, eta: 2:44:50
[2025/07/12 15:37:18] ppsci INFO: [Train][Epoch  215/1754][Iter  2/57] lr: 0.00021, loss: 0.01486, sup: 0.01486, batch_cost: 0.11458s, reader_cost: 0.00801s, ips: 8.73, eta: 2:47:37
[2025/07/12 15:37:30] ppsci INFO: [Train][Epoch  216/1754][Iter 45/57] lr: 0.00022, loss: 0.02114, sup: 0.02114, batch_cost: 0.11479s, reader_cost: 0.00792s, ips: 8.71, eta: 2:47:44
[2025/07/12 15:37:42] ppsci INFO: [Train][Epoch  218/1754][Iter 31/57] lr: 0.00022, loss: 0.01578, sup: 0.01578, batch_cost: 0.11282s, reader_cost: 0.00801s, ips: 8.86, eta: 2:44:40
[2025/07/12 15:37:54] ppsci INFO: [Train][Epoch  220/1754][Iter 17/57] lr: 0.00022, loss: 0.01324, sup: 0.01324, batch_cost: 0.11377s, reader_cost: 0.00883s, ips: 8.79, eta: 2:45:52
[2025/07/12 15:38:06] ppsci INFO: [Train][Epoch  222/1754][Iter  3/57] lr: 0.00022, loss: 0.02122, sup: 0.02122, batch_cost: 0.11263s, reader_cost: 0.00974s, ips: 8.88, eta: 2:44:01
[2025/07/12 15:38:18] ppsci INFO: [Train][Epoch  223/1754][Iter 46/57] lr: 0.00022, loss: 0.01777, sup: 0.01777, batch_cost: 0.11311s, reader_cost: 0.00916s, ips: 8.84, eta: 2:44:32
[2025/07/12 15:38:30] ppsci INFO: [Train][Epoch  225/1754][Iter 32/57] lr: 0.00022, loss: 0.01157, sup: 0.01157, batch_cost: 0.11517s, reader_cost: 0.00666s, ips: 8.68, eta: 2:47:20
[2025/07/12 15:38:42] ppsci INFO: [Train][Epoch  227/1754][Iter 18/57] lr: 0.00023, loss: 0.01062, sup: 0.01062, batch_cost: 0.11424s, reader_cost: 0.00818s, ips: 8.75, eta: 2:45:48
[2025/07/12 15:38:54] ppsci INFO: [Train][Epoch  229/1754][Iter  4/57] lr: 0.00023, loss: 0.01102, sup: 0.01102, batch_cost: 0.11464s, reader_cost: 0.00664s, ips: 8.72, eta: 2:46:10
[2025/07/12 15:39:06] ppsci INFO: [Train][Epoch  230/1754][Iter 47/57] lr: 0.00023, loss: 0.00971, sup: 0.00971, batch_cost: 0.11449s, reader_cost: 0.00786s, ips: 8.73, eta: 2:45:46
[2025/07/12 15:39:18] ppsci INFO: [Train][Epoch  232/1754][Iter 33/57] lr: 0.00023, loss: 0.01709, sup: 0.01709, batch_cost: 0.11415s, reader_cost: 0.00711s, ips: 8.76, eta: 2:45:05
[2025/07/12 15:39:30] ppsci INFO: [Train][Epoch  234/1754][Iter 19/57] lr: 0.00023, loss: 0.01205, sup: 0.01205, batch_cost: 0.11544s, reader_cost: 0.00773s, ips: 8.66, eta: 2:46:46
[2025/07/12 15:39:42] ppsci INFO: [Train][Epoch  236/1754][Iter  5/57] lr: 0.00024, loss: 0.01288, sup: 0.01288, batch_cost: 0.11396s, reader_cost: 0.00734s, ips: 8.77, eta: 2:44:26
[2025/07/12 15:39:54] ppsci INFO: [Train][Epoch  237/1754][Iter 48/57] lr: 0.00024, loss: 0.01783, sup: 0.01783, batch_cost: 0.11316s, reader_cost: 0.00817s, ips: 8.84, eta: 2:43:05
[2025/07/12 15:40:06] ppsci INFO: [Train][Epoch  239/1754][Iter 34/57] lr: 0.00024, loss: 0.01434, sup: 0.01434, batch_cost: 0.11222s, reader_cost: 0.00937s, ips: 8.91, eta: 2:41:33
[2025/07/12 15:40:18] ppsci INFO: [Train][Epoch  241/1754][Iter 20/57] lr: 0.00024, loss: 0.01798, sup: 0.01798, batch_cost: 0.11392s, reader_cost: 0.00802s, ips: 8.78, eta: 2:43:48
[2025/07/12 15:40:30] ppsci INFO: [Train][Epoch  243/1754][Iter  6/57] lr: 0.00024, loss: 0.01107, sup: 0.01107, batch_cost: 0.11471s, reader_cost: 0.00681s, ips: 8.72, eta: 2:44:45
[2025/07/12 15:40:42] ppsci INFO: [Train][Epoch  244/1754][Iter 49/57] lr: 0.00024, loss: 0.01084, sup: 0.01084, batch_cost: 0.11489s, reader_cost: 0.00688s, ips: 8.70, eta: 2:44:49
[2025/07/12 15:40:54] ppsci INFO: [Train][Epoch  246/1754][Iter 35/57] lr: 0.00025, loss: 0.01704, sup: 0.01704, batch_cost: 0.11469s, reader_cost: 0.00928s, ips: 8.72, eta: 2:44:20
[2025/07/12 15:41:06] ppsci INFO: [Train][Epoch  248/1754][Iter 21/57] lr: 0.00025, loss: 0.01251, sup: 0.01251, batch_cost: 0.11481s, reader_cost: 0.00738s, ips: 8.71, eta: 2:44:19
[2025/07/12 15:41:18] ppsci INFO: [Train][Epoch  250/1754][Iter  7/57] lr: 0.00025, loss: 0.01086, sup: 0.01086, batch_cost: 0.11277s, reader_cost: 0.00713s, ips: 8.87, eta: 2:41:13
[2025/07/12 15:41:24] ppsci MESSAGE: Finish saving checkpoint to: outputs_gifm_fae/2025-07-12/15-12-50/checkpoints/epoch_250
[2025/07/12 15:41:30] ppsci INFO: [Train][Epoch  251/1754][Iter 50/57] lr: 0.00025, loss: 0.01450, sup: 0.01450, batch_cost: 0.11528s, reader_cost: 0.00674s, ips: 8.67, eta: 2:44:36
[2025/07/12 15:41:42] ppsci INFO: [Train][Epoch  253/1754][Iter 36/57] lr: 0.00025, loss: 0.00979, sup: 0.00979, batch_cost: 0.11410s, reader_cost: 0.00818s, ips: 8.76, eta: 2:42:44
[2025/07/12 15:41:54] ppsci INFO: [Train][Epoch  255/1754][Iter 22/57] lr: 0.00025, loss: 0.00925, sup: 0.00925, batch_cost: 0.11330s, reader_cost: 0.00844s, ips: 8.83, eta: 2:41:24
[2025/07/12 15:42:06] ppsci INFO: [Train][Epoch  257/1754][Iter  8/57] lr: 0.00026, loss: 0.01283, sup: 0.01283, batch_cost: 0.11327s, reader_cost: 0.00796s, ips: 8.83, eta: 2:41:10
[2025/07/12 15:42:18] ppsci INFO: [Train][Epoch  258/1754][Iter 51/57] lr: 0.00026, loss: 0.01811, sup: 0.01811, batch_cost: 0.11459s, reader_cost: 0.00790s, ips: 8.73, eta: 2:42:52
[2025/07/12 15:42:30] ppsci INFO: [Train][Epoch  260/1754][Iter 37/57] lr: 0.00026, loss: 0.01133, sup: 0.01133, batch_cost: 0.11299s, reader_cost: 0.00888s, ips: 8.85, eta: 2:40:24
[2025/07/12 15:42:42] ppsci INFO: [Train][Epoch  262/1754][Iter 23/57] lr: 0.00026, loss: 0.01328, sup: 0.01328, batch_cost: 0.11285s, reader_cost: 0.00846s, ips: 8.86, eta: 2:40:00
[2025/07/12 15:42:53] ppsci INFO: [Train][Epoch  264/1754][Iter  9/57] lr: 0.00026, loss: 0.01047, sup: 0.01047, batch_cost: 0.11249s, reader_cost: 0.00851s, ips: 8.89, eta: 2:39:19
[2025/07/12 15:43:05] ppsci INFO: [Train][Epoch  265/1754][Iter 52/57] lr: 0.00026, loss: 0.01189, sup: 0.01189, batch_cost: 0.11354s, reader_cost: 0.00664s, ips: 8.81, eta: 2:40:37
[2025/07/12 15:43:17] ppsci INFO: [Train][Epoch  267/1754][Iter 38/57] lr: 0.00027, loss: 0.02087, sup: 0.02087, batch_cost: 0.11263s, reader_cost: 0.00758s, ips: 8.88, eta: 2:39:08
[2025/07/12 15:43:29] ppsci INFO: [Train][Epoch  269/1754][Iter 24/57] lr: 0.00027, loss: 0.01600, sup: 0.01600, batch_cost: 0.11320s, reader_cost: 0.00888s, ips: 8.83, eta: 2:39:45
[2025/07/12 15:43:41] ppsci INFO: [Train][Epoch  271/1754][Iter 10/57] lr: 0.00027, loss: 0.01143, sup: 0.01143, batch_cost: 0.11339s, reader_cost: 0.00861s, ips: 8.82, eta: 2:39:49
[2025/07/12 15:43:53] ppsci INFO: [Train][Epoch  272/1754][Iter 53/57] lr: 0.00027, loss: 0.01738, sup: 0.01738, batch_cost: 0.11395s, reader_cost: 0.00650s, ips: 8.78, eta: 2:40:25
[2025/07/12 15:44:05] ppsci INFO: [Train][Epoch  274/1754][Iter 39/57] lr: 0.00027, loss: 0.00875, sup: 0.00875, batch_cost: 0.11231s, reader_cost: 0.00938s, ips: 8.90, eta: 2:37:56
[2025/07/12 15:44:17] ppsci INFO: [Train][Epoch  276/1754][Iter 25/57] lr: 0.00028, loss: 0.01012, sup: 0.01012, batch_cost: 0.11490s, reader_cost: 0.00738s, ips: 8.70, eta: 2:41:23
[2025/07/12 15:44:29] ppsci INFO: [Train][Epoch  278/1754][Iter 11/57] lr: 0.00028, loss: 0.01438, sup: 0.01438, batch_cost: 0.11456s, reader_cost: 0.00919s, ips: 8.73, eta: 2:40:43
[2025/07/12 15:44:40] ppsci INFO: [Train][Epoch  279/1754][Iter 54/57] lr: 0.00028, loss: 0.00927, sup: 0.00927, batch_cost: 0.11227s, reader_cost: 0.00696s, ips: 8.91, eta: 2:37:19
[2025/07/12 15:44:53] ppsci INFO: [Train][Epoch  281/1754][Iter 40/57] lr: 0.00028, loss: 0.01371, sup: 0.01371, batch_cost: 0.11396s, reader_cost: 0.00922s, ips: 8.78, eta: 2:39:30
[2025/07/12 15:45:05] ppsci INFO: [Train][Epoch  283/1754][Iter 26/57] lr: 0.00028, loss: 0.01197, sup: 0.01197, batch_cost: 0.11347s, reader_cost: 0.00913s, ips: 8.81, eta: 2:38:38
[2025/07/12 15:45:17] ppsci INFO: [Train][Epoch  285/1754][Iter 12/57] lr: 0.00028, loss: 0.00902, sup: 0.00902, batch_cost: 0.11347s, reader_cost: 0.00771s, ips: 8.81, eta: 2:38:26
[2025/07/12 15:45:28] ppsci INFO: [Train][Epoch  286/1754][Iter 55/57] lr: 0.00029, loss: 0.01286, sup: 0.01286, batch_cost: 0.11348s, reader_cost: 0.00865s, ips: 8.81, eta: 2:38:15
[2025/07/12 15:45:40] ppsci INFO: [Train][Epoch  288/1754][Iter 41/57] lr: 0.00029, loss: 0.00939, sup: 0.00939, batch_cost: 0.11375s, reader_cost: 0.00823s, ips: 8.79, eta: 2:38:26
[2025/07/12 15:45:52] ppsci INFO: [Train][Epoch  290/1754][Iter 27/57] lr: 0.00029, loss: 0.01067, sup: 0.01067, batch_cost: 0.11487s, reader_cost: 0.00753s, ips: 8.71, eta: 2:39:49
[2025/07/12 15:46:04] ppsci INFO: [Train][Epoch  292/1754][Iter 13/57] lr: 0.00029, loss: 0.01216, sup: 0.01216, batch_cost: 0.11298s, reader_cost: 0.00906s, ips: 8.85, eta: 2:37:00
[2025/07/12 15:46:16] ppsci INFO: [Train][Epoch  293/1754][Iter 56/57] lr: 0.00029, loss: 0.00827, sup: 0.00827, batch_cost: 0.11320s, reader_cost: 0.00854s, ips: 8.83, eta: 2:37:06
[2025/07/12 15:46:28] ppsci INFO: [Train][Epoch  295/1754][Iter 42/57] lr: 0.00029, loss: 0.01079, sup: 0.01079, batch_cost: 0.11269s, reader_cost: 0.00843s, ips: 8.87, eta: 2:36:13
[2025/07/12 15:46:40] ppsci INFO: [Train][Epoch  297/1754][Iter 28/57] lr: 0.00030, loss: 0.01288, sup: 0.01288, batch_cost: 0.11449s, reader_cost: 0.00759s, ips: 8.73, eta: 2:38:31
[2025/07/12 15:46:52] ppsci INFO: [Train][Epoch  299/1754][Iter 14/57] lr: 0.00030, loss: 0.02108, sup: 0.02108, batch_cost: 0.11261s, reader_cost: 0.00908s, ips: 8.88, eta: 2:35:44
[2025/07/12 15:47:04] ppsci INFO: [Train][Epoch  300/1754][Iter 57/57] lr: 0.00030, loss: 0.01363, sup: 0.01363, batch_cost: 0.11356s, reader_cost: 0.00665s, ips: 8.81, eta: 2:36:51
[2025/07/12 15:47:04] ppsci MESSAGE: Finish saving checkpoint to: outputs_gifm_fae/2025-07-12/15-12-50/checkpoints/epoch_300
[2025/07/12 15:47:16] ppsci INFO: [Train][Epoch  302/1754][Iter 43/57] lr: 0.00030, loss: 0.01422, sup: 0.01422, batch_cost: 0.11490s, reader_cost: 0.00870s, ips: 8.70, eta: 2:38:31
[2025/07/12 15:47:28] ppsci INFO: [Train][Epoch  304/1754][Iter 29/57] lr: 0.00030, loss: 0.01300, sup: 0.01300, batch_cost: 0.11387s, reader_cost: 0.00782s, ips: 8.78, eta: 2:36:54
[2025/07/12 15:47:40] ppsci INFO: [Train][Epoch  306/1754][Iter 15/57] lr: 0.00031, loss: 0.01265, sup: 0.01265, batch_cost: 0.11362s, reader_cost: 0.00763s, ips: 8.80, eta: 2:36:22
[2025/07/12 15:47:52] ppsci INFO: [Train][Epoch  308/1754][Iter  1/57] lr: 0.00031, loss: 0.01128, sup: 0.01128, batch_cost: 0.11493s, reader_cost: 0.00828s, ips: 8.70, eta: 2:37:59
[2025/07/12 15:48:04] ppsci INFO: [Train][Epoch  309/1754][Iter 44/57] lr: 0.00031, loss: 0.00691, sup: 0.00691, batch_cost: 0.11410s, reader_cost: 0.00748s, ips: 8.76, eta: 2:36:39
[2025/07/12 15:48:16] ppsci INFO: [Train][Epoch  311/1754][Iter 30/57] lr: 0.00031, loss: 0.00682, sup: 0.00682, batch_cost: 0.11431s, reader_cost: 0.00822s, ips: 8.75, eta: 2:36:45
[2025/07/12 15:48:28] ppsci INFO: [Train][Epoch  313/1754][Iter 16/57] lr: 0.00031, loss: 0.00754, sup: 0.00754, batch_cost: 0.11467s, reader_cost: 0.00813s, ips: 8.72, eta: 2:37:03
[2025/07/12 15:48:40] ppsci INFO: [Train][Epoch  315/1754][Iter  2/57] lr: 0.00031, loss: 0.01037, sup: 0.01037, batch_cost: 0.11368s, reader_cost: 0.00962s, ips: 8.80, eta: 2:35:30
[2025/07/12 15:48:52] ppsci INFO: [Train][Epoch  316/1754][Iter 45/57] lr: 0.00032, loss: 0.00993, sup: 0.00993, batch_cost: 0.11402s, reader_cost: 0.01052s, ips: 8.77, eta: 2:35:47
[2025/07/12 15:49:04] ppsci INFO: [Train][Epoch  318/1754][Iter 31/57] lr: 0.00032, loss: 0.01303, sup: 0.01303, batch_cost: 0.11388s, reader_cost: 0.00892s, ips: 8.78, eta: 2:35:24
[2025/07/12 15:49:16] ppsci INFO: [Train][Epoch  320/1754][Iter 17/57] lr: 0.00032, loss: 0.01989, sup: 0.01989, batch_cost: 0.11371s, reader_cost: 0.00897s, ips: 8.79, eta: 2:34:58
[2025/07/12 15:49:28] ppsci INFO: [Train][Epoch  322/1754][Iter  3/57] lr: 0.00032, loss: 0.00906, sup: 0.00906, batch_cost: 0.11341s, reader_cost: 0.00771s, ips: 8.82, eta: 2:34:23
[2025/07/12 15:49:40] ppsci INFO: [Train][Epoch  323/1754][Iter 46/57] lr: 0.00032, loss: 0.00791, sup: 0.00791, batch_cost: 0.11172s, reader_cost: 0.00805s, ips: 8.95, eta: 2:31:53
[2025/07/12 15:49:51] ppsci INFO: [Train][Epoch  325/1754][Iter 32/57] lr: 0.00032, loss: 0.00868, sup: 0.00868, batch_cost: 0.11299s, reader_cost: 0.00760s, ips: 8.85, eta: 2:33:26
[2025/07/12 15:50:04] ppsci INFO: [Train][Epoch  327/1754][Iter 18/57] lr: 0.00033, loss: 0.00645, sup: 0.00645, batch_cost: 0.11458s, reader_cost: 0.00717s, ips: 8.73, eta: 2:35:24
[2025/07/12 15:50:16] ppsci INFO: [Train][Epoch  329/1754][Iter  4/57] lr: 0.00033, loss: 0.01032, sup: 0.01032, batch_cost: 0.11446s, reader_cost: 0.00777s, ips: 8.74, eta: 2:35:02
[2025/07/12 15:50:27] ppsci INFO: [Train][Epoch  330/1754][Iter 47/57] lr: 0.00033, loss: 0.01700, sup: 0.01700, batch_cost: 0.11401s, reader_cost: 0.00836s, ips: 8.77, eta: 2:34:15
[2025/07/12 15:50:39] ppsci INFO: [Train][Epoch  332/1754][Iter 33/57] lr: 0.00033, loss: 0.01016, sup: 0.01016, batch_cost: 0.11306s, reader_cost: 0.00754s, ips: 8.84, eta: 2:32:46
[2025/07/12 15:50:51] ppsci INFO: [Train][Epoch  334/1754][Iter 19/57] lr: 0.00033, loss: 0.01256, sup: 0.01256, batch_cost: 0.11299s, reader_cost: 0.00862s, ips: 8.85, eta: 2:32:29
[2025/07/12 15:51:03] ppsci INFO: [Train][Epoch  336/1754][Iter  5/57] lr: 0.00034, loss: 0.01107, sup: 0.01107, batch_cost: 0.11420s, reader_cost: 0.00767s, ips: 8.76, eta: 2:33:56
[2025/07/12 15:51:15] ppsci INFO: [Train][Epoch  337/1754][Iter 48/57] lr: 0.00034, loss: 0.01046, sup: 0.01046, batch_cost: 0.11341s, reader_cost: 0.00722s, ips: 8.82, eta: 2:32:40
[2025/07/12 15:51:27] ppsci INFO: [Train][Epoch  339/1754][Iter 34/57] lr: 0.00034, loss: 0.00623, sup: 0.00623, batch_cost: 0.11475s, reader_cost: 0.00710s, ips: 8.71, eta: 2:34:17
[2025/07/12 15:51:39] ppsci INFO: [Train][Epoch  341/1754][Iter 20/57] lr: 0.00034, loss: 0.01270, sup: 0.01270, batch_cost: 0.11347s, reader_cost: 0.00943s, ips: 8.81, eta: 2:32:23
[2025/07/12 15:51:51] ppsci INFO: [Train][Epoch  343/1754][Iter  6/57] lr: 0.00034, loss: 0.01198, sup: 0.01198, batch_cost: 0.11528s, reader_cost: 0.00797s, ips: 8.67, eta: 2:34:37
[2025/07/12 15:52:03] ppsci INFO: [Train][Epoch  344/1754][Iter 49/57] lr: 0.00034, loss: 0.00782, sup: 0.00782, batch_cost: 0.11382s, reader_cost: 0.00683s, ips: 8.79, eta: 2:32:28
[2025/07/12 15:52:15] ppsci INFO: [Train][Epoch  346/1754][Iter 35/57] lr: 0.00035, loss: 0.00900, sup: 0.00900, batch_cost: 0.11461s, reader_cost: 0.00695s, ips: 8.73, eta: 2:33:20
[2025/07/12 15:52:27] ppsci INFO: [Train][Epoch  348/1754][Iter 21/57] lr: 0.00035, loss: 0.01439, sup: 0.01439, batch_cost: 0.11403s, reader_cost: 0.00790s, ips: 8.77, eta: 2:32:22
[2025/07/12 15:52:39] ppsci INFO: [Train][Epoch  350/1754][Iter  7/57] lr: 0.00035, loss: 0.00942, sup: 0.00942, batch_cost: 0.11328s, reader_cost: 0.00779s, ips: 8.83, eta: 2:31:11
[2025/07/12 15:52:45] ppsci MESSAGE: Finish saving checkpoint to: outputs_gifm_fae/2025-07-12/15-12-50/checkpoints/epoch_350
[2025/07/12 15:52:51] ppsci INFO: [Train][Epoch  351/1754][Iter 50/57] lr: 0.00035, loss: 0.01055, sup: 0.01055, batch_cost: 0.11455s, reader_cost: 0.00686s, ips: 8.73, eta: 2:32:41
[2025/07/12 15:53:03] ppsci INFO: [Train][Epoch  353/1754][Iter 36/57] lr: 0.00035, loss: 0.00928, sup: 0.00928, batch_cost: 0.11443s, reader_cost: 0.00830s, ips: 8.74, eta: 2:32:20
[2025/07/12 15:53:15] ppsci INFO: [Train][Epoch  355/1754][Iter 22/57] lr: 0.00035, loss: 0.00711, sup: 0.00711, batch_cost: 0.11339s, reader_cost: 0.00882s, ips: 8.82, eta: 2:30:45
[2025/07/12 15:53:28] ppsci INFO: [Train][Epoch  357/1754][Iter  8/57] lr: 0.00036, loss: 0.00688, sup: 0.00688, batch_cost: 0.11431s, reader_cost: 0.00922s, ips: 8.75, eta: 2:31:47
[2025/07/12 15:53:39] ppsci INFO: [Train][Epoch  358/1754][Iter 51/57] lr: 0.00036, loss: 0.01224, sup: 0.01224, batch_cost: 0.11355s, reader_cost: 0.00870s, ips: 8.81, eta: 2:30:36
[2025/07/12 15:53:51] ppsci INFO: [Train][Epoch  360/1754][Iter 37/57] lr: 0.00036, loss: 0.01225, sup: 0.01225, batch_cost: 0.11290s, reader_cost: 0.00858s, ips: 8.86, eta: 2:29:33
[2025/07/12 15:54:03] ppsci INFO: [Train][Epoch  362/1754][Iter 23/57] lr: 0.00036, loss: 0.01057, sup: 0.01057, batch_cost: 0.11406s, reader_cost: 0.00776s, ips: 8.77, eta: 2:30:54
[2025/07/12 15:54:15] ppsci INFO: [Train][Epoch  364/1754][Iter  9/57] lr: 0.00036, loss: 0.00532, sup: 0.00532, batch_cost: 0.11396s, reader_cost: 0.00857s, ips: 8.77, eta: 2:30:34
[2025/07/12 15:54:27] ppsci INFO: [Train][Epoch  365/1754][Iter 52/57] lr: 0.00036, loss: 0.00699, sup: 0.00699, batch_cost: 0.11412s, reader_cost: 0.00672s, ips: 8.76, eta: 2:30:35
[2025/07/12 15:54:39] ppsci INFO: [Train][Epoch  367/1754][Iter 38/57] lr: 0.00037, loss: 0.00804, sup: 0.00804, batch_cost: 0.11466s, reader_cost: 0.00801s, ips: 8.72, eta: 2:31:06
[2025/07/12 15:54:51] ppsci INFO: [Train][Epoch  369/1754][Iter 24/57] lr: 0.00037, loss: 0.01180, sup: 0.01180, batch_cost: 0.11341s, reader_cost: 0.00809s, ips: 8.82, eta: 2:29:17
[2025/07/12 15:55:03] ppsci INFO: [Train][Epoch  371/1754][Iter 10/57] lr: 0.00037, loss: 0.00946, sup: 0.00946, batch_cost: 0.11349s, reader_cost: 0.00765s, ips: 8.81, eta: 2:29:11
[2025/07/12 15:55:15] ppsci INFO: [Train][Epoch  372/1754][Iter 53/57] lr: 0.00037, loss: 0.01860, sup: 0.01860, batch_cost: 0.11502s, reader_cost: 0.00767s, ips: 8.69, eta: 2:31:00
[2025/07/12 15:55:27] ppsci INFO: [Train][Epoch  374/1754][Iter 39/57] lr: 0.00037, loss: 0.01145, sup: 0.01145, batch_cost: 0.11498s, reader_cost: 0.00888s, ips: 8.70, eta: 2:30:46
[2025/07/12 15:55:39] ppsci INFO: [Train][Epoch  376/1754][Iter 25/57] lr: 0.00038, loss: 0.00968, sup: 0.00968, batch_cost: 0.11346s, reader_cost: 0.00835s, ips: 8.81, eta: 2:28:35
[2025/07/12 15:55:51] ppsci INFO: [Train][Epoch  378/1754][Iter 11/57] lr: 0.00038, loss: 0.01338, sup: 0.01338, batch_cost: 0.11463s, reader_cost: 0.00913s, ips: 8.72, eta: 2:29:55
[2025/07/12 15:56:03] ppsci INFO: [Train][Epoch  379/1754][Iter 54/57] lr: 0.00038, loss: 0.00808, sup: 0.00808, batch_cost: 0.11341s, reader_cost: 0.00770s, ips: 8.82, eta: 2:28:09
[2025/07/12 15:56:15] ppsci INFO: [Train][Epoch  381/1754][Iter 40/57] lr: 0.00038, loss: 0.00662, sup: 0.00662, batch_cost: 0.11425s, reader_cost: 0.00944s, ips: 8.75, eta: 2:29:03
[2025/07/12 15:56:27] ppsci INFO: [Train][Epoch  383/1754][Iter 26/57] lr: 0.00038, loss: 0.00674, sup: 0.00674, batch_cost: 0.11328s, reader_cost: 0.00933s, ips: 8.83, eta: 2:27:35
[2025/07/12 15:56:39] ppsci INFO: [Train][Epoch  385/1754][Iter 12/57] lr: 0.00038, loss: 0.00746, sup: 0.00746, batch_cost: 0.11271s, reader_cost: 0.00886s, ips: 8.87, eta: 2:26:40
[2025/07/12 15:56:50] ppsci INFO: [Train][Epoch  386/1754][Iter 55/57] lr: 0.00039, loss: 0.00627, sup: 0.00627, batch_cost: 0.11415s, reader_cost: 0.00802s, ips: 8.76, eta: 2:28:20
[2025/07/12 15:57:03] ppsci INFO: [Train][Epoch  388/1754][Iter 41/57] lr: 0.00039, loss: 0.00802, sup: 0.00802, batch_cost: 0.11472s, reader_cost: 0.00866s, ips: 8.72, eta: 2:28:53
[2025/07/12 15:57:15] ppsci INFO: [Train][Epoch  390/1754][Iter 27/57] lr: 0.00039, loss: 0.01285, sup: 0.01285, batch_cost: 0.11372s, reader_cost: 0.00796s, ips: 8.79, eta: 2:27:24
[2025/07/12 15:57:27] ppsci INFO: [Train][Epoch  392/1754][Iter 13/57] lr: 0.00039, loss: 0.00897, sup: 0.00897, batch_cost: 0.11488s, reader_cost: 0.00786s, ips: 8.71, eta: 2:28:43
[2025/07/12 15:57:38] ppsci INFO: [Train][Epoch  393/1754][Iter 56/57] lr: 0.00039, loss: 0.01416, sup: 0.01416, batch_cost: 0.11322s, reader_cost: 0.00818s, ips: 8.83, eta: 2:26:23
[2025/07/12 15:57:50] ppsci INFO: [Train][Epoch  395/1754][Iter 42/57] lr: 0.00039, loss: 0.00806, sup: 0.00806, batch_cost: 0.11465s, reader_cost: 0.00846s, ips: 8.72, eta: 2:28:02
[2025/07/12 15:58:03] ppsci INFO: [Train][Epoch  397/1754][Iter 28/57] lr: 0.00040, loss: 0.00721, sup: 0.00721, batch_cost: 0.11483s, reader_cost: 0.00949s, ips: 8.71, eta: 2:28:05
[2025/07/12 15:58:15] ppsci INFO: [Train][Epoch  399/1754][Iter 14/57] lr: 0.00040, loss: 0.00656, sup: 0.00656, batch_cost: 0.11467s, reader_cost: 0.00706s, ips: 8.72, eta: 2:27:41
[2025/07/12 15:58:26] ppsci INFO: [Train][Epoch  400/1754][Iter 57/57] lr: 0.00040, loss: 0.00742, sup: 0.00742, batch_cost: 0.11256s, reader_cost: 0.00757s, ips: 8.88, eta: 2:24:46
[2025/07/12 15:58:26] ppsci MESSAGE: Finish saving checkpoint to: outputs_gifm_fae/2025-07-12/15-12-50/checkpoints/epoch_400
[2025/07/12 15:58:38] ppsci INFO: [Train][Epoch  402/1754][Iter 43/57] lr: 0.00040, loss: 0.01105, sup: 0.01105, batch_cost: 0.11339s, reader_cost: 0.00852s, ips: 8.82, eta: 2:25:39
[2025/07/12 15:58:51] ppsci INFO: [Train][Epoch  404/1754][Iter 29/57] lr: 0.00040, loss: 0.00989, sup: 0.00989, batch_cost: 0.11373s, reader_cost: 0.00701s, ips: 8.79, eta: 2:25:54
[2025/07/12 15:59:03] ppsci INFO: [Train][Epoch  406/1754][Iter 15/57] lr: 0.00041, loss: 0.00580, sup: 0.00580, batch_cost: 0.11409s, reader_cost: 0.00767s, ips: 8.76, eta: 2:26:11
[2025/07/12 15:59:15] ppsci INFO: [Train][Epoch  408/1754][Iter  1/57] lr: 0.00041, loss: 0.00475, sup: 0.00475, batch_cost: 0.11360s, reader_cost: 0.00875s, ips: 8.80, eta: 2:25:21
[2025/07/12 15:59:26] ppsci INFO: [Train][Epoch  409/1754][Iter 44/57] lr: 0.00041, loss: 0.01400, sup: 0.01400, batch_cost: 0.11236s, reader_cost: 0.00738s, ips: 8.90, eta: 2:23:35
[2025/07/12 15:59:38] ppsci INFO: [Train][Epoch  411/1754][Iter 30/57] lr: 0.00041, loss: 0.00762, sup: 0.00762, batch_cost: 0.11301s, reader_cost: 0.00740s, ips: 8.85, eta: 2:24:14
[2025/07/12 15:59:50] ppsci INFO: [Train][Epoch  413/1754][Iter 16/57] lr: 0.00041, loss: 0.00743, sup: 0.00743, batch_cost: 0.11403s, reader_cost: 0.00843s, ips: 8.77, eta: 2:25:21
[2025/07/12 16:00:02] ppsci INFO: [Train][Epoch  415/1754][Iter  2/57] lr: 0.00041, loss: 0.01174, sup: 0.01174, batch_cost: 0.11332s, reader_cost: 0.00967s, ips: 8.82, eta: 2:24:15
[2025/07/12 16:00:14] ppsci INFO: [Train][Epoch  416/1754][Iter 45/57] lr: 0.00042, loss: 0.00516, sup: 0.00516, batch_cost: 0.11325s, reader_cost: 0.00812s, ips: 8.83, eta: 2:23:58
[2025/07/12 16:00:26] ppsci INFO: [Train][Epoch  418/1754][Iter 31/57] lr: 0.00042, loss: 0.00693, sup: 0.00693, batch_cost: 0.11465s, reader_cost: 0.00928s, ips: 8.72, eta: 2:25:34
[2025/07/12 16:00:38] ppsci INFO: [Train][Epoch  420/1754][Iter 17/57] lr: 0.00042, loss: 0.00660, sup: 0.00660, batch_cost: 0.11370s, reader_cost: 0.00860s, ips: 8.80, eta: 2:24:09
[2025/07/12 16:00:50] ppsci INFO: [Train][Epoch  422/1754][Iter  3/57] lr: 0.00042, loss: 0.00999, sup: 0.00999, batch_cost: 0.11241s, reader_cost: 0.00827s, ips: 8.90, eta: 2:22:20
[2025/07/12 16:01:01] ppsci INFO: [Train][Epoch  423/1754][Iter 46/57] lr: 0.00042, loss: 0.00929, sup: 0.00929, batch_cost: 0.11395s, reader_cost: 0.00968s, ips: 8.78, eta: 2:24:06
[2025/07/12 16:01:13] ppsci INFO: [Train][Epoch  425/1754][Iter 32/57] lr: 0.00042, loss: 0.00834, sup: 0.00834, batch_cost: 0.11190s, reader_cost: 0.00787s, ips: 8.94, eta: 2:21:19
[2025/07/12 16:01:25] ppsci INFO: [Train][Epoch  427/1754][Iter 18/57] lr: 0.00043, loss: 0.00715, sup: 0.00715, batch_cost: 0.11246s, reader_cost: 0.00856s, ips: 8.89, eta: 2:21:51
[2025/07/12 16:01:37] ppsci INFO: [Train][Epoch  429/1754][Iter  4/57] lr: 0.00043, loss: 0.00667, sup: 0.00667, batch_cost: 0.11465s, reader_cost: 0.00785s, ips: 8.72, eta: 2:24:24
[2025/07/12 16:01:49] ppsci INFO: [Train][Epoch  430/1754][Iter 47/57] lr: 0.00043, loss: 0.00932, sup: 0.00932, batch_cost: 0.11343s, reader_cost: 0.00699s, ips: 8.82, eta: 2:22:41
[2025/07/12 16:02:01] ppsci INFO: [Train][Epoch  432/1754][Iter 33/57] lr: 0.00043, loss: 0.00889, sup: 0.00889, batch_cost: 0.11424s, reader_cost: 0.00848s, ips: 8.75, eta: 2:23:31
[2025/07/12 16:02:13] ppsci INFO: [Train][Epoch  434/1754][Iter 19/57] lr: 0.00043, loss: 0.01209, sup: 0.01209, batch_cost: 0.11385s, reader_cost: 0.00900s, ips: 8.78, eta: 2:22:50
[2025/07/12 16:02:25] ppsci INFO: [Train][Epoch  436/1754][Iter  5/57] lr: 0.00044, loss: 0.00925, sup: 0.00925, batch_cost: 0.11363s, reader_cost: 0.00761s, ips: 8.80, eta: 2:22:22
[2025/07/12 16:02:36] ppsci INFO: [Train][Epoch  437/1754][Iter 48/57] lr: 0.00044, loss: 0.00698, sup: 0.00698, batch_cost: 0.11343s, reader_cost: 0.00675s, ips: 8.82, eta: 2:21:56
[2025/07/12 16:02:49] ppsci INFO: [Train][Epoch  439/1754][Iter 34/57] lr: 0.00044, loss: 0.00666, sup: 0.00666, batch_cost: 0.11400s, reader_cost: 0.00810s, ips: 8.77, eta: 2:22:27
[2025/07/12 16:03:00] ppsci INFO: [Train][Epoch  441/1754][Iter 20/57] lr: 0.00044, loss: 0.00947, sup: 0.00947, batch_cost: 0.11307s, reader_cost: 0.00901s, ips: 8.84, eta: 2:21:06
[2025/07/12 16:03:13] ppsci INFO: [Train][Epoch  443/1754][Iter  6/57] lr: 0.00044, loss: 0.00725, sup: 0.00725, batch_cost: 0.11450s, reader_cost: 0.00730s, ips: 8.73, eta: 2:22:41
[2025/07/12 16:03:24] ppsci INFO: [Train][Epoch  444/1754][Iter 49/57] lr: 0.00044, loss: 0.00721, sup: 0.00721, batch_cost: 0.11350s, reader_cost: 0.00741s, ips: 8.81, eta: 2:21:15
[2025/07/12 16:03:36] ppsci INFO: [Train][Epoch  446/1754][Iter 35/57] lr: 0.00045, loss: 0.00769, sup: 0.00769, batch_cost: 0.11517s, reader_cost: 0.00762s, ips: 8.68, eta: 2:23:09
[2025/07/12 16:03:48] ppsci INFO: [Train][Epoch  448/1754][Iter 21/57] lr: 0.00045, loss: 0.00729, sup: 0.00729, batch_cost: 0.11357s, reader_cost: 0.00916s, ips: 8.80, eta: 2:20:58
[2025/07/12 16:04:00] ppsci INFO: [Train][Epoch  450/1754][Iter  7/57] lr: 0.00045, loss: 0.00618, sup: 0.00618, batch_cost: 0.11216s, reader_cost: 0.00724s, ips: 8.92, eta: 2:19:02
[2025/07/12 16:04:06] ppsci MESSAGE: Finish saving checkpoint to: outputs_gifm_fae/2025-07-12/15-12-50/checkpoints/epoch_450
[2025/07/12 16:04:12] ppsci INFO: [Train][Epoch  451/1754][Iter 50/57] lr: 0.00045, loss: 0.00790, sup: 0.00790, batch_cost: 0.11342s, reader_cost: 0.00799s, ips: 8.82, eta: 2:20:24
[2025/07/12 16:04:24] ppsci INFO: [Train][Epoch  453/1754][Iter 36/57] lr: 0.00045, loss: 0.00570, sup: 0.00570, batch_cost: 0.11536s, reader_cost: 0.00852s, ips: 8.67, eta: 2:22:37
[2025/07/12 16:04:36] ppsci INFO: [Train][Epoch  455/1754][Iter 22/57] lr: 0.00045, loss: 0.01188, sup: 0.01188, batch_cost: 0.11355s, reader_cost: 0.00888s, ips: 8.81, eta: 2:20:11
[2025/07/12 16:04:49] ppsci INFO: [Train][Epoch  457/1754][Iter  8/57] lr: 0.00046, loss: 0.00559, sup: 0.00559, batch_cost: 0.11384s, reader_cost: 0.00963s, ips: 8.78, eta: 2:20:21
[2025/07/12 16:05:00] ppsci INFO: [Train][Epoch  458/1754][Iter 51/57] lr: 0.00046, loss: 0.00771, sup: 0.00771, batch_cost: 0.11382s, reader_cost: 0.00875s, ips: 8.79, eta: 2:20:09
[2025/07/12 16:05:12] ppsci INFO: [Train][Epoch  460/1754][Iter 37/57] lr: 0.00046, loss: 0.01045, sup: 0.01045, batch_cost: 0.11304s, reader_cost: 0.00729s, ips: 8.85, eta: 2:19:00
[2025/07/12 16:05:24] ppsci INFO: [Train][Epoch  462/1754][Iter 23/57] lr: 0.00046, loss: 0.00839, sup: 0.00839, batch_cost: 0.11485s, reader_cost: 0.00751s, ips: 8.71, eta: 2:21:02
[2025/07/12 16:05:36] ppsci INFO: [Train][Epoch  464/1754][Iter  9/57] lr: 0.00046, loss: 0.00616, sup: 0.00616, batch_cost: 0.11424s, reader_cost: 0.00798s, ips: 8.75, eta: 2:20:05
[2025/07/12 16:05:48] ppsci INFO: [Train][Epoch  465/1754][Iter 52/57] lr: 0.00046, loss: 0.00705, sup: 0.00705, batch_cost: 0.11403s, reader_cost: 0.00725s, ips: 8.77, eta: 2:19:38
[2025/07/12 16:06:00] ppsci INFO: [Train][Epoch  467/1754][Iter 38/57] lr: 0.00047, loss: 0.00587, sup: 0.00587, batch_cost: 0.11379s, reader_cost: 0.00892s, ips: 8.79, eta: 2:19:09
[2025/07/12 16:06:12] ppsci INFO: [Train][Epoch  469/1754][Iter 24/57] lr: 0.00047, loss: 0.00480, sup: 0.00480, batch_cost: 0.11322s, reader_cost: 0.00794s, ips: 8.83, eta: 2:18:16
[2025/07/12 16:06:24] ppsci INFO: [Train][Epoch  471/1754][Iter 10/57] lr: 0.00047, loss: 0.00976, sup: 0.00976, batch_cost: 0.11236s, reader_cost: 0.00738s, ips: 8.90, eta: 2:17:02
[2025/07/12 16:06:36] ppsci INFO: [Train][Epoch  472/1754][Iter 53/57] lr: 0.00047, loss: 0.00522, sup: 0.00522, batch_cost: 0.11425s, reader_cost: 0.00813s, ips: 8.75, eta: 2:19:08
[2025/07/12 16:06:48] ppsci INFO: [Train][Epoch  474/1754][Iter 39/57] lr: 0.00047, loss: 0.00705, sup: 0.00705, batch_cost: 0.11415s, reader_cost: 0.00703s, ips: 8.76, eta: 2:18:50
[2025/07/12 16:07:00] ppsci INFO: [Train][Epoch  476/1754][Iter 25/57] lr: 0.00048, loss: 0.00601, sup: 0.00601, batch_cost: 0.11455s, reader_cost: 0.00902s, ips: 8.73, eta: 2:19:08
[2025/07/12 16:07:12] ppsci INFO: [Train][Epoch  478/1754][Iter 11/57] lr: 0.00048, loss: 0.00573, sup: 0.00573, batch_cost: 0.11331s, reader_cost: 0.00839s, ips: 8.83, eta: 2:17:26
[2025/07/12 16:07:24] ppsci INFO: [Train][Epoch  479/1754][Iter 54/57] lr: 0.00048, loss: 0.00791, sup: 0.00791, batch_cost: 0.11503s, reader_cost: 0.00900s, ips: 8.69, eta: 2:19:20
[2025/07/12 16:07:36] ppsci INFO: [Train][Epoch  481/1754][Iter 40/57] lr: 0.00048, loss: 0.01425, sup: 0.01425, batch_cost: 0.11511s, reader_cost: 0.00771s, ips: 8.69, eta: 2:19:14
[2025/07/12 16:07:48] ppsci INFO: [Train][Epoch  483/1754][Iter 26/57] lr: 0.00048, loss: 0.01098, sup: 0.01098, batch_cost: 0.11309s, reader_cost: 0.00772s, ips: 8.84, eta: 2:16:36
[2025/07/12 16:08:00] ppsci INFO: [Train][Epoch  485/1754][Iter 12/57] lr: 0.00048, loss: 0.00713, sup: 0.00713, batch_cost: 0.11302s, reader_cost: 0.00945s, ips: 8.85, eta: 2:16:19
[2025/07/12 16:08:12] ppsci INFO: [Train][Epoch  486/1754][Iter 55/57] lr: 0.00049, loss: 0.01158, sup: 0.01158, batch_cost: 0.11397s, reader_cost: 0.00867s, ips: 8.77, eta: 2:17:17
[2025/07/12 16:08:24] ppsci INFO: [Train][Epoch  488/1754][Iter 41/57] lr: 0.00049, loss: 0.00712, sup: 0.00712, batch_cost: 0.11369s, reader_cost: 0.00884s, ips: 8.80, eta: 2:16:45
[2025/07/12 16:08:36] ppsci INFO: [Train][Epoch  490/1754][Iter 27/57] lr: 0.00049, loss: 0.00534, sup: 0.00534, batch_cost: 0.11373s, reader_cost: 0.00737s, ips: 8.79, eta: 2:16:37
[2025/07/12 16:08:48] ppsci INFO: [Train][Epoch  492/1754][Iter 13/57] lr: 0.00049, loss: 0.00410, sup: 0.00410, batch_cost: 0.11551s, reader_cost: 0.00788s, ips: 8.66, eta: 2:18:34
[2025/07/12 16:09:00] ppsci INFO: [Train][Epoch  493/1754][Iter 56/57] lr: 0.00049, loss: 0.00452, sup: 0.00452, batch_cost: 0.11382s, reader_cost: 0.00709s, ips: 8.79, eta: 2:16:21
[2025/07/12 16:09:12] ppsci INFO: [Train][Epoch  495/1754][Iter 42/57] lr: 0.00049, loss: 0.00684, sup: 0.00684, batch_cost: 0.11383s, reader_cost: 0.00723s, ips: 8.79, eta: 2:16:10
[2025/07/12 16:09:24] ppsci INFO: [Train][Epoch  497/1754][Iter 28/57] lr: 0.00050, loss: 0.00926, sup: 0.00926, batch_cost: 0.11428s, reader_cost: 0.00832s, ips: 8.75, eta: 2:16:31
[2025/07/12 16:09:36] ppsci INFO: [Train][Epoch  499/1754][Iter 14/57] lr: 0.00050, loss: 0.00773, sup: 0.00773, batch_cost: 0.11394s, reader_cost: 0.00780s, ips: 8.78, eta: 2:15:55
[2025/07/12 16:09:47] ppsci INFO: [Train][Epoch  500/1754][Iter 57/57] lr: 0.00050, loss: 0.01023, sup: 0.01023, batch_cost: 0.11282s, reader_cost: 0.00741s, ips: 8.86, eta: 2:14:24
[2025/07/12 16:09:47] ppsci MESSAGE: Finish saving checkpoint to: outputs_gifm_fae/2025-07-12/15-12-50/checkpoints/epoch_500
[2025/07/12 16:10:00] ppsci INFO: [Train][Epoch  502/1754][Iter 43/57] lr: 0.00050, loss: 0.00664, sup: 0.00664, batch_cost: 0.11524s, reader_cost: 0.00802s, ips: 8.68, eta: 2:17:05
[2025/07/12 16:10:12] ppsci INFO: [Train][Epoch  504/1754][Iter 29/57] lr: 0.00050, loss: 0.00472, sup: 0.00472, batch_cost: 0.11381s, reader_cost: 0.00800s, ips: 8.79, eta: 2:15:11
[2025/07/12 16:10:24] ppsci INFO: [Train][Epoch  506/1754][Iter 15/57] lr: 0.00051, loss: 0.00785, sup: 0.00785, batch_cost: 0.11492s, reader_cost: 0.00941s, ips: 8.70, eta: 2:16:19
[2025/07/12 16:10:36] ppsci INFO: [Train][Epoch  508/1754][Iter  1/57] lr: 0.00051, loss: 0.00448, sup: 0.00448, batch_cost: 0.11362s, reader_cost: 0.00869s, ips: 8.80, eta: 2:14:36
[2025/07/12 16:10:47] ppsci INFO: [Train][Epoch  509/1754][Iter 44/57] lr: 0.00051, loss: 0.00659, sup: 0.00659, batch_cost: 0.11253s, reader_cost: 0.00837s, ips: 8.89, eta: 2:13:06
[2025/07/12 16:10:59] ppsci INFO: [Train][Epoch  511/1754][Iter 30/57] lr: 0.00051, loss: 0.00955, sup: 0.00955, batch_cost: 0.11299s, reader_cost: 0.00715s, ips: 8.85, eta: 2:13:28
[2025/07/12 16:11:11] ppsci INFO: [Train][Epoch  513/1754][Iter 16/57] lr: 0.00051, loss: 0.00440, sup: 0.00440, batch_cost: 0.11358s, reader_cost: 0.00757s, ips: 8.80, eta: 2:13:59
[2025/07/12 16:11:23] ppsci INFO: [Train][Epoch  515/1754][Iter  2/57] lr: 0.00051, loss: 0.00660, sup: 0.00660, batch_cost: 0.11412s, reader_cost: 0.00808s, ips: 8.76, eta: 2:14:25
[2025/07/12 16:11:35] ppsci INFO: [Train][Epoch  516/1754][Iter 45/57] lr: 0.00052, loss: 0.00526, sup: 0.00526, batch_cost: 0.11308s, reader_cost: 0.00747s, ips: 8.84, eta: 2:13:01
[2025/07/12 16:11:47] ppsci INFO: [Train][Epoch  518/1754][Iter 31/57] lr: 0.00052, loss: 0.00652, sup: 0.00652, batch_cost: 0.11434s, reader_cost: 0.00792s, ips: 8.75, eta: 2:14:18
[2025/07/12 16:11:59] ppsci INFO: [Train][Epoch  520/1754][Iter 17/57] lr: 0.00052, loss: 0.01101, sup: 0.01101, batch_cost: 0.11449s, reader_cost: 0.00861s, ips: 8.73, eta: 2:14:17
[2025/07/12 16:12:11] ppsci INFO: [Train][Epoch  522/1754][Iter  3/57] lr: 0.00052, loss: 0.01164, sup: 0.01164, batch_cost: 0.11577s, reader_cost: 0.00981s, ips: 8.64, eta: 2:15:36
[2025/07/12 16:12:23] ppsci INFO: [Train][Epoch  523/1754][Iter 46/57] lr: 0.00052, loss: 0.00516, sup: 0.00516, batch_cost: 0.11370s, reader_cost: 0.00889s, ips: 8.79, eta: 2:12:59
[2025/07/12 16:12:35] ppsci INFO: [Train][Epoch  525/1754][Iter 32/57] lr: 0.00052, loss: 0.00436, sup: 0.00436, batch_cost: 0.11326s, reader_cost: 0.00738s, ips: 8.83, eta: 2:12:17
[2025/07/12 16:12:47] ppsci INFO: [Train][Epoch  527/1754][Iter 18/57] lr: 0.00053, loss: 0.00508, sup: 0.00508, batch_cost: 0.11391s, reader_cost: 0.01042s, ips: 8.78, eta: 2:12:51
[2025/07/12 16:12:59] ppsci INFO: [Train][Epoch  529/1754][Iter  4/57] lr: 0.00053, loss: 0.00682, sup: 0.00682, batch_cost: 0.11411s, reader_cost: 0.00776s, ips: 8.76, eta: 2:12:53
[2025/07/12 16:13:11] ppsci INFO: [Train][Epoch  530/1754][Iter 47/57] lr: 0.00053, loss: 0.00756, sup: 0.00756, batch_cost: 0.11462s, reader_cost: 0.00822s, ips: 8.72, eta: 2:13:18
[2025/07/12 16:13:23] ppsci INFO: [Train][Epoch  532/1754][Iter 33/57] lr: 0.00053, loss: 0.00802, sup: 0.00802, batch_cost: 0.11344s, reader_cost: 0.00863s, ips: 8.82, eta: 2:11:44
[2025/07/12 16:13:35] ppsci INFO: [Train][Epoch  534/1754][Iter 19/57] lr: 0.00053, loss: 0.01088, sup: 0.01088, batch_cost: 0.11472s, reader_cost: 0.00989s, ips: 8.72, eta: 2:13:01
[2025/07/12 16:13:47] ppsci INFO: [Train][Epoch  536/1754][Iter  5/57] lr: 0.00054, loss: 0.00524, sup: 0.00524, batch_cost: 0.11374s, reader_cost: 0.00842s, ips: 8.79, eta: 2:11:42
[2025/07/12 16:13:59] ppsci INFO: [Train][Epoch  537/1754][Iter 48/57] lr: 0.00054, loss: 0.00470, sup: 0.00470, batch_cost: 0.11277s, reader_cost: 0.00830s, ips: 8.87, eta: 2:10:23
[2025/07/12 16:14:11] ppsci INFO: [Train][Epoch  539/1754][Iter 34/57] lr: 0.00054, loss: 0.00727, sup: 0.00727, batch_cost: 0.11372s, reader_cost: 0.00830s, ips: 8.79, eta: 2:11:18
[2025/07/12 16:14:23] ppsci INFO: [Train][Epoch  541/1754][Iter 20/57] lr: 0.00054, loss: 0.00521, sup: 0.00521, batch_cost: 0.11355s, reader_cost: 0.01021s, ips: 8.81, eta: 2:10:55
[2025/07/12 16:14:35] ppsci INFO: [Train][Epoch  543/1754][Iter  6/57] lr: 0.00054, loss: 0.00935, sup: 0.00935, batch_cost: 0.11300s, reader_cost: 0.00850s, ips: 8.85, eta: 2:10:05
[2025/07/12 16:14:46] ppsci INFO: [Train][Epoch  544/1754][Iter 49/57] lr: 0.00054, loss: 0.00586, sup: 0.00586, batch_cost: 0.11425s, reader_cost: 0.00648s, ips: 8.75, eta: 2:11:20
[2025/07/12 16:14:58] ppsci INFO: [Train][Epoch  546/1754][Iter 35/57] lr: 0.00055, loss: 0.00557, sup: 0.00557, batch_cost: 0.11426s, reader_cost: 0.00876s, ips: 8.75, eta: 2:11:10
[2025/07/12 16:15:10] ppsci INFO: [Train][Epoch  548/1754][Iter 21/57] lr: 0.00055, loss: 0.00632, sup: 0.00632, batch_cost: 0.11302s, reader_cost: 0.00800s, ips: 8.85, eta: 2:09:33
[2025/07/12 16:15:22] ppsci INFO: [Train][Epoch  550/1754][Iter  7/57] lr: 0.00055, loss: 0.00920, sup: 0.00920, batch_cost: 0.11276s, reader_cost: 0.00772s, ips: 8.87, eta: 2:09:04
[2025/07/12 16:15:28] ppsci MESSAGE: Finish saving checkpoint to: outputs_gifm_fae/2025-07-12/15-12-50/checkpoints/epoch_550
[2025/07/12 16:15:34] ppsci INFO: [Train][Epoch  551/1754][Iter 50/57] lr: 0.00055, loss: 0.00569, sup: 0.00569, batch_cost: 0.11427s, reader_cost: 0.00872s, ips: 8.75, eta: 2:10:36
[2025/07/12 16:15:46] ppsci INFO: [Train][Epoch  553/1754][Iter 36/57] lr: 0.00055, loss: 0.00400, sup: 0.00400, batch_cost: 0.11304s, reader_cost: 0.00936s, ips: 8.85, eta: 2:09:00
[2025/07/12 16:15:58] ppsci INFO: [Train][Epoch  555/1754][Iter 22/57] lr: 0.00055, loss: 0.00483, sup: 0.00483, batch_cost: 0.11303s, reader_cost: 0.00997s, ips: 8.85, eta: 2:08:48
[2025/07/12 16:16:10] ppsci INFO: [Train][Epoch  557/1754][Iter  8/57] lr: 0.00056, loss: 0.00667, sup: 0.00667, batch_cost: 0.11305s, reader_cost: 0.00776s, ips: 8.85, eta: 2:08:38
[2025/07/12 16:16:22] ppsci INFO: [Train][Epoch  558/1754][Iter 51/57] lr: 0.00056, loss: 0.00578, sup: 0.00578, batch_cost: 0.11469s, reader_cost: 0.00791s, ips: 8.72, eta: 2:10:19
[2025/07/12 16:16:34] ppsci INFO: [Train][Epoch  560/1754][Iter 37/57] lr: 0.00056, loss: 0.00585, sup: 0.00585, batch_cost: 0.11440s, reader_cost: 0.00982s, ips: 8.74, eta: 2:09:48
[2025/07/12 16:16:46] ppsci INFO: [Train][Epoch  562/1754][Iter 23/57] lr: 0.00056, loss: 0.00837, sup: 0.00837, batch_cost: 0.11237s, reader_cost: 0.00906s, ips: 8.90, eta: 2:07:18
[2025/07/12 16:16:58] ppsci INFO: [Train][Epoch  564/1754][Iter  9/57] lr: 0.00056, loss: 0.00886, sup: 0.00886, batch_cost: 0.11334s, reader_cost: 0.00826s, ips: 8.82, eta: 2:08:13
[2025/07/12 16:17:10] ppsci INFO: [Train][Epoch  565/1754][Iter 52/57] lr: 0.00056, loss: 0.00908, sup: 0.00908, batch_cost: 0.11351s, reader_cost: 0.00893s, ips: 8.81, eta: 2:08:13
[2025/07/12 16:17:22] ppsci INFO: [Train][Epoch  567/1754][Iter 38/57] lr: 0.00057, loss: 0.00619, sup: 0.00619, batch_cost: 0.11361s, reader_cost: 0.00786s, ips: 8.80, eta: 2:08:08
[2025/07/12 16:17:34] ppsci INFO: [Train][Epoch  569/1754][Iter 24/57] lr: 0.00057, loss: 0.00659, sup: 0.00659, batch_cost: 0.11479s, reader_cost: 0.00834s, ips: 8.71, eta: 2:09:17
[2025/07/12 16:17:46] ppsci INFO: [Train][Epoch  571/1754][Iter 10/57] lr: 0.00057, loss: 0.00625, sup: 0.00625, batch_cost: 0.11462s, reader_cost: 0.00789s, ips: 8.72, eta: 2:08:54
[2025/07/12 16:17:58] ppsci INFO: [Train][Epoch  572/1754][Iter 53/57] lr: 0.00057, loss: 0.00607, sup: 0.00607, batch_cost: 0.11380s, reader_cost: 0.00863s, ips: 8.79, eta: 2:07:47
[2025/07/12 16:18:10] ppsci INFO: [Train][Epoch  574/1754][Iter 39/57] lr: 0.00057, loss: 0.00509, sup: 0.00509, batch_cost: 0.11473s, reader_cost: 0.00865s, ips: 8.72, eta: 2:08:39
[2025/07/12 16:18:22] ppsci INFO: [Train][Epoch  576/1754][Iter 25/57] lr: 0.00058, loss: 0.00903, sup: 0.00903, batch_cost: 0.11472s, reader_cost: 0.00860s, ips: 8.72, eta: 2:08:26
[2025/07/12 16:18:34] ppsci INFO: [Train][Epoch  578/1754][Iter 11/57] lr: 0.00058, loss: 0.00484, sup: 0.00484, batch_cost: 0.11414s, reader_cost: 0.00800s, ips: 8.76, eta: 2:07:36
[2025/07/12 16:18:46] ppsci INFO: [Train][Epoch  579/1754][Iter 54/57] lr: 0.00058, loss: 0.00393, sup: 0.00393, batch_cost: 0.11395s, reader_cost: 0.00889s, ips: 8.78, eta: 2:07:12
[2025/07/12 16:18:58] ppsci INFO: [Train][Epoch  581/1754][Iter 40/57] lr: 0.00058, loss: 0.00411, sup: 0.00411, batch_cost: 0.11434s, reader_cost: 0.01065s, ips: 8.75, eta: 2:07:27
[2025/07/12 16:19:10] ppsci INFO: [Train][Epoch  583/1754][Iter 26/57] lr: 0.00058, loss: 0.00510, sup: 0.00510, batch_cost: 0.11282s, reader_cost: 0.00951s, ips: 8.86, eta: 2:05:34
[2025/07/12 16:19:22] ppsci INFO: [Train][Epoch  585/1754][Iter 12/57] lr: 0.00058, loss: 0.00538, sup: 0.00538, batch_cost: 0.11440s, reader_cost: 0.00989s, ips: 8.74, eta: 2:07:08
[2025/07/12 16:19:34] ppsci INFO: [Train][Epoch  586/1754][Iter 55/57] lr: 0.00059, loss: 0.00443, sup: 0.00443, batch_cost: 0.11362s, reader_cost: 0.00889s, ips: 8.80, eta: 2:06:04
[2025/07/12 16:19:46] ppsci INFO: [Train][Epoch  588/1754][Iter 41/57] lr: 0.00059, loss: 0.01068, sup: 0.01068, batch_cost: 0.11425s, reader_cost: 0.00789s, ips: 8.75, eta: 2:06:35
[2025/07/12 16:19:58] ppsci INFO: [Train][Epoch  590/1754][Iter 27/57] lr: 0.00059, loss: 0.01057, sup: 0.01057, batch_cost: 0.11385s, reader_cost: 0.00767s, ips: 8.78, eta: 2:05:56
[2025/07/12 16:20:10] ppsci INFO: [Train][Epoch  592/1754][Iter 13/57] lr: 0.00059, loss: 0.00507, sup: 0.00507, batch_cost: 0.11288s, reader_cost: 0.00760s, ips: 8.86, eta: 2:04:41
[2025/07/12 16:20:21] ppsci INFO: [Train][Epoch  593/1754][Iter 56/57] lr: 0.00059, loss: 0.00385, sup: 0.00385, batch_cost: 0.11373s, reader_cost: 0.00696s, ips: 8.79, eta: 2:05:26
[2025/07/12 16:20:33] ppsci INFO: [Train][Epoch  595/1754][Iter 42/57] lr: 0.00059, loss: 0.00534, sup: 0.00534, batch_cost: 0.11537s, reader_cost: 0.00861s, ips: 8.67, eta: 2:07:03
[2025/07/12 16:20:45] ppsci INFO: [Train][Epoch  597/1754][Iter 28/57] lr: 0.00060, loss: 0.00579, sup: 0.00579, batch_cost: 0.11376s, reader_cost: 0.00875s, ips: 8.79, eta: 2:05:05
[2025/07/12 16:20:57] ppsci INFO: [Train][Epoch  599/1754][Iter 14/57] lr: 0.00060, loss: 0.01161, sup: 0.01161, batch_cost: 0.11233s, reader_cost: 0.00788s, ips: 8.90, eta: 2:03:20
[2025/07/12 16:21:09] ppsci INFO: [Train][Epoch  600/1754][Iter 57/57] lr: 0.00060, loss: 0.00871, sup: 0.00871, batch_cost: 0.11322s, reader_cost: 0.00734s, ips: 8.83, eta: 2:04:07
[2025/07/12 16:21:09] ppsci MESSAGE: Finish saving checkpoint to: outputs_gifm_fae/2025-07-12/15-12-50/checkpoints/epoch_600
[2025/07/12 16:21:21] ppsci INFO: [Train][Epoch  602/1754][Iter 43/57] lr: 0.00060, loss: 0.00480, sup: 0.00480, batch_cost: 0.11460s, reader_cost: 0.00838s, ips: 8.73, eta: 2:05:26
[2025/07/12 16:21:33] ppsci INFO: [Train][Epoch  604/1754][Iter 29/57] lr: 0.00060, loss: 0.00416, sup: 0.00416, batch_cost: 0.11347s, reader_cost: 0.00867s, ips: 8.81, eta: 2:04:01
[2025/07/12 16:21:45] ppsci INFO: [Train][Epoch  606/1754][Iter 15/57] lr: 0.00061, loss: 0.00329, sup: 0.00329, batch_cost: 0.11402s, reader_cost: 0.00788s, ips: 8.77, eta: 2:04:25
[2025/07/12 16:21:57] ppsci INFO: [Train][Epoch  608/1754][Iter  1/57] lr: 0.00061, loss: 0.00232, sup: 0.00232, batch_cost: 0.11329s, reader_cost: 0.00955s, ips: 8.83, eta: 2:03:26
[2025/07/12 16:22:09] ppsci INFO: [Train][Epoch  609/1754][Iter 44/57] lr: 0.00061, loss: 0.00500, sup: 0.00500, batch_cost: 0.11252s, reader_cost: 0.00918s, ips: 8.89, eta: 2:02:25
[2025/07/12 16:22:21] ppsci INFO: [Train][Epoch  611/1754][Iter 30/57] lr: 0.00061, loss: 0.00498, sup: 0.00498, batch_cost: 0.11372s, reader_cost: 0.00755s, ips: 8.79, eta: 2:03:32
[2025/07/12 16:22:33] ppsci INFO: [Train][Epoch  613/1754][Iter 16/57] lr: 0.00061, loss: 0.00485, sup: 0.00485, batch_cost: 0.11277s, reader_cost: 0.00715s, ips: 8.87, eta: 2:02:18
[2025/07/12 16:22:45] ppsci INFO: [Train][Epoch  615/1754][Iter  2/57] lr: 0.00061, loss: 0.00397, sup: 0.00397, batch_cost: 0.11221s, reader_cost: 0.00813s, ips: 8.91, eta: 2:01:31
[2025/07/12 16:22:56] ppsci INFO: [Train][Epoch  616/1754][Iter 45/57] lr: 0.00062, loss: 0.00391, sup: 0.00391, batch_cost: 0.11362s, reader_cost: 0.00791s, ips: 8.80, eta: 2:02:51
[2025/07/12 16:23:08] ppsci INFO: [Train][Epoch  618/1754][Iter 31/57] lr: 0.00062, loss: 0.00707, sup: 0.00707, batch_cost: 0.11437s, reader_cost: 0.00717s, ips: 8.74, eta: 2:03:28
[2025/07/12 16:23:20] ppsci INFO: [Train][Epoch  620/1754][Iter 17/57] lr: 0.00062, loss: 0.00456, sup: 0.00456, batch_cost: 0.11415s, reader_cost: 0.00818s, ips: 8.76, eta: 2:03:02
[2025/07/12 16:23:32] ppsci INFO: [Train][Epoch  622/1754][Iter  3/57] lr: 0.00062, loss: 0.00529, sup: 0.00529, batch_cost: 0.11263s, reader_cost: 0.00838s, ips: 8.88, eta: 2:01:13
[2025/07/12 16:23:44] ppsci INFO: [Train][Epoch  623/1754][Iter 46/57] lr: 0.00062, loss: 0.00551, sup: 0.00551, batch_cost: 0.11300s, reader_cost: 0.00833s, ips: 8.85, eta: 2:01:26
[2025/07/12 16:23:56] ppsci INFO: [Train][Epoch  625/1754][Iter 32/57] lr: 0.00062, loss: 0.00777, sup: 0.00777, batch_cost: 0.11354s, reader_cost: 0.00872s, ips: 8.81, eta: 2:01:49
[2025/07/12 16:24:08] ppsci INFO: [Train][Epoch  627/1754][Iter 18/57] lr: 0.00063, loss: 0.00611, sup: 0.00611, batch_cost: 0.11351s, reader_cost: 0.00783s, ips: 8.81, eta: 2:01:36
[2025/07/12 16:24:20] ppsci INFO: [Train][Epoch  629/1754][Iter  4/57] lr: 0.00063, loss: 0.00944, sup: 0.00944, batch_cost: 0.11501s, reader_cost: 0.00807s, ips: 8.69, eta: 2:03:01
[2025/07/12 16:24:32] ppsci INFO: [Train][Epoch  630/1754][Iter 47/57] lr: 0.00063, loss: 0.00433, sup: 0.00433, batch_cost: 0.11275s, reader_cost: 0.00873s, ips: 8.87, eta: 2:00:24
[2025/07/12 16:24:44] ppsci INFO: [Train][Epoch  632/1754][Iter 33/57] lr: 0.00063, loss: 0.00430, sup: 0.00430, batch_cost: 0.11348s, reader_cost: 0.00815s, ips: 8.81, eta: 2:01:00
[2025/07/12 16:24:56] ppsci INFO: [Train][Epoch  634/1754][Iter 19/57] lr: 0.00063, loss: 0.00759, sup: 0.00759, batch_cost: 0.11420s, reader_cost: 0.00775s, ips: 8.76, eta: 2:01:34
[2025/07/12 16:25:08] ppsci INFO: [Train][Epoch  636/1754][Iter  5/57] lr: 0.00064, loss: 0.00431, sup: 0.00431, batch_cost: 0.11439s, reader_cost: 0.00817s, ips: 8.74, eta: 2:01:35
[2025/07/12 16:25:19] ppsci INFO: [Train][Epoch  637/1754][Iter 48/57] lr: 0.00064, loss: 0.00943, sup: 0.00943, batch_cost: 0.11297s, reader_cost: 0.00853s, ips: 8.85, eta: 1:59:53
[2025/07/12 16:25:31] ppsci INFO: [Train][Epoch  639/1754][Iter 34/57] lr: 0.00064, loss: 0.00610, sup: 0.00610, batch_cost: 0.11464s, reader_cost: 0.00828s, ips: 8.72, eta: 2:01:28
[2025/07/12 16:25:44] ppsci INFO: [Train][Epoch  641/1754][Iter 20/57] lr: 0.00064, loss: 0.00870, sup: 0.00870, batch_cost: 0.11385s, reader_cost: 0.00731s, ips: 8.78, eta: 2:00:26
[2025/07/12 16:25:56] ppsci INFO: [Train][Epoch  643/1754][Iter  6/57] lr: 0.00064, loss: 0.00373, sup: 0.00373, batch_cost: 0.11333s, reader_cost: 0.00728s, ips: 8.82, eta: 1:59:42
[2025/07/12 16:26:07] ppsci INFO: [Train][Epoch  644/1754][Iter 49/57] lr: 0.00064, loss: 0.00376, sup: 0.00376, batch_cost: 0.11327s, reader_cost: 0.00783s, ips: 8.83, eta: 1:59:27
[2025/07/12 16:26:19] ppsci INFO: [Train][Epoch  646/1754][Iter 35/57] lr: 0.00065, loss: 0.00436, sup: 0.00436, batch_cost: 0.11430s, reader_cost: 0.00751s, ips: 8.75, eta: 2:00:21
[2025/07/12 16:26:31] ppsci INFO: [Train][Epoch  648/1754][Iter 21/57] lr: 0.00065, loss: 0.00764, sup: 0.00764, batch_cost: 0.11543s, reader_cost: 0.00851s, ips: 8.66, eta: 2:01:21
[2025/07/12 16:26:43] ppsci INFO: [Train][Epoch  650/1754][Iter  7/57] lr: 0.00065, loss: 0.00313, sup: 0.00313, batch_cost: 0.11348s, reader_cost: 0.00870s, ips: 8.81, eta: 1:59:07
[2025/07/12 16:26:49] ppsci MESSAGE: Finish saving checkpoint to: outputs_gifm_fae/2025-07-12/15-12-50/checkpoints/epoch_650
[2025/07/12 16:26:55] ppsci INFO: [Train][Epoch  651/1754][Iter 50/57] lr: 0.00065, loss: 0.00370, sup: 0.00370, batch_cost: 0.11436s, reader_cost: 0.00932s, ips: 8.74, eta: 1:59:50
[2025/07/12 16:27:07] ppsci INFO: [Train][Epoch  653/1754][Iter 36/57] lr: 0.00065, loss: 0.00392, sup: 0.00392, batch_cost: 0.11474s, reader_cost: 0.00856s, ips: 8.72, eta: 2:00:03
[2025/07/12 16:27:20] ppsci INFO: [Train][Epoch  655/1754][Iter 22/57] lr: 0.00065, loss: 0.00507, sup: 0.00507, batch_cost: 0.11376s, reader_cost: 0.00748s, ips: 8.79, eta: 1:58:50
[2025/07/12 16:27:32] ppsci INFO: [Train][Epoch  657/1754][Iter  8/57] lr: 0.00066, loss: 0.01595, sup: 0.01595, batch_cost: 0.11497s, reader_cost: 0.00781s, ips: 8.70, eta: 1:59:54
[2025/07/12 16:27:43] ppsci INFO: [Train][Epoch  658/1754][Iter 51/57] lr: 0.00066, loss: 0.00897, sup: 0.00897, batch_cost: 0.11328s, reader_cost: 0.00834s, ips: 8.83, eta: 1:57:57
[2025/07/12 16:27:55] ppsci INFO: [Train][Epoch  660/1754][Iter 37/57] lr: 0.00066, loss: 0.00778, sup: 0.00778, batch_cost: 0.11287s, reader_cost: 0.00849s, ips: 8.86, eta: 1:57:20
[2025/07/12 16:28:07] ppsci INFO: [Train][Epoch  662/1754][Iter 23/57] lr: 0.00066, loss: 0.00504, sup: 0.00504, batch_cost: 0.11456s, reader_cost: 0.00747s, ips: 8.73, eta: 1:58:54
[2025/07/12 16:28:20] ppsci INFO: [Train][Epoch  664/1754][Iter  9/57] lr: 0.00066, loss: 0.00628, sup: 0.00628, batch_cost: 0.11438s, reader_cost: 0.00824s, ips: 8.74, eta: 1:58:32
[2025/07/12 16:28:31] ppsci INFO: [Train][Epoch  665/1754][Iter 52/57] lr: 0.00066, loss: 0.00622, sup: 0.00622, batch_cost: 0.11386s, reader_cost: 0.00656s, ips: 8.78, eta: 1:57:48
[2025/07/12 16:28:43] ppsci INFO: [Train][Epoch  667/1754][Iter 38/57] lr: 0.00067, loss: 0.00499, sup: 0.00499, batch_cost: 0.11456s, reader_cost: 0.00768s, ips: 8.73, eta: 1:58:20
[2025/07/12 16:28:56] ppsci INFO: [Train][Epoch  669/1754][Iter 24/57] lr: 0.00067, loss: 0.00669, sup: 0.00669, batch_cost: 0.11501s, reader_cost: 0.00778s, ips: 8.69, eta: 1:58:36
[2025/07/12 16:29:08] ppsci INFO: [Train][Epoch  671/1754][Iter 10/57] lr: 0.00067, loss: 0.01094, sup: 0.01094, batch_cost: 0.11437s, reader_cost: 0.00866s, ips: 8.74, eta: 1:57:45
[2025/07/12 16:29:19] ppsci INFO: [Train][Epoch  672/1754][Iter 53/57] lr: 0.00067, loss: 0.00852, sup: 0.00852, batch_cost: 0.11474s, reader_cost: 0.00688s, ips: 8.72, eta: 1:57:56
[2025/07/12 16:29:32] ppsci INFO: [Train][Epoch  674/1754][Iter 39/57] lr: 0.00067, loss: 0.00496, sup: 0.00496, batch_cost: 0.11435s, reader_cost: 0.00819s, ips: 8.74, eta: 1:57:21
[2025/07/12 16:29:44] ppsci INFO: [Train][Epoch  676/1754][Iter 25/57] lr: 0.00068, loss: 0.00481, sup: 0.00481, batch_cost: 0.11339s, reader_cost: 0.00937s, ips: 8.82, eta: 1:56:10
[2025/07/12 16:29:56] ppsci INFO: [Train][Epoch  678/1754][Iter 11/57] lr: 0.00068, loss: 0.00271, sup: 0.00271, batch_cost: 0.11432s, reader_cost: 0.00775s, ips: 8.75, eta: 1:56:56
[2025/07/12 16:30:07] ppsci INFO: [Train][Epoch  679/1754][Iter 54/57] lr: 0.00068, loss: 0.00301, sup: 0.00301, batch_cost: 0.11463s, reader_cost: 0.00763s, ips: 8.72, eta: 1:57:04
[2025/07/12 16:30:20] ppsci INFO: [Train][Epoch  681/1754][Iter 40/57] lr: 0.00068, loss: 0.00415, sup: 0.00415, batch_cost: 0.11465s, reader_cost: 0.00926s, ips: 8.72, eta: 1:56:53
[2025/07/12 16:30:32] ppsci INFO: [Train][Epoch  683/1754][Iter 26/57] lr: 0.00068, loss: 0.00398, sup: 0.00398, batch_cost: 0.11340s, reader_cost: 0.00856s, ips: 8.82, eta: 1:55:26
[2025/07/12 16:30:44] ppsci INFO: [Train][Epoch  685/1754][Iter 12/57] lr: 0.00068, loss: 0.00954, sup: 0.00954, batch_cost: 0.11483s, reader_cost: 0.00881s, ips: 8.71, eta: 1:56:42
[2025/07/12 16:30:55] ppsci INFO: [Train][Epoch  686/1754][Iter 55/57] lr: 0.00069, loss: 0.00632, sup: 0.00632, batch_cost: 0.11378s, reader_cost: 0.00833s, ips: 8.79, eta: 1:55:26
[2025/07/12 16:31:07] ppsci INFO: [Train][Epoch  688/1754][Iter 41/57] lr: 0.00069, loss: 0.00425, sup: 0.00425, batch_cost: 0.11369s, reader_cost: 0.00764s, ips: 8.80, eta: 1:55:09
[2025/07/12 16:31:19] ppsci INFO: [Train][Epoch  690/1754][Iter 27/57] lr: 0.00069, loss: 0.00378, sup: 0.00378, batch_cost: 0.11396s, reader_cost: 0.00848s, ips: 8.77, eta: 1:55:15
[2025/07/12 16:31:31] ppsci INFO: [Train][Epoch  692/1754][Iter 13/57] lr: 0.00069, loss: 0.00389, sup: 0.00389, batch_cost: 0.11270s, reader_cost: 0.00773s, ips: 8.87, eta: 1:53:47
[2025/07/12 16:31:43] ppsci INFO: [Train][Epoch  693/1754][Iter 56/57] lr: 0.00069, loss: 0.00602, sup: 0.00602, batch_cost: 0.11286s, reader_cost: 0.00696s, ips: 8.86, eta: 1:53:45
[2025/07/12 16:31:55] ppsci INFO: [Train][Epoch  695/1754][Iter 42/57] lr: 0.00069, loss: 0.00599, sup: 0.00599, batch_cost: 0.11409s, reader_cost: 0.00771s, ips: 8.77, eta: 1:54:48
[2025/07/12 16:32:07] ppsci INFO: [Train][Epoch  697/1754][Iter 28/57] lr: 0.00070, loss: 0.00354, sup: 0.00354, batch_cost: 0.11536s, reader_cost: 0.00691s, ips: 8.67, eta: 1:55:53
[2025/07/12 16:32:19] ppsci INFO: [Train][Epoch  699/1754][Iter 14/57] lr: 0.00070, loss: 0.00584, sup: 0.00584, batch_cost: 0.11355s, reader_cost: 0.00781s, ips: 8.81, eta: 1:53:53
[2025/07/12 16:32:31] ppsci INFO: [Train][Epoch  700/1754][Iter 57/57] lr: 0.00070, loss: 0.00772, sup: 0.00772, batch_cost: 0.11349s, reader_cost: 0.00951s, ips: 8.81, eta: 1:53:38
[2025/07/12 16:32:31] ppsci MESSAGE: Finish saving checkpoint to: outputs_gifm_fae/2025-07-12/15-12-50/checkpoints/epoch_700
[2025/07/12 16:32:43] ppsci INFO: [Train][Epoch  702/1754][Iter 43/57] lr: 0.00070, loss: 0.00436, sup: 0.00436, batch_cost: 0.11465s, reader_cost: 0.00739s, ips: 8.72, eta: 1:54:36
[2025/07/12 16:32:55] ppsci INFO: [Train][Epoch  704/1754][Iter 29/57] lr: 0.00070, loss: 0.00319, sup: 0.00319, batch_cost: 0.11295s, reader_cost: 0.00743s, ips: 8.85, eta: 1:52:43
[2025/07/12 16:33:07] ppsci INFO: [Train][Epoch  706/1754][Iter 15/57] lr: 0.00071, loss: 0.00388, sup: 0.00388, batch_cost: 0.11346s, reader_cost: 0.00776s, ips: 8.81, eta: 1:53:02
[2025/07/12 16:33:19] ppsci INFO: [Train][Epoch  708/1754][Iter  1/57] lr: 0.00071, loss: 0.00867, sup: 0.00867, batch_cost: 0.11524s, reader_cost: 0.00912s, ips: 8.68, eta: 1:54:37
[2025/07/12 16:33:31] ppsci INFO: [Train][Epoch  709/1754][Iter 44/57] lr: 0.00071, loss: 0.00525, sup: 0.00525, batch_cost: 0.11438s, reader_cost: 0.00768s, ips: 8.74, eta: 1:53:34
[2025/07/12 16:33:43] ppsci INFO: [Train][Epoch  711/1754][Iter 30/57] lr: 0.00071, loss: 0.00714, sup: 0.00714, batch_cost: 0.11255s, reader_cost: 0.00782s, ips: 8.88, eta: 1:51:34
[2025/07/12 16:33:55] ppsci INFO: [Train][Epoch  713/1754][Iter 16/57] lr: 0.00071, loss: 0.00406, sup: 0.00406, batch_cost: 0.11459s, reader_cost: 0.00862s, ips: 8.73, eta: 1:53:24
[2025/07/12 16:34:07] ppsci INFO: [Train][Epoch  715/1754][Iter  2/57] lr: 0.00071, loss: 0.00386, sup: 0.00386, batch_cost: 0.11437s, reader_cost: 0.00812s, ips: 8.74, eta: 1:52:59
[2025/07/12 16:34:19] ppsci INFO: [Train][Epoch  716/1754][Iter 45/57] lr: 0.00072, loss: 0.00352, sup: 0.00352, batch_cost: 0.11367s, reader_cost: 0.00823s, ips: 8.80, eta: 1:52:06
[2025/07/12 16:34:31] ppsci INFO: [Train][Epoch  718/1754][Iter 31/57] lr: 0.00072, loss: 0.00549, sup: 0.00549, batch_cost: 0.11317s, reader_cost: 0.00762s, ips: 8.84, eta: 1:51:26
[2025/07/12 16:34:43] ppsci INFO: [Train][Epoch  720/1754][Iter 17/57] lr: 0.00072, loss: 0.00827, sup: 0.00827, batch_cost: 0.11327s, reader_cost: 0.00727s, ips: 8.83, eta: 1:51:20
[2025/07/12 16:34:55] ppsci INFO: [Train][Epoch  722/1754][Iter  3/57] lr: 0.00072, loss: 0.00480, sup: 0.00480, batch_cost: 0.11382s, reader_cost: 0.00766s, ips: 8.79, eta: 1:51:41
[2025/07/12 16:35:07] ppsci INFO: [Train][Epoch  723/1754][Iter 46/57] lr: 0.00072, loss: 0.00396, sup: 0.00396, batch_cost: 0.11441s, reader_cost: 0.00702s, ips: 8.74, eta: 1:52:04
[2025/07/12 16:35:19] ppsci INFO: [Train][Epoch  725/1754][Iter 32/57] lr: 0.00072, loss: 0.00350, sup: 0.00350, batch_cost: 0.11393s, reader_cost: 0.00869s, ips: 8.78, eta: 1:51:25
[2025/07/12 16:35:31] ppsci INFO: [Train][Epoch  727/1754][Iter 18/57] lr: 0.00073, loss: 0.00320, sup: 0.00320, batch_cost: 0.11529s, reader_cost: 0.00755s, ips: 8.67, eta: 1:52:33
[2025/07/12 16:35:43] ppsci INFO: [Train][Epoch  729/1754][Iter  4/57] lr: 0.00073, loss: 0.00797, sup: 0.00797, batch_cost: 0.11387s, reader_cost: 0.00740s, ips: 8.78, eta: 1:50:58
[2025/07/12 16:35:55] ppsci INFO: [Train][Epoch  730/1754][Iter 47/57] lr: 0.00073, loss: 0.00440, sup: 0.00440, batch_cost: 0.11441s, reader_cost: 0.00782s, ips: 8.74, eta: 1:51:18
[2025/07/12 16:36:06] ppsci INFO: [Train][Epoch  732/1754][Iter 33/57] lr: 0.00073, loss: 0.00374, sup: 0.00374, batch_cost: 0.11166s, reader_cost: 0.00806s, ips: 8.96, eta: 1:48:27
[2025/07/12 16:36:19] ppsci INFO: [Train][Epoch  734/1754][Iter 19/57] lr: 0.00073, loss: 0.01173, sup: 0.01173, batch_cost: 0.11501s, reader_cost: 0.00913s, ips: 8.70, eta: 1:51:30
[2025/07/12 16:36:31] ppsci INFO: [Train][Epoch  736/1754][Iter  5/57] lr: 0.00074, loss: 0.00523, sup: 0.00523, batch_cost: 0.11322s, reader_cost: 0.00800s, ips: 8.83, eta: 1:49:35
[2025/07/12 16:36:42] ppsci INFO: [Train][Epoch  737/1754][Iter 48/57] lr: 0.00074, loss: 0.00472, sup: 0.00472, batch_cost: 0.11403s, reader_cost: 0.00970s, ips: 8.77, eta: 1:50:11
[2025/07/12 16:36:55] ppsci INFO: [Train][Epoch  739/1754][Iter 34/57] lr: 0.00074, loss: 0.00424, sup: 0.00424, batch_cost: 0.11520s, reader_cost: 0.00716s, ips: 8.68, eta: 1:51:07
[2025/07/12 16:37:06] ppsci INFO: [Train][Epoch  741/1754][Iter 20/57] lr: 0.00074, loss: 0.00331, sup: 0.00331, batch_cost: 0.11364s, reader_cost: 0.00884s, ips: 8.80, eta: 1:49:25
[2025/07/12 16:37:19] ppsci INFO: [Train][Epoch  743/1754][Iter  6/57] lr: 0.00074, loss: 0.00359, sup: 0.00359, batch_cost: 0.11494s, reader_cost: 0.00791s, ips: 8.70, eta: 1:50:29
[2025/07/12 16:37:30] ppsci INFO: [Train][Epoch  744/1754][Iter 49/57] lr: 0.00074, loss: 0.00382, sup: 0.00382, batch_cost: 0.11254s, reader_cost: 0.00861s, ips: 8.89, eta: 1:47:59
[2025/07/12 16:37:42] ppsci INFO: [Train][Epoch  746/1754][Iter 35/57] lr: 0.00075, loss: 0.00675, sup: 0.00675, batch_cost: 0.11432s, reader_cost: 0.00811s, ips: 8.75, eta: 1:49:31
[2025/07/12 16:37:55] ppsci INFO: [Train][Epoch  748/1754][Iter 21/57] lr: 0.00075, loss: 0.00345, sup: 0.00345, batch_cost: 0.11484s, reader_cost: 0.00870s, ips: 8.71, eta: 1:49:49
[2025/07/12 16:38:06] ppsci INFO: [Train][Epoch  750/1754][Iter  7/57] lr: 0.00075, loss: 0.00782, sup: 0.00782, batch_cost: 0.11290s, reader_cost: 0.00850s, ips: 8.86, eta: 1:47:46
[2025/07/12 16:38:12] ppsci MESSAGE: Finish saving checkpoint to: outputs_gifm_fae/2025-07-12/15-12-50/checkpoints/epoch_750
[2025/07/12 16:38:19] ppsci INFO: [Train][Epoch  751/1754][Iter 50/57] lr: 0.00075, loss: 0.00388, sup: 0.00388, batch_cost: 0.11478s, reader_cost: 0.00872s, ips: 8.71, eta: 1:49:22
[2025/07/12 16:38:30] ppsci INFO: [Train][Epoch  753/1754][Iter 36/57] lr: 0.00075, loss: 0.00259, sup: 0.00259, batch_cost: 0.11275s, reader_cost: 0.01002s, ips: 8.87, eta: 1:47:15
[2025/07/12 16:38:42] ppsci INFO: [Train][Epoch  755/1754][Iter 22/57] lr: 0.00075, loss: 0.00291, sup: 0.00291, batch_cost: 0.11248s, reader_cost: 0.00873s, ips: 8.89, eta: 1:46:49
[2025/07/12 16:38:54] ppsci INFO: [Train][Epoch  757/1754][Iter  8/57] lr: 0.00076, loss: 0.00504, sup: 0.00504, batch_cost: 0.11287s, reader_cost: 0.00982s, ips: 8.86, eta: 1:46:59
[2025/07/12 16:39:06] ppsci INFO: [Train][Epoch  758/1754][Iter 51/57] lr: 0.00076, loss: 0.00752, sup: 0.00752, batch_cost: 0.11403s, reader_cost: 0.00900s, ips: 8.77, eta: 1:47:54
[2025/07/12 16:39:18] ppsci INFO: [Train][Epoch  760/1754][Iter 37/57] lr: 0.00076, loss: 0.00385, sup: 0.00385, batch_cost: 0.11231s, reader_cost: 0.00857s, ips: 8.90, eta: 1:46:05
[2025/07/12 16:39:30] ppsci INFO: [Train][Epoch  762/1754][Iter 23/57] lr: 0.00076, loss: 0.00294, sup: 0.00294, batch_cost: 0.11283s, reader_cost: 0.00731s, ips: 8.86, eta: 1:46:23
[2025/07/12 16:39:42] ppsci INFO: [Train][Epoch  764/1754][Iter  9/57] lr: 0.00076, loss: 0.01104, sup: 0.01104, batch_cost: 0.11356s, reader_cost: 0.00802s, ips: 8.81, eta: 1:46:53
[2025/07/12 16:39:54] ppsci INFO: [Train][Epoch  765/1754][Iter 52/57] lr: 0.00076, loss: 0.00622, sup: 0.00622, batch_cost: 0.11406s, reader_cost: 0.00893s, ips: 8.77, eta: 1:47:10
[2025/07/12 16:40:06] ppsci INFO: [Train][Epoch  767/1754][Iter 38/57] lr: 0.00077, loss: 0.00320, sup: 0.00320, batch_cost: 0.11474s, reader_cost: 0.00835s, ips: 8.72, eta: 1:47:37
[2025/07/12 16:40:18] ppsci INFO: [Train][Epoch  769/1754][Iter 24/57] lr: 0.00077, loss: 0.00270, sup: 0.00270, batch_cost: 0.11383s, reader_cost: 0.00769s, ips: 8.78, eta: 1:46:34
[2025/07/12 16:40:30] ppsci INFO: [Train][Epoch  771/1754][Iter 10/57] lr: 0.00077, loss: 0.00364, sup: 0.00364, batch_cost: 0.11288s, reader_cost: 0.00909s, ips: 8.86, eta: 1:45:30
[2025/07/12 16:40:41] ppsci INFO: [Train][Epoch  772/1754][Iter 53/57] lr: 0.00077, loss: 0.00652, sup: 0.00652, batch_cost: 0.11386s, reader_cost: 0.00725s, ips: 8.78, eta: 1:46:13
[2025/07/12 16:40:54] ppsci INFO: [Train][Epoch  774/1754][Iter 39/57] lr: 0.00077, loss: 0.00411, sup: 0.00411, batch_cost: 0.11551s, reader_cost: 0.00806s, ips: 8.66, eta: 1:47:34
[2025/07/12 16:41:06] ppsci INFO: [Train][Epoch  776/1754][Iter 25/57] lr: 0.00078, loss: 0.00347, sup: 0.00347, batch_cost: 0.11364s, reader_cost: 0.00851s, ips: 8.80, eta: 1:45:38
[2025/07/12 16:41:18] ppsci INFO: [Train][Epoch  778/1754][Iter 11/57] lr: 0.00078, loss: 0.00441, sup: 0.00441, batch_cost: 0.11331s, reader_cost: 0.00706s, ips: 8.83, eta: 1:45:09
[2025/07/12 16:41:29] ppsci INFO: [Train][Epoch  779/1754][Iter 54/57] lr: 0.00078, loss: 0.00624, sup: 0.00624, batch_cost: 0.11432s, reader_cost: 0.00756s, ips: 8.75, eta: 1:45:53
[2025/07/12 16:41:41] ppsci INFO: [Train][Epoch  781/1754][Iter 40/57] lr: 0.00078, loss: 0.00336, sup: 0.00336, batch_cost: 0.11403s, reader_cost: 0.00767s, ips: 8.77, eta: 1:45:26
[2025/07/12 16:41:54] ppsci INFO: [Train][Epoch  783/1754][Iter 26/57] lr: 0.00078, loss: 0.00300, sup: 0.00300, batch_cost: 0.11478s, reader_cost: 0.00848s, ips: 8.71, eta: 1:45:56
[2025/07/12 16:42:05] ppsci INFO: [Train][Epoch  785/1754][Iter 12/57] lr: 0.00078, loss: 0.00687, sup: 0.00687, batch_cost: 0.11289s, reader_cost: 0.00740s, ips: 8.86, eta: 1:44:00
[2025/07/12 16:42:17] ppsci INFO: [Train][Epoch  786/1754][Iter 55/57] lr: 0.00079, loss: 0.01493, sup: 0.01493, batch_cost: 0.11315s, reader_cost: 0.00831s, ips: 8.84, eta: 1:44:03
[2025/07/12 16:42:29] ppsci INFO: [Train][Epoch  788/1754][Iter 41/57] lr: 0.00079, loss: 0.00450, sup: 0.00450, batch_cost: 0.11232s, reader_cost: 0.00867s, ips: 8.90, eta: 1:43:06
[2025/07/12 16:42:41] ppsci INFO: [Train][Epoch  790/1754][Iter 27/57] lr: 0.00079, loss: 0.00304, sup: 0.00304, batch_cost: 0.11470s, reader_cost: 0.00889s, ips: 8.72, eta: 1:45:06
[2025/07/12 16:42:53] ppsci INFO: [Train][Epoch  792/1754][Iter 13/57] lr: 0.00079, loss: 0.00387, sup: 0.00387, batch_cost: 0.11365s, reader_cost: 0.00759s, ips: 8.80, eta: 1:43:56
[2025/07/12 16:43:05] ppsci INFO: [Train][Epoch  793/1754][Iter 56/57] lr: 0.00079, loss: 0.00356, sup: 0.00356, batch_cost: 0.11464s, reader_cost: 0.00745s, ips: 8.72, eta: 1:44:39
[2025/07/12 16:43:17] ppsci INFO: [Train][Epoch  795/1754][Iter 42/57] lr: 0.00079, loss: 0.00298, sup: 0.00298, batch_cost: 0.11437s, reader_cost: 0.00683s, ips: 8.74, eta: 1:44:13
[2025/07/12 16:43:29] ppsci INFO: [Train][Epoch  797/1754][Iter 28/57] lr: 0.00080, loss: 0.00263, sup: 0.00263, batch_cost: 0.11441s, reader_cost: 0.00862s, ips: 8.74, eta: 1:44:04
[2025/07/12 16:43:41] ppsci INFO: [Train][Epoch  799/1754][Iter 14/57] lr: 0.00080, loss: 0.00327, sup: 0.00327, batch_cost: 0.11420s, reader_cost: 0.00745s, ips: 8.76, eta: 1:43:41
[2025/07/12 16:43:53] ppsci INFO: [Train][Epoch  800/1754][Iter 57/57] lr: 0.00080, loss: 0.00717, sup: 0.00717, batch_cost: 0.11384s, reader_cost: 0.00742s, ips: 8.78, eta: 1:43:10
[2025/07/12 16:43:53] ppsci MESSAGE: Finish saving checkpoint to: outputs_gifm_fae/2025-07-12/15-12-50/checkpoints/epoch_800
[2025/07/12 16:44:06] ppsci INFO: [Train][Epoch  802/1754][Iter 43/57] lr: 0.00080, loss: 0.00338, sup: 0.00338, batch_cost: 0.11573s, reader_cost: 0.00919s, ips: 8.64, eta: 1:44:41
[2025/07/12 16:44:18] ppsci INFO: [Train][Epoch  804/1754][Iter 29/57] lr: 0.00080, loss: 0.00458, sup: 0.00458, batch_cost: 0.11385s, reader_cost: 0.00817s, ips: 8.78, eta: 1:42:48
[2025/07/12 16:44:30] ppsci INFO: [Train][Epoch  806/1754][Iter 15/57] lr: 0.00081, loss: 0.00359, sup: 0.00359, batch_cost: 0.11493s, reader_cost: 0.00714s, ips: 8.70, eta: 1:43:35
[2025/07/12 16:44:42] ppsci INFO: [Train][Epoch  808/1754][Iter  1/57] lr: 0.00081, loss: 0.00358, sup: 0.00358, batch_cost: 0.11479s, reader_cost: 0.00766s, ips: 8.71, eta: 1:43:16
[2025/07/12 16:44:54] ppsci INFO: [Train][Epoch  809/1754][Iter 44/57] lr: 0.00081, loss: 0.00796, sup: 0.00796, batch_cost: 0.11346s, reader_cost: 0.00692s, ips: 8.81, eta: 1:41:52
[2025/07/12 16:45:06] ppsci INFO: [Train][Epoch  811/1754][Iter 30/57] lr: 0.00081, loss: 0.00501, sup: 0.00501, batch_cost: 0.11576s, reader_cost: 0.00840s, ips: 8.64, eta: 1:43:45
[2025/07/12 16:45:18] ppsci INFO: [Train][Epoch  813/1754][Iter 16/57] lr: 0.00081, loss: 0.00456, sup: 0.00456, batch_cost: 0.11415s, reader_cost: 0.00722s, ips: 8.76, eta: 1:42:07
[2025/07/12 16:45:30] ppsci INFO: [Train][Epoch  815/1754][Iter  2/57] lr: 0.00081, loss: 0.00394, sup: 0.00394, batch_cost: 0.11159s, reader_cost: 0.00787s, ips: 8.96, eta: 1:39:38
[2025/07/12 16:45:41] ppsci INFO: [Train][Epoch  816/1754][Iter 45/57] lr: 0.00082, loss: 0.00297, sup: 0.00297, batch_cost: 0.11424s, reader_cost: 0.00941s, ips: 8.75, eta: 1:41:49
[2025/07/12 16:45:54] ppsci INFO: [Train][Epoch  818/1754][Iter 31/57] lr: 0.00082, loss: 0.00559, sup: 0.00559, batch_cost: 0.11425s, reader_cost: 0.00782s, ips: 8.75, eta: 1:41:38
[2025/07/12 16:46:05] ppsci INFO: [Train][Epoch  820/1754][Iter 17/57] lr: 0.00082, loss: 0.00397, sup: 0.00397, batch_cost: 0.11277s, reader_cost: 0.00804s, ips: 8.87, eta: 1:40:08
[2025/07/12 16:46:17] ppsci INFO: [Train][Epoch  822/1754][Iter  3/57] lr: 0.00082, loss: 0.00559, sup: 0.00559, batch_cost: 0.11341s, reader_cost: 0.00731s, ips: 8.82, eta: 1:40:30
[2025/07/12 16:46:29] ppsci INFO: [Train][Epoch  823/1754][Iter 46/57] lr: 0.00082, loss: 0.00266, sup: 0.00266, batch_cost: 0.11451s, reader_cost: 0.00782s, ips: 8.73, eta: 1:41:17
[2025/07/12 16:46:41] ppsci INFO: [Train][Epoch  825/1754][Iter 32/57] lr: 0.00082, loss: 0.00505, sup: 0.00505, batch_cost: 0.11435s, reader_cost: 0.00884s, ips: 8.75, eta: 1:40:57
[2025/07/12 16:46:53] ppsci INFO: [Train][Epoch  827/1754][Iter 18/57] lr: 0.00083, loss: 0.00326, sup: 0.00326, batch_cost: 0.11272s, reader_cost: 0.00803s, ips: 8.87, eta: 1:39:20
[2025/07/12 16:47:05] ppsci INFO: [Train][Epoch  829/1754][Iter  4/57] lr: 0.00083, loss: 0.00265, sup: 0.00265, batch_cost: 0.11344s, reader_cost: 0.00735s, ips: 8.82, eta: 1:39:47
[2025/07/12 16:47:17] ppsci INFO: [Train][Epoch  830/1754][Iter 47/57] lr: 0.00083, loss: 0.00201, sup: 0.00201, batch_cost: 0.11473s, reader_cost: 0.00698s, ips: 8.72, eta: 1:40:43
[2025/07/12 16:47:29] ppsci INFO: [Train][Epoch  832/1754][Iter 33/57] lr: 0.00083, loss: 0.00361, sup: 0.00361, batch_cost: 0.11394s, reader_cost: 0.00789s, ips: 8.78, eta: 1:39:50
[2025/07/12 16:47:41] ppsci INFO: [Train][Epoch  834/1754][Iter 19/57] lr: 0.00083, loss: 0.00403, sup: 0.00403, batch_cost: 0.11429s, reader_cost: 0.00793s, ips: 8.75, eta: 1:39:57
[2025/07/12 16:47:53] ppsci INFO: [Train][Epoch  836/1754][Iter  5/57] lr: 0.00084, loss: 0.00364, sup: 0.00364, batch_cost: 0.11327s, reader_cost: 0.00922s, ips: 8.83, eta: 1:38:52
[2025/07/12 16:48:05] ppsci INFO: [Train][Epoch  837/1754][Iter 48/57] lr: 0.00084, loss: 0.00540, sup: 0.00540, batch_cost: 0.11392s, reader_cost: 0.00785s, ips: 8.78, eta: 1:39:15
[2025/07/12 16:48:17] ppsci INFO: [Train][Epoch  839/1754][Iter 34/57] lr: 0.00084, loss: 0.00467, sup: 0.00467, batch_cost: 0.11412s, reader_cost: 0.00773s, ips: 8.76, eta: 1:39:14
[2025/07/12 16:48:29] ppsci INFO: [Train][Epoch  841/1754][Iter 20/57] lr: 0.00084, loss: 0.01838, sup: 0.01838, batch_cost: 0.11527s, reader_cost: 0.00676s, ips: 8.68, eta: 1:40:02
[2025/07/12 16:48:41] ppsci INFO: [Train][Epoch  843/1754][Iter  6/57] lr: 0.00084, loss: 0.00408, sup: 0.00408, batch_cost: 0.11409s, reader_cost: 0.00793s, ips: 8.76, eta: 1:38:50
[2025/07/12 16:48:53] ppsci INFO: [Train][Epoch  844/1754][Iter 49/57] lr: 0.00084, loss: 0.00322, sup: 0.00322, batch_cost: 0.11485s, reader_cost: 0.00731s, ips: 8.71, eta: 1:39:18
[2025/07/12 16:49:05] ppsci INFO: [Train][Epoch  846/1754][Iter 35/57] lr: 0.00085, loss: 0.00329, sup: 0.00329, batch_cost: 0.11363s, reader_cost: 0.00814s, ips: 8.80, eta: 1:38:03
[2025/07/12 16:49:17] ppsci INFO: [Train][Epoch  848/1754][Iter 21/57] lr: 0.00085, loss: 0.00321, sup: 0.00321, batch_cost: 0.11422s, reader_cost: 0.00763s, ips: 8.76, eta: 1:38:22
[2025/07/12 16:49:29] ppsci INFO: [Train][Epoch  850/1754][Iter  7/57] lr: 0.00085, loss: 0.00380, sup: 0.00380, batch_cost: 0.11249s, reader_cost: 0.00797s, ips: 8.89, eta: 1:36:41
[2025/07/12 16:49:35] ppsci MESSAGE: Finish saving checkpoint to: outputs_gifm_fae/2025-07-12/15-12-50/checkpoints/epoch_850
[2025/07/12 16:49:41] ppsci INFO: [Train][Epoch  851/1754][Iter 50/57] lr: 0.00085, loss: 0.00339, sup: 0.00339, batch_cost: 0.11358s, reader_cost: 0.00814s, ips: 8.80, eta: 1:37:26
[2025/07/12 16:49:53] ppsci INFO: [Train][Epoch  853/1754][Iter 36/57] lr: 0.00085, loss: 0.00407, sup: 0.00407, batch_cost: 0.11289s, reader_cost: 0.00710s, ips: 8.86, eta: 1:36:39
[2025/07/12 16:50:05] ppsci INFO: [Train][Epoch  855/1754][Iter 22/57] lr: 0.00085, loss: 0.00257, sup: 0.00257, batch_cost: 0.11296s, reader_cost: 0.00750s, ips: 8.85, eta: 1:36:32
[2025/07/12 16:50:17] ppsci INFO: [Train][Epoch  857/1754][Iter  8/57] lr: 0.00086, loss: 0.00472, sup: 0.00472, batch_cost: 0.11471s, reader_cost: 0.00850s, ips: 8.72, eta: 1:37:50
[2025/07/12 16:50:29] ppsci INFO: [Train][Epoch  858/1754][Iter 51/57] lr: 0.00086, loss: 0.00412, sup: 0.00412, batch_cost: 0.11379s, reader_cost: 0.00687s, ips: 8.79, eta: 1:36:52
[2025/07/12 16:50:41] ppsci INFO: [Train][Epoch  860/1754][Iter 37/57] lr: 0.00086, loss: 0.00706, sup: 0.00706, batch_cost: 0.11341s, reader_cost: 0.00788s, ips: 8.82, eta: 1:36:21
[2025/07/12 16:50:53] ppsci INFO: [Train][Epoch  862/1754][Iter 23/57] lr: 0.00086, loss: 0.00555, sup: 0.00555, batch_cost: 0.11301s, reader_cost: 0.00788s, ips: 8.85, eta: 1:35:49
[2025/07/12 16:51:05] ppsci INFO: [Train][Epoch  864/1754][Iter  9/57] lr: 0.00086, loss: 0.00276, sup: 0.00276, batch_cost: 0.11518s, reader_cost: 0.00715s, ips: 8.68, eta: 1:37:28
[2025/07/12 16:51:17] ppsci INFO: [Train][Epoch  865/1754][Iter 52/57] lr: 0.00086, loss: 0.00232, sup: 0.00232, batch_cost: 0.11531s, reader_cost: 0.00754s, ips: 8.67, eta: 1:37:23
[2025/07/12 16:51:29] ppsci INFO: [Train][Epoch  867/1754][Iter 38/57] lr: 0.00087, loss: 0.00253, sup: 0.00253, batch_cost: 0.11354s, reader_cost: 0.00903s, ips: 8.81, eta: 1:35:42
[2025/07/12 16:51:41] ppsci INFO: [Train][Epoch  869/1754][Iter 24/57] lr: 0.00087, loss: 0.00251, sup: 0.00251, batch_cost: 0.11392s, reader_cost: 0.00799s, ips: 8.78, eta: 1:35:50
[2025/07/12 16:51:53] ppsci INFO: [Train][Epoch  871/1754][Iter 10/57] lr: 0.00087, loss: 0.00384, sup: 0.00384, batch_cost: 0.11230s, reader_cost: 0.00821s, ips: 8.90, eta: 1:34:17
[2025/07/12 16:52:05] ppsci INFO: [Train][Epoch  872/1754][Iter 53/57] lr: 0.00087, loss: 0.00724, sup: 0.00724, batch_cost: 0.11489s, reader_cost: 0.00774s, ips: 8.70, eta: 1:36:16
[2025/07/12 16:52:17] ppsci INFO: [Train][Epoch  874/1754][Iter 39/57] lr: 0.00087, loss: 0.00846, sup: 0.00846, batch_cost: 0.11581s, reader_cost: 0.00802s, ips: 8.63, eta: 1:36:51
[2025/07/12 16:52:29] ppsci INFO: [Train][Epoch  876/1754][Iter 25/57] lr: 0.00088, loss: 0.00525, sup: 0.00525, batch_cost: 0.11341s, reader_cost: 0.00748s, ips: 8.82, eta: 1:34:39
[2025/07/12 16:52:41] ppsci INFO: [Train][Epoch  878/1754][Iter 11/57] lr: 0.00088, loss: 0.00462, sup: 0.00462, batch_cost: 0.11371s, reader_cost: 0.00694s, ips: 8.79, eta: 1:34:42
[2025/07/12 16:52:53] ppsci INFO: [Train][Epoch  879/1754][Iter 54/57] lr: 0.00088, loss: 0.00329, sup: 0.00329, batch_cost: 0.11406s, reader_cost: 0.00856s, ips: 8.77, eta: 1:34:48
[2025/07/12 16:53:05] ppsci INFO: [Train][Epoch  881/1754][Iter 40/57] lr: 0.00088, loss: 0.00319, sup: 0.00319, batch_cost: 0.11317s, reader_cost: 0.00841s, ips: 8.84, eta: 1:33:53
[2025/07/12 16:53:16] ppsci INFO: [Train][Epoch  883/1754][Iter 26/57] lr: 0.00088, loss: 0.00420, sup: 0.00420, batch_cost: 0.11256s, reader_cost: 0.00790s, ips: 8.88, eta: 1:33:11
[2025/07/12 16:53:28] ppsci INFO: [Train][Epoch  885/1754][Iter 12/57] lr: 0.00088, loss: 0.00207, sup: 0.00207, batch_cost: 0.11317s, reader_cost: 0.00883s, ips: 8.84, eta: 1:33:30
[2025/07/12 16:53:40] ppsci INFO: [Train][Epoch  886/1754][Iter 55/57] lr: 0.00089, loss: 0.00348, sup: 0.00348, batch_cost: 0.11329s, reader_cost: 0.00889s, ips: 8.83, eta: 1:33:25
[2025/07/12 16:53:52] ppsci INFO: [Train][Epoch  888/1754][Iter 41/57] lr: 0.00089, loss: 0.00510, sup: 0.00510, batch_cost: 0.11513s, reader_cost: 0.00741s, ips: 8.69, eta: 1:34:44
[2025/07/12 16:54:04] ppsci INFO: [Train][Epoch  890/1754][Iter 27/57] lr: 0.00089, loss: 0.00573, sup: 0.00573, batch_cost: 0.11278s, reader_cost: 0.00860s, ips: 8.87, eta: 1:32:37
[2025/07/12 16:54:16] ppsci INFO: [Train][Epoch  892/1754][Iter 13/57] lr: 0.00089, loss: 0.00287, sup: 0.00287, batch_cost: 0.11388s, reader_cost: 0.00764s, ips: 8.78, eta: 1:33:20
[2025/07/12 16:54:28] ppsci INFO: [Train][Epoch  893/1754][Iter 56/57] lr: 0.00089, loss: 0.00247, sup: 0.00247, batch_cost: 0.11396s, reader_cost: 0.00633s, ips: 8.77, eta: 1:33:13
[2025/07/12 16:54:40] ppsci INFO: [Train][Epoch  895/1754][Iter 42/57] lr: 0.00089, loss: 0.00270, sup: 0.00270, batch_cost: 0.11474s, reader_cost: 0.00855s, ips: 8.72, eta: 1:33:39
[2025/07/12 16:54:52] ppsci INFO: [Train][Epoch  897/1754][Iter 28/57] lr: 0.00090, loss: 0.00323, sup: 0.00323, batch_cost: 0.11456s, reader_cost: 0.00699s, ips: 8.73, eta: 1:33:19
[2025/07/12 16:55:04] ppsci INFO: [Train][Epoch  899/1754][Iter 14/57] lr: 0.00090, loss: 0.00487, sup: 0.00487, batch_cost: 0.11368s, reader_cost: 0.00682s, ips: 8.80, eta: 1:32:25
[2025/07/12 16:55:16] ppsci INFO: [Train][Epoch  900/1754][Iter 57/57] lr: 0.00090, loss: 0.00312, sup: 0.00312, batch_cost: 0.11377s, reader_cost: 0.00698s, ips: 8.79, eta: 1:32:18
[2025/07/12 16:55:16] ppsci MESSAGE: Finish saving checkpoint to: outputs_gifm_fae/2025-07-12/15-12-50/checkpoints/epoch_900
[2025/07/12 16:55:28] ppsci INFO: [Train][Epoch  902/1754][Iter 43/57] lr: 0.00090, loss: 0.00917, sup: 0.00917, batch_cost: 0.11274s, reader_cost: 0.00852s, ips: 8.87, eta: 1:31:16
[2025/07/12 16:55:40] ppsci INFO: [Train][Epoch  904/1754][Iter 29/57] lr: 0.00090, loss: 0.00413, sup: 0.00413, batch_cost: 0.11354s, reader_cost: 0.00698s, ips: 8.81, eta: 1:31:44
[2025/07/12 16:55:52] ppsci INFO: [Train][Epoch  906/1754][Iter 15/57] lr: 0.00091, loss: 0.00265, sup: 0.00265, batch_cost: 0.11379s, reader_cost: 0.00715s, ips: 8.79, eta: 1:31:45
[2025/07/12 16:56:04] ppsci INFO: [Train][Epoch  908/1754][Iter  1/57] lr: 0.00091, loss: 0.00152, sup: 0.00152, batch_cost: 0.11221s, reader_cost: 0.00848s, ips: 8.91, eta: 1:30:17
[2025/07/12 16:56:16] ppsci INFO: [Train][Epoch  909/1754][Iter 44/57] lr: 0.00091, loss: 0.00234, sup: 0.00234, batch_cost: 0.11332s, reader_cost: 0.00692s, ips: 8.82, eta: 1:30:59
[2025/07/12 16:56:28] ppsci INFO: [Train][Epoch  911/1754][Iter 30/57] lr: 0.00091, loss: 0.00271, sup: 0.00271, batch_cost: 0.11237s, reader_cost: 0.00685s, ips: 8.90, eta: 1:30:02
[2025/07/12 16:56:40] ppsci INFO: [Train][Epoch  913/1754][Iter 16/57] lr: 0.00091, loss: 0.00309, sup: 0.00309, batch_cost: 0.11519s, reader_cost: 0.00795s, ips: 8.68, eta: 1:32:06
[2025/07/12 16:56:52] ppsci INFO: [Train][Epoch  915/1754][Iter  2/57] lr: 0.00091, loss: 0.00590, sup: 0.00590, batch_cost: 0.11382s, reader_cost: 0.00725s, ips: 8.79, eta: 1:30:49
[2025/07/12 16:57:03] ppsci INFO: [Train][Epoch  916/1754][Iter 45/57] lr: 0.00092, loss: 0.00755, sup: 0.00755, batch_cost: 0.11455s, reader_cost: 0.00876s, ips: 8.73, eta: 1:31:13
[2025/07/12 16:57:16] ppsci INFO: [Train][Epoch  918/1754][Iter 31/57] lr: 0.00092, loss: 0.00285, sup: 0.00285, batch_cost: 0.11477s, reader_cost: 0.00932s, ips: 8.71, eta: 1:31:11
[2025/07/12 16:57:27] ppsci INFO: [Train][Epoch  920/1754][Iter 17/57] lr: 0.00092, loss: 0.00253, sup: 0.00253, batch_cost: 0.11339s, reader_cost: 0.00788s, ips: 8.82, eta: 1:29:55
[2025/07/12 16:57:39] ppsci INFO: [Train][Epoch  922/1754][Iter  3/57] lr: 0.00092, loss: 0.00216, sup: 0.00216, batch_cost: 0.11381s, reader_cost: 0.00864s, ips: 8.79, eta: 1:30:03
[2025/07/12 16:57:51] ppsci INFO: [Train][Epoch  923/1754][Iter 46/57] lr: 0.00092, loss: 0.00414, sup: 0.00414, batch_cost: 0.11455s, reader_cost: 0.00765s, ips: 8.73, eta: 1:30:27
[2025/07/12 16:58:03] ppsci INFO: [Train][Epoch  925/1754][Iter 32/57] lr: 0.00092, loss: 0.00406, sup: 0.00406, batch_cost: 0.11361s, reader_cost: 0.00872s, ips: 8.80, eta: 1:29:31
[2025/07/12 16:58:15] ppsci INFO: [Train][Epoch  927/1754][Iter 18/57] lr: 0.00093, loss: 0.00279, sup: 0.00279, batch_cost: 0.11341s, reader_cost: 0.00792s, ips: 8.82, eta: 1:29:10
[2025/07/12 16:58:27] ppsci INFO: [Train][Epoch  929/1754][Iter  4/57] lr: 0.00093, loss: 0.00268, sup: 0.00268, batch_cost: 0.11391s, reader_cost: 0.00887s, ips: 8.78, eta: 1:29:22
[2025/07/12 16:58:39] ppsci INFO: [Train][Epoch  930/1754][Iter 47/57] lr: 0.00093, loss: 0.00259, sup: 0.00259, batch_cost: 0.11391s, reader_cost: 0.00836s, ips: 8.78, eta: 1:29:11
[2025/07/12 16:58:51] ppsci INFO: [Train][Epoch  932/1754][Iter 33/57] lr: 0.00093, loss: 0.00248, sup: 0.00248, batch_cost: 0.11546s, reader_cost: 0.00797s, ips: 8.66, eta: 1:30:12
[2025/07/12 16:59:03] ppsci INFO: [Train][Epoch  934/1754][Iter 19/57] lr: 0.00093, loss: 0.00742, sup: 0.00742, batch_cost: 0.11266s, reader_cost: 0.00901s, ips: 8.88, eta: 1:27:49
[2025/07/12 16:59:15] ppsci INFO: [Train][Epoch  936/1754][Iter  5/57] lr: 0.00094, loss: 0.00279, sup: 0.00279, batch_cost: 0.11235s, reader_cost: 0.00781s, ips: 8.90, eta: 1:27:24
[2025/07/12 16:59:26] ppsci INFO: [Train][Epoch  937/1754][Iter 48/57] lr: 0.00094, loss: 0.00618, sup: 0.00618, batch_cost: 0.11304s, reader_cost: 0.00758s, ips: 8.85, eta: 1:27:45
[2025/07/12 16:59:38] ppsci INFO: [Train][Epoch  939/1754][Iter 34/57] lr: 0.00094, loss: 0.00519, sup: 0.00519, batch_cost: 0.11247s, reader_cost: 0.00780s, ips: 8.89, eta: 1:27:07
[2025/07/12 16:59:50] ppsci INFO: [Train][Epoch  941/1754][Iter 20/57] lr: 0.00094, loss: 0.00283, sup: 0.00283, batch_cost: 0.11336s, reader_cost: 0.00808s, ips: 8.82, eta: 1:27:37
[2025/07/12 17:00:02] ppsci INFO: [Train][Epoch  943/1754][Iter  6/57] lr: 0.00094, loss: 0.00284, sup: 0.00284, batch_cost: 0.11381s, reader_cost: 0.00907s, ips: 8.79, eta: 1:27:46
[2025/07/12 17:00:14] ppsci INFO: [Train][Epoch  944/1754][Iter 49/57] lr: 0.00094, loss: 0.00242, sup: 0.00242, batch_cost: 0.11437s, reader_cost: 0.00700s, ips: 8.74, eta: 1:28:01
[2025/07/12 17:00:26] ppsci INFO: [Train][Epoch  946/1754][Iter 35/57] lr: 0.00095, loss: 0.00296, sup: 0.00296, batch_cost: 0.11381s, reader_cost: 0.00817s, ips: 8.79, eta: 1:27:24
[2025/07/12 17:00:38] ppsci INFO: [Train][Epoch  948/1754][Iter 21/57] lr: 0.00095, loss: 0.00942, sup: 0.00942, batch_cost: 0.11310s, reader_cost: 0.00922s, ips: 8.84, eta: 1:26:39
[2025/07/12 17:00:50] ppsci INFO: [Train][Epoch  950/1754][Iter  7/57] lr: 0.00095, loss: 0.00594, sup: 0.00594, batch_cost: 0.11260s, reader_cost: 0.00759s, ips: 8.88, eta: 1:26:05
[2025/07/12 17:00:56] ppsci MESSAGE: Finish saving checkpoint to: outputs_gifm_fae/2025-07-12/15-12-50/checkpoints/epoch_950
[2025/07/12 17:01:02] ppsci INFO: [Train][Epoch  951/1754][Iter 50/57] lr: 0.00095, loss: 0.00479, sup: 0.00479, batch_cost: 0.11386s, reader_cost: 0.00724s, ips: 8.78, eta: 1:26:52
[2025/07/12 17:01:14] ppsci INFO: [Train][Epoch  953/1754][Iter 36/57] lr: 0.00095, loss: 0.00303, sup: 0.00303, batch_cost: 0.11559s, reader_cost: 0.00696s, ips: 8.65, eta: 1:27:59
[2025/07/12 17:01:26] ppsci INFO: [Train][Epoch  955/1754][Iter 22/57] lr: 0.00095, loss: 0.00187, sup: 0.00187, batch_cost: 0.11378s, reader_cost: 0.00831s, ips: 8.79, eta: 1:26:25
[2025/07/12 17:01:38] ppsci INFO: [Train][Epoch  957/1754][Iter  8/57] lr: 0.00096, loss: 0.00179, sup: 0.00179, batch_cost: 0.11369s, reader_cost: 0.00749s, ips: 8.80, eta: 1:26:10
[2025/07/12 17:01:50] ppsci INFO: [Train][Epoch  958/1754][Iter 51/57] lr: 0.00096, loss: 0.00212, sup: 0.00212, batch_cost: 0.11451s, reader_cost: 0.00726s, ips: 8.73, eta: 1:26:36
[2025/07/12 17:02:02] ppsci INFO: [Train][Epoch  960/1754][Iter 37/57] lr: 0.00096, loss: 0.00272, sup: 0.00272, batch_cost: 0.11418s, reader_cost: 0.00830s, ips: 8.76, eta: 1:26:09
[2025/07/12 17:02:14] ppsci INFO: [Train][Epoch  962/1754][Iter 23/57] lr: 0.00096, loss: 0.00242, sup: 0.00242, batch_cost: 0.11482s, reader_cost: 0.00820s, ips: 8.71, eta: 1:26:27
[2025/07/12 17:02:27] ppsci INFO: [Train][Epoch  964/1754][Iter  9/57] lr: 0.00096, loss: 0.00370, sup: 0.00370, batch_cost: 0.11379s, reader_cost: 0.00817s, ips: 8.79, eta: 1:25:29
[2025/07/12 17:02:38] ppsci INFO: [Train][Epoch  965/1754][Iter 52/57] lr: 0.00096, loss: 0.00548, sup: 0.00548, batch_cost: 0.11310s, reader_cost: 0.00849s, ips: 8.84, eta: 1:24:46
[2025/07/12 17:02:50] ppsci INFO: [Train][Epoch  967/1754][Iter 38/57] lr: 0.00097, loss: 0.00674, sup: 0.00674, batch_cost: 0.11354s, reader_cost: 0.00849s, ips: 8.81, eta: 1:24:55
[2025/07/12 17:03:02] ppsci INFO: [Train][Epoch  969/1754][Iter 24/57] lr: 0.00097, loss: 0.00292, sup: 0.00292, batch_cost: 0.11310s, reader_cost: 0.00876s, ips: 8.84, eta: 1:24:24
[2025/07/12 17:03:14] ppsci INFO: [Train][Epoch  971/1754][Iter 10/57] lr: 0.00097, loss: 0.00174, sup: 0.00174, batch_cost: 0.11402s, reader_cost: 0.00852s, ips: 8.77, eta: 1:24:54
[2025/07/12 17:03:26] ppsci INFO: [Train][Epoch  972/1754][Iter 53/57] lr: 0.00097, loss: 0.00390, sup: 0.00390, batch_cost: 0.11451s, reader_cost: 0.00684s, ips: 8.73, eta: 1:25:04
[2025/07/12 17:03:38] ppsci INFO: [Train][Epoch  974/1754][Iter 39/57] lr: 0.00097, loss: 0.00374, sup: 0.00374, batch_cost: 0.11397s, reader_cost: 0.00772s, ips: 8.77, eta: 1:24:28
[2025/07/12 17:03:50] ppsci INFO: [Train][Epoch  976/1754][Iter 25/57] lr: 0.00098, loss: 0.00343, sup: 0.00343, batch_cost: 0.11466s, reader_cost: 0.00818s, ips: 8.72, eta: 1:24:48
[2025/07/12 17:04:02] ppsci INFO: [Train][Epoch  978/1754][Iter 11/57] lr: 0.00098, loss: 0.00404, sup: 0.00404, batch_cost: 0.11383s, reader_cost: 0.00828s, ips: 8.78, eta: 1:24:00
[2025/07/12 17:04:14] ppsci INFO: [Train][Epoch  979/1754][Iter 54/57] lr: 0.00098, loss: 0.00355, sup: 0.00355, batch_cost: 0.11379s, reader_cost: 0.00833s, ips: 8.79, eta: 1:23:46
[2025/07/12 17:04:26] ppsci INFO: [Train][Epoch  981/1754][Iter 40/57] lr: 0.00098, loss: 0.00217, sup: 0.00217, batch_cost: 0.11287s, reader_cost: 0.00770s, ips: 8.86, eta: 1:22:54
[2025/07/12 17:04:38] ppsci INFO: [Train][Epoch  983/1754][Iter 26/57] lr: 0.00098, loss: 0.00328, sup: 0.00328, batch_cost: 0.11457s, reader_cost: 0.00747s, ips: 8.73, eta: 1:23:58
[2025/07/12 17:04:50] ppsci INFO: [Train][Epoch  985/1754][Iter 12/57] lr: 0.00098, loss: 0.00251, sup: 0.00251, batch_cost: 0.11452s, reader_cost: 0.00885s, ips: 8.73, eta: 1:23:44
[2025/07/12 17:05:02] ppsci INFO: [Train][Epoch  986/1754][Iter 55/57] lr: 0.00099, loss: 0.00286, sup: 0.00286, batch_cost: 0.11346s, reader_cost: 0.00682s, ips: 8.81, eta: 1:22:47
[2025/07/12 17:05:14] ppsci INFO: [Train][Epoch  988/1754][Iter 41/57] lr: 0.00099, loss: 0.00365, sup: 0.00365, batch_cost: 0.11451s, reader_cost: 0.00846s, ips: 8.73, eta: 1:23:21
[2025/07/12 17:05:26] ppsci INFO: [Train][Epoch  990/1754][Iter 27/57] lr: 0.00099, loss: 0.00867, sup: 0.00867, batch_cost: 0.11434s, reader_cost: 0.00886s, ips: 8.75, eta: 1:23:02
[2025/07/12 17:05:38] ppsci INFO: [Train][Epoch  992/1754][Iter 13/57] lr: 0.00099, loss: 0.00370, sup: 0.00370, batch_cost: 0.11371s, reader_cost: 0.00885s, ips: 8.79, eta: 1:22:23
[2025/07/12 17:05:50] ppsci INFO: [Train][Epoch  993/1754][Iter 56/57] lr: 0.00099, loss: 0.00386, sup: 0.00386, batch_cost: 0.11315s, reader_cost: 0.00920s, ips: 8.84, eta: 1:21:48
[2025/07/12 17:06:02] ppsci INFO: [Train][Epoch  995/1754][Iter 42/57] lr: 0.00099, loss: 0.00194, sup: 0.00194, batch_cost: 0.11376s, reader_cost: 0.00830s, ips: 8.79, eta: 1:22:03
[2025/07/12 17:06:14] ppsci INFO: [Train][Epoch  997/1754][Iter 28/57] lr: 0.00100, loss: 0.00253, sup: 0.00253, batch_cost: 0.11357s, reader_cost: 0.00951s, ips: 8.81, eta: 1:21:43
[2025/07/12 17:06:26] ppsci INFO: [Train][Epoch  999/1754][Iter 14/57] lr: 0.00100, loss: 0.00209, sup: 0.00209, batch_cost: 0.11389s, reader_cost: 0.00765s, ips: 8.78, eta: 1:21:46
[2025/07/12 17:06:37] ppsci INFO: [Train][Epoch 1000/1754][Iter 57/57] lr: 0.00100, loss: 0.00218, sup: 0.00218, batch_cost: 0.11227s, reader_cost: 0.00940s, ips: 8.91, eta: 1:20:25
[2025/07/12 17:06:37] ppsci MESSAGE: Finish saving checkpoint to: outputs_gifm_fae/2025-07-12/15-12-50/checkpoints/epoch_1000
[2025/07/12 17:06:49] ppsci INFO: [Train][Epoch 1002/1754][Iter 43/57] lr: 0.00099, loss: 0.00464, sup: 0.00464, batch_cost: 0.11397s, reader_cost: 0.00825s, ips: 8.77, eta: 1:21:26
[2025/07/12 17:07:01] ppsci INFO: [Train][Epoch 1004/1754][Iter 29/57] lr: 0.00098, loss: 0.00210, sup: 0.00210, batch_cost: 0.11299s, reader_cost: 0.00837s, ips: 8.85, eta: 1:20:33
[2025/07/12 17:07:13] ppsci INFO: [Train][Epoch 1006/1754][Iter 15/57] lr: 0.00097, loss: 0.00218, sup: 0.00218, batch_cost: 0.11155s, reader_cost: 0.00820s, ips: 8.96, eta: 1:19:20
[2025/07/12 17:07:25] ppsci INFO: [Train][Epoch 1008/1754][Iter  1/57] lr: 0.00096, loss: 0.00340, sup: 0.00340, batch_cost: 0.11224s, reader_cost: 0.00748s, ips: 8.91, eta: 1:19:39
[2025/07/12 17:07:37] ppsci INFO: [Train][Epoch 1009/1754][Iter 44/57] lr: 0.00095, loss: 0.00233, sup: 0.00233, batch_cost: 0.11350s, reader_cost: 0.00820s, ips: 8.81, eta: 1:20:21
[2025/07/12 17:07:49] ppsci INFO: [Train][Epoch 1011/1754][Iter 30/57] lr: 0.00094, loss: 0.00231, sup: 0.00231, batch_cost: 0.11555s, reader_cost: 0.00830s, ips: 8.65, eta: 1:21:36
[2025/07/12 17:08:01] ppsci INFO: [Train][Epoch 1013/1754][Iter 16/57] lr: 0.00093, loss: 0.01194, sup: 0.01194, batch_cost: 0.11371s, reader_cost: 0.00896s, ips: 8.79, eta: 1:20:07
[2025/07/12 17:08:13] ppsci INFO: [Train][Epoch 1015/1754][Iter  2/57] lr: 0.00092, loss: 0.00341, sup: 0.00341, batch_cost: 0.11363s, reader_cost: 0.00808s, ips: 8.80, eta: 1:19:52
[2025/07/12 17:08:25] ppsci INFO: [Train][Epoch 1016/1754][Iter 45/57] lr: 0.00091, loss: 0.00187, sup: 0.00187, batch_cost: 0.11367s, reader_cost: 0.00898s, ips: 8.80, eta: 1:19:42
[2025/07/12 17:08:37] ppsci INFO: [Train][Epoch 1018/1754][Iter 31/57] lr: 0.00090, loss: 0.00166, sup: 0.00166, batch_cost: 0.11455s, reader_cost: 0.00862s, ips: 8.73, eta: 1:20:08
[2025/07/12 17:08:49] ppsci INFO: [Train][Epoch 1020/1754][Iter 17/57] lr: 0.00089, loss: 0.00124, sup: 0.00124, batch_cost: 0.11499s, reader_cost: 0.00815s, ips: 8.70, eta: 1:20:15
[2025/07/12 17:09:01] ppsci INFO: [Train][Epoch 1022/1754][Iter  3/57] lr: 0.00088, loss: 0.00103, sup: 0.00103, batch_cost: 0.11334s, reader_cost: 0.00660s, ips: 8.82, eta: 1:18:55
[2025/07/12 17:09:13] ppsci INFO: [Train][Epoch 1023/1754][Iter 46/57] lr: 0.00087, loss: 0.00186, sup: 0.00186, batch_cost: 0.11339s, reader_cost: 0.00715s, ips: 8.82, eta: 1:18:45
[2025/07/12 17:09:25] ppsci INFO: [Train][Epoch 1025/1754][Iter 32/57] lr: 0.00086, loss: 0.00218, sup: 0.00218, batch_cost: 0.11319s, reader_cost: 0.00819s, ips: 8.83, eta: 1:18:26
[2025/07/12 17:09:37] ppsci INFO: [Train][Epoch 1027/1754][Iter 18/57] lr: 0.00085, loss: 0.00147, sup: 0.00147, batch_cost: 0.11298s, reader_cost: 0.00877s, ips: 8.85, eta: 1:18:06
[2025/07/12 17:09:48] ppsci INFO: [Train][Epoch 1029/1754][Iter  4/57] lr: 0.00084, loss: 0.00218, sup: 0.00218, batch_cost: 0.11303s, reader_cost: 0.00897s, ips: 8.85, eta: 1:17:56
[2025/07/12 17:10:00] ppsci INFO: [Train][Epoch 1030/1754][Iter 47/57] lr: 0.00084, loss: 0.00324, sup: 0.00324, batch_cost: 0.11271s, reader_cost: 0.00774s, ips: 8.87, eta: 1:17:32
[2025/07/12 17:10:12] ppsci INFO: [Train][Epoch 1032/1754][Iter 33/57] lr: 0.00083, loss: 0.00183, sup: 0.00183, batch_cost: 0.11349s, reader_cost: 0.00827s, ips: 8.81, eta: 1:17:53
[2025/07/12 17:10:24] ppsci INFO: [Train][Epoch 1034/1754][Iter 19/57] lr: 0.00082, loss: 0.00096, sup: 0.00096, batch_cost: 0.11304s, reader_cost: 0.00715s, ips: 8.85, eta: 1:17:23
[2025/07/12 17:10:36] ppsci INFO: [Train][Epoch 1036/1754][Iter  5/57] lr: 0.00081, loss: 0.00110, sup: 0.00110, batch_cost: 0.11407s, reader_cost: 0.00771s, ips: 8.77, eta: 1:17:54
[2025/07/12 17:10:48] ppsci INFO: [Train][Epoch 1037/1754][Iter 48/57] lr: 0.00080, loss: 0.00225, sup: 0.00225, batch_cost: 0.11601s, reader_cost: 0.00716s, ips: 8.62, eta: 1:19:02
[2025/07/12 17:11:00] ppsci INFO: [Train][Epoch 1039/1754][Iter 34/57] lr: 0.00079, loss: 0.00230, sup: 0.00230, batch_cost: 0.11522s, reader_cost: 0.00825s, ips: 8.68, eta: 1:18:18
[2025/07/12 17:11:12] ppsci INFO: [Train][Epoch 1041/1754][Iter 20/57] lr: 0.00078, loss: 0.00677, sup: 0.00677, batch_cost: 0.11367s, reader_cost: 0.00787s, ips: 8.80, eta: 1:17:03
[2025/07/12 17:11:24] ppsci INFO: [Train][Epoch 1043/1754][Iter  6/57] lr: 0.00078, loss: 0.00611, sup: 0.00611, batch_cost: 0.11325s, reader_cost: 0.00884s, ips: 8.83, eta: 1:16:35
[2025/07/12 17:11:36] ppsci INFO: [Train][Epoch 1044/1754][Iter 49/57] lr: 0.00077, loss: 0.00202, sup: 0.00202, batch_cost: 0.11400s, reader_cost: 0.00886s, ips: 8.77, eta: 1:16:54
[2025/07/12 17:11:48] ppsci INFO: [Train][Epoch 1046/1754][Iter 35/57] lr: 0.00076, loss: 0.00416, sup: 0.00416, batch_cost: 0.11269s, reader_cost: 0.00712s, ips: 8.87, eta: 1:15:50
[2025/07/12 17:12:00] ppsci INFO: [Train][Epoch 1048/1754][Iter 21/57] lr: 0.00075, loss: 0.00150, sup: 0.00150, batch_cost: 0.11470s, reader_cost: 0.00872s, ips: 8.72, eta: 1:16:59
[2025/07/12 17:12:12] ppsci INFO: [Train][Epoch 1050/1754][Iter  7/57] lr: 0.00074, loss: 0.00224, sup: 0.00224, batch_cost: 0.11551s, reader_cost: 0.00945s, ips: 8.66, eta: 1:17:20
[2025/07/12 17:12:18] ppsci MESSAGE: Finish saving checkpoint to: outputs_gifm_fae/2025-07-12/15-12-50/checkpoints/epoch_1050
[2025/07/12 17:12:24] ppsci INFO: [Train][Epoch 1051/1754][Iter 50/57] lr: 0.00074, loss: 0.00325, sup: 0.00325, batch_cost: 0.11291s, reader_cost: 0.00782s, ips: 8.86, eta: 1:15:25
[2025/07/12 17:12:36] ppsci INFO: [Train][Epoch 1053/1754][Iter 36/57] lr: 0.00073, loss: 0.00207, sup: 0.00207, batch_cost: 0.11467s, reader_cost: 0.00790s, ips: 8.72, eta: 1:16:24
[2025/07/12 17:12:48] ppsci INFO: [Train][Epoch 1055/1754][Iter 22/57] lr: 0.00072, loss: 0.00091, sup: 0.00091, batch_cost: 0.11393s, reader_cost: 0.00937s, ips: 8.78, eta: 1:15:43
[2025/07/12 17:13:00] ppsci INFO: [Train][Epoch 1057/1754][Iter  8/57] lr: 0.00071, loss: 0.00126, sup: 0.00126, batch_cost: 0.11220s, reader_cost: 0.00927s, ips: 8.91, eta: 1:14:23
[2025/07/12 17:13:12] ppsci INFO: [Train][Epoch 1058/1754][Iter 51/57] lr: 0.00071, loss: 0.00126, sup: 0.00126, batch_cost: 0.11364s, reader_cost: 0.00985s, ips: 8.80, eta: 1:15:08
[2025/07/12 17:13:24] ppsci INFO: [Train][Epoch 1060/1754][Iter 37/57] lr: 0.00070, loss: 0.00118, sup: 0.00118, batch_cost: 0.11349s, reader_cost: 0.00840s, ips: 8.81, eta: 1:14:51
[2025/07/12 17:13:36] ppsci INFO: [Train][Epoch 1062/1754][Iter 23/57] lr: 0.00069, loss: 0.00177, sup: 0.00177, batch_cost: 0.11479s, reader_cost: 0.00862s, ips: 8.71, eta: 1:15:31
[2025/07/12 17:13:48] ppsci INFO: [Train][Epoch 1064/1754][Iter  9/57] lr: 0.00068, loss: 0.00313, sup: 0.00313, batch_cost: 0.11427s, reader_cost: 0.00907s, ips: 8.75, eta: 1:14:59
[2025/07/12 17:14:00] ppsci INFO: [Train][Epoch 1065/1754][Iter 52/57] lr: 0.00068, loss: 0.00200, sup: 0.00200, batch_cost: 0.11356s, reader_cost: 0.00842s, ips: 8.81, eta: 1:14:20
[2025/07/12 17:14:12] ppsci INFO: [Train][Epoch 1067/1754][Iter 38/57] lr: 0.00067, loss: 0.00100, sup: 0.00100, batch_cost: 0.11364s, reader_cost: 0.00978s, ips: 8.80, eta: 1:14:12
[2025/07/12 17:14:24] ppsci INFO: [Train][Epoch 1069/1754][Iter 24/57] lr: 0.00066, loss: 0.00169, sup: 0.00169, batch_cost: 0.11421s, reader_cost: 0.00722s, ips: 8.76, eta: 1:14:22
[2025/07/12 17:14:36] ppsci INFO: [Train][Epoch 1071/1754][Iter 10/57] lr: 0.00066, loss: 0.00106, sup: 0.00106, batch_cost: 0.11417s, reader_cost: 0.00779s, ips: 8.76, eta: 1:14:10
[2025/07/12 17:14:48] ppsci INFO: [Train][Epoch 1072/1754][Iter 53/57] lr: 0.00065, loss: 0.00165, sup: 0.00165, batch_cost: 0.11505s, reader_cost: 0.00743s, ips: 8.69, eta: 1:14:33
[2025/07/12 17:15:00] ppsci INFO: [Train][Epoch 1074/1754][Iter 39/57] lr: 0.00064, loss: 0.00121, sup: 0.00121, batch_cost: 0.11344s, reader_cost: 0.00815s, ips: 8.81, eta: 1:13:19
[2025/07/12 17:15:12] ppsci INFO: [Train][Epoch 1076/1754][Iter 25/57] lr: 0.00064, loss: 0.00229, sup: 0.00229, batch_cost: 0.11377s, reader_cost: 0.00811s, ips: 8.79, eta: 1:13:20
[2025/07/12 17:15:24] ppsci INFO: [Train][Epoch 1078/1754][Iter 11/57] lr: 0.00063, loss: 0.00235, sup: 0.00235, batch_cost: 0.11549s, reader_cost: 0.00907s, ips: 8.66, eta: 1:14:15
[2025/07/12 17:15:35] ppsci INFO: [Train][Epoch 1079/1754][Iter 54/57] lr: 0.00062, loss: 0.00165, sup: 0.00165, batch_cost: 0.11223s, reader_cost: 0.00785s, ips: 8.91, eta: 1:11:58
[2025/07/12 17:15:48] ppsci INFO: [Train][Epoch 1081/1754][Iter 40/57] lr: 0.00062, loss: 0.00207, sup: 0.00207, batch_cost: 0.11480s, reader_cost: 0.00846s, ips: 8.71, eta: 1:13:25
[2025/07/12 17:16:00] ppsci INFO: [Train][Epoch 1083/1754][Iter 26/57] lr: 0.00061, loss: 0.00279, sup: 0.00279, batch_cost: 0.11596s, reader_cost: 0.00762s, ips: 8.62, eta: 1:13:58
[2025/07/12 17:16:12] ppsci INFO: [Train][Epoch 1085/1754][Iter 12/57] lr: 0.00060, loss: 0.00128, sup: 0.00128, batch_cost: 0.11273s, reader_cost: 0.00876s, ips: 8.87, eta: 1:11:43
[2025/07/12 17:16:24] ppsci INFO: [Train][Epoch 1086/1754][Iter 55/57] lr: 0.00060, loss: 0.00095, sup: 0.00095, batch_cost: 0.11449s, reader_cost: 0.00836s, ips: 8.73, eta: 1:12:39
[2025/07/12 17:16:36] ppsci INFO: [Train][Epoch 1088/1754][Iter 41/57] lr: 0.00059, loss: 0.00195, sup: 0.00195, batch_cost: 0.11454s, reader_cost: 0.00863s, ips: 8.73, eta: 1:12:30
[2025/07/12 17:16:48] ppsci INFO: [Train][Epoch 1090/1754][Iter 27/57] lr: 0.00058, loss: 0.00150, sup: 0.00150, batch_cost: 0.11418s, reader_cost: 0.00831s, ips: 8.76, eta: 1:12:04
[2025/07/12 17:17:00] ppsci INFO: [Train][Epoch 1092/1754][Iter 13/57] lr: 0.00058, loss: 0.00117, sup: 0.00117, batch_cost: 0.11369s, reader_cost: 0.00939s, ips: 8.80, eta: 1:11:35
[2025/07/12 17:17:12] ppsci INFO: [Train][Epoch 1093/1754][Iter 56/57] lr: 0.00057, loss: 0.00102, sup: 0.00102, batch_cost: 0.11355s, reader_cost: 0.00646s, ips: 8.81, eta: 1:11:18
[2025/07/12 17:17:24] ppsci INFO: [Train][Epoch 1095/1754][Iter 42/57] lr: 0.00057, loss: 0.00063, sup: 0.00063, batch_cost: 0.11321s, reader_cost: 0.00825s, ips: 8.83, eta: 1:10:54
[2025/07/12 17:17:36] ppsci INFO: [Train][Epoch 1097/1754][Iter 28/57] lr: 0.00056, loss: 0.00094, sup: 0.00094, batch_cost: 0.11361s, reader_cost: 0.00920s, ips: 8.80, eta: 1:10:57
[2025/07/12 17:17:48] ppsci INFO: [Train][Epoch 1099/1754][Iter 14/57] lr: 0.00055, loss: 0.00089, sup: 0.00089, batch_cost: 0.11438s, reader_cost: 0.00863s, ips: 8.74, eta: 1:11:15
[2025/07/12 17:17:59] ppsci INFO: [Train][Epoch 1100/1754][Iter 57/57] lr: 0.00055, loss: 0.00116, sup: 0.00116, batch_cost: 0.11341s, reader_cost: 0.00832s, ips: 8.82, eta: 1:10:27
[2025/07/12 17:18:00] ppsci MESSAGE: Finish saving checkpoint to: outputs_gifm_fae/2025-07-12/15-12-50/checkpoints/epoch_1100
[2025/07/12 17:18:12] ppsci INFO: [Train][Epoch 1102/1754][Iter 43/57] lr: 0.00054, loss: 0.00081, sup: 0.00081, batch_cost: 0.11523s, reader_cost: 0.00890s, ips: 8.68, eta: 1:11:24
[2025/07/12 17:18:24] ppsci INFO: [Train][Epoch 1104/1754][Iter 29/57] lr: 0.00054, loss: 0.00107, sup: 0.00107, batch_cost: 0.11440s, reader_cost: 0.00744s, ips: 8.74, eta: 1:10:41
[2025/07/12 17:18:36] ppsci INFO: [Train][Epoch 1106/1754][Iter 15/57] lr: 0.00053, loss: 0.00429, sup: 0.00429, batch_cost: 0.11460s, reader_cost: 0.00815s, ips: 8.73, eta: 1:10:37
[2025/07/12 17:18:48] ppsci INFO: [Train][Epoch 1108/1754][Iter  1/57] lr: 0.00053, loss: 0.00116, sup: 0.00116, batch_cost: 0.11179s, reader_cost: 0.00759s, ips: 8.95, eta: 1:08:42
[2025/07/12 17:18:59] ppsci INFO: [Train][Epoch 1109/1754][Iter 44/57] lr: 0.00052, loss: 0.00124, sup: 0.00124, batch_cost: 0.11352s, reader_cost: 0.00816s, ips: 8.81, eta: 1:09:35
[2025/07/12 17:19:11] ppsci INFO: [Train][Epoch 1111/1754][Iter 30/57] lr: 0.00051, loss: 0.00087, sup: 0.00087, batch_cost: 0.11354s, reader_cost: 0.00832s, ips: 8.81, eta: 1:09:24
[2025/07/12 17:19:24] ppsci INFO: [Train][Epoch 1113/1754][Iter 16/57] lr: 0.00051, loss: 0.00078, sup: 0.00078, batch_cost: 0.11388s, reader_cost: 0.00750s, ips: 8.78, eta: 1:09:25
[2025/07/12 17:19:35] ppsci INFO: [Train][Epoch 1115/1754][Iter  2/57] lr: 0.00050, loss: 0.00354, sup: 0.00354, batch_cost: 0.11387s, reader_cost: 0.00811s, ips: 8.78, eta: 1:09:13
[2025/07/12 17:19:47] ppsci INFO: [Train][Epoch 1116/1754][Iter 45/57] lr: 0.00050, loss: 0.00111, sup: 0.00111, batch_cost: 0.11417s, reader_cost: 0.00723s, ips: 8.76, eta: 1:09:13
[2025/07/12 17:19:59] ppsci INFO: [Train][Epoch 1118/1754][Iter 31/57] lr: 0.00049, loss: 0.00147, sup: 0.00147, batch_cost: 0.11443s, reader_cost: 0.00854s, ips: 8.74, eta: 1:09:11
[2025/07/12 17:20:11] ppsci INFO: [Train][Epoch 1120/1754][Iter 17/57] lr: 0.00049, loss: 0.00092, sup: 0.00092, batch_cost: 0.11433s, reader_cost: 0.00818s, ips: 8.75, eta: 1:08:56
[2025/07/12 17:20:23] ppsci INFO: [Train][Epoch 1122/1754][Iter  3/57] lr: 0.00048, loss: 0.00085, sup: 0.00085, batch_cost: 0.11414s, reader_cost: 0.00773s, ips: 8.76, eta: 1:08:38
[2025/07/12 17:20:35] ppsci INFO: [Train][Epoch 1123/1754][Iter 46/57] lr: 0.00048, loss: 0.00087, sup: 0.00087, batch_cost: 0.11374s, reader_cost: 0.01016s, ips: 8.79, eta: 1:08:12
[2025/07/12 17:20:47] ppsci INFO: [Train][Epoch 1125/1754][Iter 32/57] lr: 0.00047, loss: 0.00225, sup: 0.00225, batch_cost: 0.11526s, reader_cost: 0.00978s, ips: 8.68, eta: 1:08:55
[2025/07/12 17:20:59] ppsci INFO: [Train][Epoch 1127/1754][Iter 18/57] lr: 0.00047, loss: 0.00106, sup: 0.00106, batch_cost: 0.11343s, reader_cost: 0.00905s, ips: 8.82, eta: 1:07:38
[2025/07/12 17:21:11] ppsci INFO: [Train][Epoch 1129/1754][Iter  4/57] lr: 0.00046, loss: 0.00089, sup: 0.00089, batch_cost: 0.11334s, reader_cost: 0.00872s, ips: 8.82, eta: 1:07:23
[2025/07/12 17:21:23] ppsci INFO: [Train][Epoch 1130/1754][Iter 47/57] lr: 0.00046, loss: 0.00067, sup: 0.00067, batch_cost: 0.11333s, reader_cost: 0.00853s, ips: 8.82, eta: 1:07:12
[2025/07/12 17:21:35] ppsci INFO: [Train][Epoch 1132/1754][Iter 33/57] lr: 0.00045, loss: 0.00154, sup: 0.00154, batch_cost: 0.11339s, reader_cost: 0.00860s, ips: 8.82, eta: 1:07:02
[2025/07/12 17:21:47] ppsci INFO: [Train][Epoch 1134/1754][Iter 19/57] lr: 0.00045, loss: 0.00242, sup: 0.00242, batch_cost: 0.11427s, reader_cost: 0.00850s, ips: 8.75, eta: 1:07:22
[2025/07/12 17:21:59] ppsci INFO: [Train][Epoch 1136/1754][Iter  5/57] lr: 0.00044, loss: 0.00106, sup: 0.00106, batch_cost: 0.11442s, reader_cost: 0.00696s, ips: 8.74, eta: 1:07:16
[2025/07/12 17:22:11] ppsci INFO: [Train][Epoch 1137/1754][Iter 48/57] lr: 0.00044, loss: 0.00083, sup: 0.00083, batch_cost: 0.11517s, reader_cost: 0.00942s, ips: 8.68, eta: 1:07:31
[2025/07/12 17:22:23] ppsci INFO: [Train][Epoch 1139/1754][Iter 34/57] lr: 0.00044, loss: 0.00097, sup: 0.00097, batch_cost: 0.11570s, reader_cost: 0.00882s, ips: 8.64, eta: 1:07:38
[2025/07/12 17:22:36] ppsci INFO: [Train][Epoch 1141/1754][Iter 20/57] lr: 0.00043, loss: 0.00061, sup: 0.00061, batch_cost: 0.11457s, reader_cost: 0.00843s, ips: 8.73, eta: 1:06:47
[2025/07/12 17:22:47] ppsci INFO: [Train][Epoch 1143/1754][Iter  6/57] lr: 0.00043, loss: 0.00055, sup: 0.00055, batch_cost: 0.11342s, reader_cost: 0.00888s, ips: 8.82, eta: 1:05:55
[2025/07/12 17:22:59] ppsci INFO: [Train][Epoch 1144/1754][Iter 49/57] lr: 0.00042, loss: 0.00074, sup: 0.00074, batch_cost: 0.11529s, reader_cost: 0.00761s, ips: 8.67, eta: 1:06:49
[2025/07/12 17:23:12] ppsci INFO: [Train][Epoch 1146/1754][Iter 35/57] lr: 0.00042, loss: 0.00052, sup: 0.00052, batch_cost: 0.11495s, reader_cost: 0.00925s, ips: 8.70, eta: 1:06:26
[2025/07/12 17:23:24] ppsci INFO: [Train][Epoch 1148/1754][Iter 21/57] lr: 0.00041, loss: 0.00096, sup: 0.00096, batch_cost: 0.11400s, reader_cost: 0.00777s, ips: 8.77, eta: 1:05:41
[2025/07/12 17:23:35] ppsci INFO: [Train][Epoch 1150/1754][Iter  7/57] lr: 0.00041, loss: 0.00076, sup: 0.00076, batch_cost: 0.11245s, reader_cost: 0.00941s, ips: 8.89, eta: 1:04:36
[2025/07/12 17:23:41] ppsci MESSAGE: Finish saving checkpoint to: outputs_gifm_fae/2025-07-12/15-12-50/checkpoints/epoch_1150
[2025/07/12 17:23:47] ppsci INFO: [Train][Epoch 1151/1754][Iter 50/57] lr: 0.00040, loss: 0.00085, sup: 0.00085, batch_cost: 0.11377s, reader_cost: 0.00841s, ips: 8.79, eta: 1:05:11
[2025/07/12 17:23:59] ppsci INFO: [Train][Epoch 1153/1754][Iter 36/57] lr: 0.00040, loss: 0.00105, sup: 0.00105, batch_cost: 0.11385s, reader_cost: 0.00743s, ips: 8.78, eta: 1:05:02
[2025/07/12 17:24:11] ppsci INFO: [Train][Epoch 1155/1754][Iter 22/57] lr: 0.00040, loss: 0.00085, sup: 0.00085, batch_cost: 0.11386s, reader_cost: 0.00829s, ips: 8.78, eta: 1:04:51
[2025/07/12 17:24:24] ppsci INFO: [Train][Epoch 1157/1754][Iter  8/57] lr: 0.00039, loss: 0.00102, sup: 0.00102, batch_cost: 0.11499s, reader_cost: 0.00906s, ips: 8.70, eta: 1:05:18
[2025/07/12 17:24:35] ppsci INFO: [Train][Epoch 1158/1754][Iter 51/57] lr: 0.00039, loss: 0.00099, sup: 0.00099, batch_cost: 0.11367s, reader_cost: 0.00778s, ips: 8.80, eta: 1:04:22
[2025/07/12 17:24:47] ppsci INFO: [Train][Epoch 1160/1754][Iter 37/57] lr: 0.00038, loss: 0.00083, sup: 0.00083, batch_cost: 0.11410s, reader_cost: 0.00847s, ips: 8.76, eta: 1:04:25
[2025/07/12 17:24:59] ppsci INFO: [Train][Epoch 1162/1754][Iter 23/57] lr: 0.00038, loss: 0.00092, sup: 0.00092, batch_cost: 0.11423s, reader_cost: 0.00876s, ips: 8.75, eta: 1:04:18
[2025/07/12 17:25:11] ppsci INFO: [Train][Epoch 1164/1754][Iter  9/57] lr: 0.00038, loss: 0.00056, sup: 0.00056, batch_cost: 0.11359s, reader_cost: 0.00774s, ips: 8.80, eta: 1:03:45
[2025/07/12 17:25:23] ppsci INFO: [Train][Epoch 1165/1754][Iter 52/57] lr: 0.00037, loss: 0.00064, sup: 0.00064, batch_cost: 0.11495s, reader_cost: 0.00690s, ips: 8.70, eta: 1:04:19
[2025/07/12 17:25:35] ppsci INFO: [Train][Epoch 1167/1754][Iter 38/57] lr: 0.00037, loss: 0.00102, sup: 0.00102, batch_cost: 0.11567s, reader_cost: 0.00908s, ips: 8.65, eta: 1:04:32
[2025/07/12 17:25:48] ppsci INFO: [Train][Epoch 1169/1754][Iter 24/57] lr: 0.00036, loss: 0.00061, sup: 0.00061, batch_cost: 0.11398s, reader_cost: 0.00734s, ips: 8.77, eta: 1:03:24
[2025/07/12 17:26:00] ppsci INFO: [Train][Epoch 1171/1754][Iter 10/57] lr: 0.00036, loss: 0.00276, sup: 0.00276, batch_cost: 0.11476s, reader_cost: 0.00704s, ips: 8.71, eta: 1:03:39
[2025/07/12 17:26:12] ppsci INFO: [Train][Epoch 1172/1754][Iter 53/57] lr: 0.00036, loss: 0.00166, sup: 0.00166, batch_cost: 0.11505s, reader_cost: 0.00709s, ips: 8.69, eta: 1:03:37
[2025/07/12 17:26:24] ppsci INFO: [Train][Epoch 1174/1754][Iter 39/57] lr: 0.00035, loss: 0.00099, sup: 0.00099, batch_cost: 0.11337s, reader_cost: 0.00826s, ips: 8.82, eta: 1:02:30
[2025/07/12 17:26:36] ppsci INFO: [Train][Epoch 1176/1754][Iter 25/57] lr: 0.00035, loss: 0.00075, sup: 0.00075, batch_cost: 0.11358s, reader_cost: 0.00896s, ips: 8.80, eta: 1:02:25
[2025/07/12 17:26:47] ppsci INFO: [Train][Epoch 1178/1754][Iter 11/57] lr: 0.00035, loss: 0.00047, sup: 0.00047, batch_cost: 0.11340s, reader_cost: 0.00901s, ips: 8.82, eta: 1:02:08
[2025/07/12 17:26:59] ppsci INFO: [Train][Epoch 1179/1754][Iter 54/57] lr: 0.00034, loss: 0.00069, sup: 0.00069, batch_cost: 0.11290s, reader_cost: 0.00881s, ips: 8.86, eta: 1:01:40
[2025/07/12 17:27:11] ppsci INFO: [Train][Epoch 1181/1754][Iter 40/57] lr: 0.00034, loss: 0.00080, sup: 0.00080, batch_cost: 0.11466s, reader_cost: 0.00894s, ips: 8.72, eta: 1:02:26
[2025/07/12 17:27:23] ppsci INFO: [Train][Epoch 1183/1754][Iter 26/57] lr: 0.00033, loss: 0.00140, sup: 0.00140, batch_cost: 0.11381s, reader_cost: 0.00834s, ips: 8.79, eta: 1:01:47
[2025/07/12 17:27:35] ppsci INFO: [Train][Epoch 1185/1754][Iter 12/57] lr: 0.00033, loss: 0.00137, sup: 0.00137, batch_cost: 0.11374s, reader_cost: 0.00823s, ips: 8.79, eta: 1:01:33
[2025/07/12 17:27:47] ppsci INFO: [Train][Epoch 1186/1754][Iter 55/57] lr: 0.00033, loss: 0.00110, sup: 0.00110, batch_cost: 0.11287s, reader_cost: 0.00652s, ips: 8.86, eta: 1:00:54
[2025/07/12 17:27:59] ppsci INFO: [Train][Epoch 1188/1754][Iter 41/57] lr: 0.00032, loss: 0.00064, sup: 0.00064, batch_cost: 0.11412s, reader_cost: 0.00749s, ips: 8.76, eta: 1:01:23
[2025/07/12 17:28:11] ppsci INFO: [Train][Epoch 1190/1754][Iter 27/57] lr: 0.00032, loss: 0.00068, sup: 0.00068, batch_cost: 0.11320s, reader_cost: 0.00938s, ips: 8.83, eta: 1:00:42
[2025/07/12 17:28:23] ppsci INFO: [Train][Epoch 1192/1754][Iter 13/57] lr: 0.00032, loss: 0.00034, sup: 0.00034, batch_cost: 0.11427s, reader_cost: 0.00818s, ips: 8.75, eta: 1:01:05
[2025/07/12 17:28:35] ppsci INFO: [Train][Epoch 1193/1754][Iter 56/57] lr: 0.00031, loss: 0.00072, sup: 0.00072, batch_cost: 0.11379s, reader_cost: 0.00792s, ips: 8.79, eta: 1:00:38
[2025/07/12 17:28:47] ppsci INFO: [Train][Epoch 1195/1754][Iter 42/57] lr: 0.00031, loss: 0.00032, sup: 0.00032, batch_cost: 0.11362s, reader_cost: 0.00835s, ips: 8.80, eta: 1:00:22
[2025/07/12 17:28:59] ppsci INFO: [Train][Epoch 1197/1754][Iter 28/57] lr: 0.00031, loss: 0.00033, sup: 0.00033, batch_cost: 0.11451s, reader_cost: 0.00829s, ips: 8.73, eta: 1:00:38
[2025/07/12 17:29:11] ppsci INFO: [Train][Epoch 1199/1754][Iter 14/57] lr: 0.00030, loss: 0.00033, sup: 0.00033, batch_cost: 0.11323s, reader_cost: 0.00833s, ips: 8.83, eta: 0:59:46
[2025/07/12 17:29:22] ppsci INFO: [Train][Epoch 1200/1754][Iter 57/57] lr: 0.00030, loss: 0.00031, sup: 0.00031, batch_cost: 0.11407s, reader_cost: 0.00781s, ips: 8.77, eta: 1:00:02
[2025/07/12 17:29:23] ppsci MESSAGE: Finish saving checkpoint to: outputs_gifm_fae/2025-07-12/15-12-50/checkpoints/epoch_1200
[2025/07/12 17:29:35] ppsci INFO: [Train][Epoch 1202/1754][Iter 43/57] lr: 0.00030, loss: 0.00037, sup: 0.00037, batch_cost: 0.11520s, reader_cost: 0.00763s, ips: 8.68, eta: 1:00:26
[2025/07/12 17:29:47] ppsci INFO: [Train][Epoch 1204/1754][Iter 29/57] lr: 0.00029, loss: 0.00046, sup: 0.00046, batch_cost: 0.11345s, reader_cost: 0.00909s, ips: 8.81, eta: 0:59:19
[2025/07/12 17:29:59] ppsci INFO: [Train][Epoch 1206/1754][Iter 15/57] lr: 0.00029, loss: 0.00070, sup: 0.00070, batch_cost: 0.11525s, reader_cost: 0.00830s, ips: 8.68, eta: 1:00:04
[2025/07/12 17:30:11] ppsci INFO: [Train][Epoch 1208/1754][Iter  1/57] lr: 0.00029, loss: 0.00029, sup: 0.00029, batch_cost: 0.11451s, reader_cost: 0.00697s, ips: 8.73, eta: 0:59:30
[2025/07/12 17:30:23] ppsci INFO: [Train][Epoch 1209/1754][Iter 44/57] lr: 0.00029, loss: 0.00030, sup: 0.00030, batch_cost: 0.11464s, reader_cost: 0.00870s, ips: 8.72, eta: 0:59:22
[2025/07/12 17:30:35] ppsci INFO: [Train][Epoch 1211/1754][Iter 30/57] lr: 0.00028, loss: 0.00028, sup: 0.00028, batch_cost: 0.11247s, reader_cost: 0.00927s, ips: 8.89, eta: 0:58:04
[2025/07/12 17:30:47] ppsci INFO: [Train][Epoch 1213/1754][Iter 16/57] lr: 0.00028, loss: 0.00041, sup: 0.00041, batch_cost: 0.11429s, reader_cost: 0.00847s, ips: 8.75, eta: 0:58:49
[2025/07/12 17:30:59] ppsci INFO: [Train][Epoch 1215/1754][Iter  2/57] lr: 0.00028, loss: 0.00035, sup: 0.00035, batch_cost: 0.11346s, reader_cost: 0.00833s, ips: 8.81, eta: 0:58:12
[2025/07/12 17:31:11] ppsci INFO: [Train][Epoch 1216/1754][Iter 45/57] lr: 0.00027, loss: 0.00077, sup: 0.00077, batch_cost: 0.11483s, reader_cost: 0.00848s, ips: 8.71, eta: 0:58:42
[2025/07/12 17:31:23] ppsci INFO: [Train][Epoch 1218/1754][Iter 31/57] lr: 0.00027, loss: 0.00089, sup: 0.00089, batch_cost: 0.11516s, reader_cost: 0.00993s, ips: 8.68, eta: 0:58:41
[2025/07/12 17:31:35] ppsci INFO: [Train][Epoch 1220/1754][Iter 17/57] lr: 0.00027, loss: 0.00053, sup: 0.00053, batch_cost: 0.11370s, reader_cost: 0.00966s, ips: 8.80, eta: 0:57:45
[2025/07/12 17:31:47] ppsci INFO: [Train][Epoch 1222/1754][Iter  3/57] lr: 0.00027, loss: 0.00074, sup: 0.00074, batch_cost: 0.11396s, reader_cost: 0.00799s, ips: 8.77, eta: 0:57:42
[2025/07/12 17:31:59] ppsci INFO: [Train][Epoch 1223/1754][Iter 46/57] lr: 0.00026, loss: 0.00069, sup: 0.00069, batch_cost: 0.11434s, reader_cost: 0.00896s, ips: 8.75, eta: 0:57:42
[2025/07/12 17:32:11] ppsci INFO: [Train][Epoch 1225/1754][Iter 32/57] lr: 0.00026, loss: 0.00063, sup: 0.00063, batch_cost: 0.11224s, reader_cost: 0.00929s, ips: 8.91, eta: 0:56:27
[2025/07/12 17:32:23] ppsci INFO: [Train][Epoch 1227/1754][Iter 18/57] lr: 0.00026, loss: 0.00064, sup: 0.00064, batch_cost: 0.11260s, reader_cost: 0.00880s, ips: 8.88, eta: 0:56:26
[2025/07/12 17:32:34] ppsci INFO: [Train][Epoch 1229/1754][Iter  4/57] lr: 0.00025, loss: 0.00077, sup: 0.00077, batch_cost: 0.11229s, reader_cost: 0.00932s, ips: 8.91, eta: 0:56:06
[2025/07/12 17:32:46] ppsci INFO: [Train][Epoch 1230/1754][Iter 47/57] lr: 0.00025, loss: 0.00057, sup: 0.00057, batch_cost: 0.11340s, reader_cost: 0.00811s, ips: 8.82, eta: 0:56:28
[2025/07/12 17:32:58] ppsci INFO: [Train][Epoch 1232/1754][Iter 33/57] lr: 0.00025, loss: 0.00043, sup: 0.00043, batch_cost: 0.11260s, reader_cost: 0.00801s, ips: 8.88, eta: 0:55:53
[2025/07/12 17:33:10] ppsci INFO: [Train][Epoch 1234/1754][Iter 19/57] lr: 0.00025, loss: 0.00032, sup: 0.00032, batch_cost: 0.11419s, reader_cost: 0.00837s, ips: 8.76, eta: 0:56:28
[2025/07/12 17:33:22] ppsci INFO: [Train][Epoch 1236/1754][Iter  5/57] lr: 0.00024, loss: 0.00045, sup: 0.00045, batch_cost: 0.11388s, reader_cost: 0.00817s, ips: 8.78, eta: 0:56:08
[2025/07/12 17:33:34] ppsci INFO: [Train][Epoch 1237/1754][Iter 48/57] lr: 0.00024, loss: 0.00039, sup: 0.00039, batch_cost: 0.11386s, reader_cost: 0.00918s, ips: 8.78, eta: 0:55:56
[2025/07/12 17:33:46] ppsci INFO: [Train][Epoch 1239/1754][Iter 34/57] lr: 0.00024, loss: 0.00032, sup: 0.00032, batch_cost: 0.11341s, reader_cost: 0.00790s, ips: 8.82, eta: 0:55:31
[2025/07/12 17:33:58] ppsci INFO: [Train][Epoch 1241/1754][Iter 20/57] lr: 0.00024, loss: 0.00036, sup: 0.00036, batch_cost: 0.11566s, reader_cost: 0.00853s, ips: 8.65, eta: 0:56:26
[2025/07/12 17:34:10] ppsci INFO: [Train][Epoch 1243/1754][Iter  6/57] lr: 0.00023, loss: 0.00032, sup: 0.00032, batch_cost: 0.11435s, reader_cost: 0.00862s, ips: 8.75, eta: 0:55:36
[2025/07/12 17:34:22] ppsci INFO: [Train][Epoch 1244/1754][Iter 49/57] lr: 0.00023, loss: 0.00083, sup: 0.00083, batch_cost: 0.11421s, reader_cost: 0.00676s, ips: 8.76, eta: 0:55:20
[2025/07/12 17:34:34] ppsci INFO: [Train][Epoch 1246/1754][Iter 35/57] lr: 0.00023, loss: 0.00045, sup: 0.00045, batch_cost: 0.11470s, reader_cost: 0.00906s, ips: 8.72, eta: 0:55:23
[2025/07/12 17:34:46] ppsci INFO: [Train][Epoch 1248/1754][Iter 21/57] lr: 0.00023, loss: 0.00037, sup: 0.00037, batch_cost: 0.11454s, reader_cost: 0.00901s, ips: 8.73, eta: 0:55:07
[2025/07/12 17:34:58] ppsci INFO: [Train][Epoch 1250/1754][Iter  7/57] lr: 0.00022, loss: 0.00022, sup: 0.00022, batch_cost: 0.11213s, reader_cost: 0.00823s, ips: 8.92, eta: 0:53:46
[2025/07/12 17:35:04] ppsci MESSAGE: Finish saving checkpoint to: outputs_gifm_fae/2025-07-12/15-12-50/checkpoints/epoch_1250
[2025/07/12 17:35:10] ppsci INFO: [Train][Epoch 1251/1754][Iter 50/57] lr: 0.00022, loss: 0.00025, sup: 0.00025, batch_cost: 0.11450s, reader_cost: 0.00694s, ips: 8.73, eta: 0:54:43
[2025/07/12 17:35:22] ppsci INFO: [Train][Epoch 1253/1754][Iter 36/57] lr: 0.00022, loss: 0.00037, sup: 0.00037, batch_cost: 0.11252s, reader_cost: 0.00880s, ips: 8.89, eta: 0:53:35
[2025/07/12 17:35:34] ppsci INFO: [Train][Epoch 1255/1754][Iter 22/57] lr: 0.00022, loss: 0.00044, sup: 0.00044, batch_cost: 0.11296s, reader_cost: 0.00756s, ips: 8.85, eta: 0:53:36
[2025/07/12 17:35:46] ppsci INFO: [Train][Epoch 1257/1754][Iter  8/57] lr: 0.00021, loss: 0.00032, sup: 0.00032, batch_cost: 0.11424s, reader_cost: 0.00818s, ips: 8.75, eta: 0:54:01
[2025/07/12 17:35:58] ppsci INFO: [Train][Epoch 1258/1754][Iter 51/57] lr: 0.00021, loss: 0.00035, sup: 0.00035, batch_cost: 0.11438s, reader_cost: 0.00897s, ips: 8.74, eta: 0:53:54
[2025/07/12 17:36:10] ppsci INFO: [Train][Epoch 1260/1754][Iter 37/57] lr: 0.00021, loss: 0.00036, sup: 0.00036, batch_cost: 0.11545s, reader_cost: 0.00668s, ips: 8.66, eta: 0:54:13
[2025/07/12 17:36:22] ppsci INFO: [Train][Epoch 1262/1754][Iter 23/57] lr: 0.00021, loss: 0.00032, sup: 0.00032, batch_cost: 0.11308s, reader_cost: 0.00701s, ips: 8.84, eta: 0:52:54
[2025/07/12 17:36:34] ppsci INFO: [Train][Epoch 1264/1754][Iter  9/57] lr: 0.00021, loss: 0.00022, sup: 0.00022, batch_cost: 0.11344s, reader_cost: 0.00803s, ips: 8.82, eta: 0:52:53
[2025/07/12 17:36:46] ppsci INFO: [Train][Epoch 1265/1754][Iter 52/57] lr: 0.00020, loss: 0.00028, sup: 0.00028, batch_cost: 0.11471s, reader_cost: 0.00685s, ips: 8.72, eta: 0:53:17
[2025/07/12 17:36:58] ppsci INFO: [Train][Epoch 1267/1754][Iter 38/57] lr: 0.00020, loss: 0.00032, sup: 0.00032, batch_cost: 0.11408s, reader_cost: 0.00865s, ips: 8.77, eta: 0:52:48
[2025/07/12 17:37:10] ppsci INFO: [Train][Epoch 1269/1754][Iter 24/57] lr: 0.00020, loss: 0.00034, sup: 0.00034, batch_cost: 0.11299s, reader_cost: 0.00778s, ips: 8.85, eta: 0:52:07
[2025/07/12 17:37:22] ppsci INFO: [Train][Epoch 1271/1754][Iter 10/57] lr: 0.00020, loss: 0.00033, sup: 0.00033, batch_cost: 0.11304s, reader_cost: 0.00825s, ips: 8.85, eta: 0:51:57
[2025/07/12 17:37:33] ppsci INFO: [Train][Epoch 1272/1754][Iter 53/57] lr: 0.00020, loss: 0.00163, sup: 0.00163, batch_cost: 0.11449s, reader_cost: 0.00679s, ips: 8.73, eta: 0:52:25
[2025/07/12 17:37:45] ppsci INFO: [Train][Epoch 1274/1754][Iter 39/57] lr: 0.00019, loss: 0.00061, sup: 0.00061, batch_cost: 0.11242s, reader_cost: 0.00766s, ips: 8.89, eta: 0:51:17
[2025/07/12 17:37:57] ppsci INFO: [Train][Epoch 1276/1754][Iter 25/57] lr: 0.00019, loss: 0.00114, sup: 0.00114, batch_cost: 0.11451s, reader_cost: 0.00770s, ips: 8.73, eta: 0:52:03
[2025/07/12 17:38:09] ppsci INFO: [Train][Epoch 1278/1754][Iter 11/57] lr: 0.00019, loss: 0.00038, sup: 0.00038, batch_cost: 0.11421s, reader_cost: 0.00783s, ips: 8.76, eta: 0:51:44
[2025/07/12 17:38:21] ppsci INFO: [Train][Epoch 1279/1754][Iter 54/57] lr: 0.00019, loss: 0.00028, sup: 0.00028, batch_cost: 0.11343s, reader_cost: 0.00842s, ips: 8.82, eta: 0:51:11
[2025/07/12 17:38:33] ppsci INFO: [Train][Epoch 1281/1754][Iter 40/57] lr: 0.00019, loss: 0.00022, sup: 0.00022, batch_cost: 0.11437s, reader_cost: 0.00810s, ips: 8.74, eta: 0:51:25
[2025/07/12 17:38:45] ppsci INFO: [Train][Epoch 1283/1754][Iter 26/57] lr: 0.00018, loss: 0.00022, sup: 0.00022, batch_cost: 0.11342s, reader_cost: 0.00806s, ips: 8.82, eta: 0:50:48
[2025/07/12 17:38:57] ppsci INFO: [Train][Epoch 1285/1754][Iter 12/57] lr: 0.00018, loss: 0.00017, sup: 0.00017, batch_cost: 0.11474s, reader_cost: 0.00837s, ips: 8.72, eta: 0:51:12
[2025/07/12 17:39:09] ppsci INFO: [Train][Epoch 1286/1754][Iter 55/57] lr: 0.00018, loss: 0.00018, sup: 0.00018, batch_cost: 0.11317s, reader_cost: 0.00680s, ips: 8.84, eta: 0:50:19
[2025/07/12 17:39:21] ppsci INFO: [Train][Epoch 1288/1754][Iter 41/57] lr: 0.00018, loss: 0.00021, sup: 0.00021, batch_cost: 0.11520s, reader_cost: 0.00796s, ips: 8.68, eta: 0:51:01
[2025/07/12 17:39:33] ppsci INFO: [Train][Epoch 1290/1754][Iter 27/57] lr: 0.00018, loss: 0.00021, sup: 0.00021, batch_cost: 0.11350s, reader_cost: 0.00837s, ips: 8.81, eta: 0:50:05
[2025/07/12 17:39:45] ppsci INFO: [Train][Epoch 1292/1754][Iter 13/57] lr: 0.00017, loss: 0.00027, sup: 0.00027, batch_cost: 0.11318s, reader_cost: 0.00827s, ips: 8.84, eta: 0:49:45
[2025/07/12 17:39:57] ppsci INFO: [Train][Epoch 1293/1754][Iter 56/57] lr: 0.00017, loss: 0.00018, sup: 0.00018, batch_cost: 0.11491s, reader_cost: 0.00704s, ips: 8.70, eta: 0:50:19
[2025/07/12 17:40:09] ppsci INFO: [Train][Epoch 1295/1754][Iter 42/57] lr: 0.00017, loss: 0.00026, sup: 0.00026, batch_cost: 0.11447s, reader_cost: 0.00697s, ips: 8.74, eta: 0:49:56
[2025/07/12 17:40:21] ppsci INFO: [Train][Epoch 1297/1754][Iter 28/57] lr: 0.00017, loss: 0.00031, sup: 0.00031, batch_cost: 0.11226s, reader_cost: 0.00786s, ips: 8.91, eta: 0:48:47
[2025/07/12 17:40:33] ppsci INFO: [Train][Epoch 1299/1754][Iter 14/57] lr: 0.00017, loss: 0.00041, sup: 0.00041, batch_cost: 0.11300s, reader_cost: 0.00910s, ips: 8.85, eta: 0:48:55
[2025/07/12 17:40:45] ppsci INFO: [Train][Epoch 1300/1754][Iter 57/57] lr: 0.00017, loss: 0.00023, sup: 0.00023, batch_cost: 0.11247s, reader_cost: 0.00860s, ips: 8.89, eta: 0:48:30
[2025/07/12 17:40:45] ppsci MESSAGE: Finish saving checkpoint to: outputs_gifm_fae/2025-07-12/15-12-50/checkpoints/epoch_1300
[2025/07/12 17:40:57] ppsci INFO: [Train][Epoch 1302/1754][Iter 43/57] lr: 0.00016, loss: 0.00029, sup: 0.00029, batch_cost: 0.11435s, reader_cost: 0.00809s, ips: 8.75, eta: 0:49:07
[2025/07/12 17:41:09] ppsci INFO: [Train][Epoch 1304/1754][Iter 29/57] lr: 0.00016, loss: 0.00018, sup: 0.00018, batch_cost: 0.11354s, reader_cost: 0.00815s, ips: 8.81, eta: 0:48:35
[2025/07/12 17:41:21] ppsci INFO: [Train][Epoch 1306/1754][Iter 15/57] lr: 0.00016, loss: 0.00027, sup: 0.00027, batch_cost: 0.11397s, reader_cost: 0.00783s, ips: 8.77, eta: 0:48:35
[2025/07/12 17:41:33] ppsci INFO: [Train][Epoch 1308/1754][Iter  1/57] lr: 0.00016, loss: 0.00017, sup: 0.00017, batch_cost: 0.11226s, reader_cost: 0.00719s, ips: 8.91, eta: 0:47:40
[2025/07/12 17:41:45] ppsci INFO: [Train][Epoch 1309/1754][Iter 44/57] lr: 0.00016, loss: 0.00021, sup: 0.00021, batch_cost: 0.11398s, reader_cost: 0.00720s, ips: 8.77, eta: 0:48:12
[2025/07/12 17:41:57] ppsci INFO: [Train][Epoch 1311/1754][Iter 30/57] lr: 0.00015, loss: 0.00025, sup: 0.00025, batch_cost: 0.11401s, reader_cost: 0.00789s, ips: 8.77, eta: 0:48:01
[2025/07/12 17:42:09] ppsci INFO: [Train][Epoch 1313/1754][Iter 16/57] lr: 0.00015, loss: 0.00031, sup: 0.00031, batch_cost: 0.11508s, reader_cost: 0.00843s, ips: 8.69, eta: 0:48:17
[2025/07/12 17:42:21] ppsci INFO: [Train][Epoch 1315/1754][Iter  2/57] lr: 0.00015, loss: 0.00022, sup: 0.00022, batch_cost: 0.11395s, reader_cost: 0.00962s, ips: 8.78, eta: 0:47:37
[2025/07/12 17:42:33] ppsci INFO: [Train][Epoch 1316/1754][Iter 45/57] lr: 0.00015, loss: 0.00069, sup: 0.00069, batch_cost: 0.11414s, reader_cost: 0.00733s, ips: 8.76, eta: 0:47:31
[2025/07/12 17:42:45] ppsci INFO: [Train][Epoch 1318/1754][Iter 31/57] lr: 0.00015, loss: 0.00074, sup: 0.00074, batch_cost: 0.11282s, reader_cost: 0.00823s, ips: 8.86, eta: 0:46:46
[2025/07/12 17:42:57] ppsci INFO: [Train][Epoch 1320/1754][Iter 17/57] lr: 0.00015, loss: 0.00077, sup: 0.00077, batch_cost: 0.11384s, reader_cost: 0.00851s, ips: 8.78, eta: 0:47:00
[2025/07/12 17:43:09] ppsci INFO: [Train][Epoch 1322/1754][Iter  3/57] lr: 0.00015, loss: 0.00028, sup: 0.00028, batch_cost: 0.11266s, reader_cost: 0.00889s, ips: 8.88, eta: 0:46:20
[2025/07/12 17:43:20] ppsci INFO: [Train][Epoch 1323/1754][Iter 46/57] lr: 0.00014, loss: 0.00048, sup: 0.00048, batch_cost: 0.11334s, reader_cost: 0.00715s, ips: 8.82, eta: 0:46:25
[2025/07/12 17:43:32] ppsci INFO: [Train][Epoch 1325/1754][Iter 32/57] lr: 0.00014, loss: 0.00038, sup: 0.00038, batch_cost: 0.11303s, reader_cost: 0.00883s, ips: 8.85, eta: 0:46:06
[2025/07/12 17:43:44] ppsci INFO: [Train][Epoch 1327/1754][Iter 18/57] lr: 0.00014, loss: 0.00018, sup: 0.00018, batch_cost: 0.11435s, reader_cost: 0.00907s, ips: 8.75, eta: 0:46:27
[2025/07/12 17:43:56] ppsci INFO: [Train][Epoch 1329/1754][Iter  4/57] lr: 0.00014, loss: 0.00026, sup: 0.00026, batch_cost: 0.11299s, reader_cost: 0.00928s, ips: 8.85, eta: 0:45:43
[2025/07/12 17:44:08] ppsci INFO: [Train][Epoch 1330/1754][Iter 47/57] lr: 0.00014, loss: 0.00027, sup: 0.00027, batch_cost: 0.11361s, reader_cost: 0.00839s, ips: 8.80, eta: 0:45:46
[2025/07/12 17:44:20] ppsci INFO: [Train][Epoch 1332/1754][Iter 33/57] lr: 0.00014, loss: 0.00018, sup: 0.00018, batch_cost: 0.11248s, reader_cost: 0.00841s, ips: 8.89, eta: 0:45:08
[2025/07/12 17:44:32] ppsci INFO: [Train][Epoch 1334/1754][Iter 19/57] lr: 0.00014, loss: 0.00017, sup: 0.00017, batch_cost: 0.11296s, reader_cost: 0.00910s, ips: 8.85, eta: 0:45:08
[2025/07/12 17:44:44] ppsci INFO: [Train][Epoch 1336/1754][Iter  5/57] lr: 0.00013, loss: 0.00016, sup: 0.00016, batch_cost: 0.11347s, reader_cost: 0.00817s, ips: 8.81, eta: 0:45:09
[2025/07/12 17:44:55] ppsci INFO: [Train][Epoch 1337/1754][Iter 48/57] lr: 0.00013, loss: 0.00023, sup: 0.00023, batch_cost: 0.11247s, reader_cost: 0.00812s, ips: 8.89, eta: 0:44:34
[2025/07/12 17:45:07] ppsci INFO: [Train][Epoch 1339/1754][Iter 34/57] lr: 0.00013, loss: 0.00019, sup: 0.00019, batch_cost: 0.11374s, reader_cost: 0.00784s, ips: 8.79, eta: 0:44:53
[2025/07/12 17:45:19] ppsci INFO: [Train][Epoch 1341/1754][Iter 20/57] lr: 0.00013, loss: 0.00022, sup: 0.00022, batch_cost: 0.11417s, reader_cost: 0.00751s, ips: 8.76, eta: 0:44:51
[2025/07/12 17:45:31] ppsci INFO: [Train][Epoch 1343/1754][Iter  6/57] lr: 0.00013, loss: 0.00017, sup: 0.00017, batch_cost: 0.11269s, reader_cost: 0.00799s, ips: 8.87, eta: 0:44:05
[2025/07/12 17:45:43] ppsci INFO: [Train][Epoch 1344/1754][Iter 49/57] lr: 0.00013, loss: 0.00015, sup: 0.00015, batch_cost: 0.11366s, reader_cost: 0.00737s, ips: 8.80, eta: 0:44:17
[2025/07/12 17:45:55] ppsci INFO: [Train][Epoch 1346/1754][Iter 35/57] lr: 0.00013, loss: 0.00024, sup: 0.00024, batch_cost: 0.11407s, reader_cost: 0.00769s, ips: 8.77, eta: 0:44:15
[2025/07/12 17:46:07] ppsci INFO: [Train][Epoch 1348/1754][Iter 21/57] lr: 0.00012, loss: 0.00080, sup: 0.00080, batch_cost: 0.11335s, reader_cost: 0.00744s, ips: 8.82, eta: 0:43:47
[2025/07/12 17:46:19] ppsci INFO: [Train][Epoch 1350/1754][Iter  7/57] lr: 0.00012, loss: 0.00019, sup: 0.00019, batch_cost: 0.11364s, reader_cost: 0.00932s, ips: 8.80, eta: 0:43:42
[2025/07/12 17:46:25] ppsci MESSAGE: Finish saving checkpoint to: outputs_gifm_fae/2025-07-12/15-12-50/checkpoints/epoch_1350
[2025/07/12 17:46:31] ppsci INFO: [Train][Epoch 1351/1754][Iter 50/57] lr: 0.00012, loss: 0.00048, sup: 0.00048, batch_cost: 0.11300s, reader_cost: 0.00759s, ips: 8.85, eta: 0:43:16
[2025/07/12 17:46:43] ppsci INFO: [Train][Epoch 1353/1754][Iter 36/57] lr: 0.00012, loss: 0.00025, sup: 0.00025, batch_cost: 0.11360s, reader_cost: 0.00841s, ips: 8.80, eta: 0:43:19
[2025/07/12 17:46:55] ppsci INFO: [Train][Epoch 1355/1754][Iter 22/57] lr: 0.00012, loss: 0.00020, sup: 0.00020, batch_cost: 0.11428s, reader_cost: 0.00818s, ips: 8.75, eta: 0:43:23
[2025/07/12 17:47:07] ppsci INFO: [Train][Epoch 1357/1754][Iter  8/57] lr: 0.00012, loss: 0.00021, sup: 0.00021, batch_cost: 0.11366s, reader_cost: 0.00842s, ips: 8.80, eta: 0:42:57
[2025/07/12 17:47:19] ppsci INFO: [Train][Epoch 1358/1754][Iter 51/57] lr: 0.00012, loss: 0.00024, sup: 0.00024, batch_cost: 0.11324s, reader_cost: 0.00674s, ips: 8.83, eta: 0:42:36
[2025/07/12 17:47:31] ppsci INFO: [Train][Epoch 1360/1754][Iter 37/57] lr: 0.00012, loss: 0.00020, sup: 0.00020, batch_cost: 0.11279s, reader_cost: 0.00981s, ips: 8.87, eta: 0:42:15
[2025/07/12 17:47:43] ppsci INFO: [Train][Epoch 1362/1754][Iter 23/57] lr: 0.00011, loss: 0.00019, sup: 0.00019, batch_cost: 0.11296s, reader_cost: 0.00734s, ips: 8.85, eta: 0:42:07
[2025/07/12 17:47:55] ppsci INFO: [Train][Epoch 1364/1754][Iter  9/57] lr: 0.00011, loss: 0.00015, sup: 0.00015, batch_cost: 0.11442s, reader_cost: 0.00677s, ips: 8.74, eta: 0:42:29
[2025/07/12 17:48:06] ppsci INFO: [Train][Epoch 1365/1754][Iter 52/57] lr: 0.00011, loss: 0.00020, sup: 0.00020, batch_cost: 0.11291s, reader_cost: 0.00788s, ips: 8.86, eta: 0:41:44
[2025/07/12 17:48:18] ppsci INFO: [Train][Epoch 1367/1754][Iter 38/57] lr: 0.00011, loss: 0.00024, sup: 0.00024, batch_cost: 0.11346s, reader_cost: 0.00849s, ips: 8.81, eta: 0:41:45
[2025/07/12 17:48:30] ppsci INFO: [Train][Epoch 1369/1754][Iter 24/57] lr: 0.00011, loss: 0.00024, sup: 0.00024, batch_cost: 0.11234s, reader_cost: 0.00870s, ips: 8.90, eta: 0:41:08
[2025/07/12 17:48:42] ppsci INFO: [Train][Epoch 1371/1754][Iter 10/57] lr: 0.00011, loss: 0.00025, sup: 0.00025, batch_cost: 0.11340s, reader_cost: 0.00795s, ips: 8.82, eta: 0:41:20
[2025/07/12 17:48:54] ppsci INFO: [Train][Epoch 1372/1754][Iter 53/57] lr: 0.00011, loss: 0.00028, sup: 0.00028, batch_cost: 0.11388s, reader_cost: 0.00686s, ips: 8.78, eta: 0:41:20
[2025/07/12 17:49:06] ppsci INFO: [Train][Epoch 1374/1754][Iter 39/57] lr: 0.00011, loss: 0.00020, sup: 0.00020, batch_cost: 0.11346s, reader_cost: 0.00935s, ips: 8.81, eta: 0:40:59
[2025/07/12 17:49:18] ppsci INFO: [Train][Epoch 1376/1754][Iter 25/57] lr: 0.00010, loss: 0.00016, sup: 0.00016, batch_cost: 0.11428s, reader_cost: 0.00717s, ips: 8.75, eta: 0:41:05
[2025/07/12 17:49:30] ppsci INFO: [Train][Epoch 1378/1754][Iter 11/57] lr: 0.00010, loss: 0.00019, sup: 0.00019, batch_cost: 0.11350s, reader_cost: 0.00729s, ips: 8.81, eta: 0:40:37
[2025/07/12 17:49:42] ppsci INFO: [Train][Epoch 1379/1754][Iter 54/57] lr: 0.00010, loss: 0.00022, sup: 0.00022, batch_cost: 0.11391s, reader_cost: 0.00887s, ips: 8.78, eta: 0:40:35
[2025/07/12 17:49:54] ppsci INFO: [Train][Epoch 1381/1754][Iter 40/57] lr: 0.00010, loss: 0.00017, sup: 0.00017, batch_cost: 0.11401s, reader_cost: 0.00856s, ips: 8.77, eta: 0:40:25
[2025/07/12 17:50:05] ppsci INFO: [Train][Epoch 1383/1754][Iter 26/57] lr: 0.00010, loss: 0.00019, sup: 0.00019, batch_cost: 0.11134s, reader_cost: 0.00839s, ips: 8.98, eta: 0:39:17
[2025/07/12 17:50:17] ppsci INFO: [Train][Epoch 1385/1754][Iter 12/57] lr: 0.00010, loss: 0.00021, sup: 0.00021, batch_cost: 0.11297s, reader_cost: 0.00860s, ips: 8.85, eta: 0:39:41
[2025/07/12 17:50:29] ppsci INFO: [Train][Epoch 1386/1754][Iter 55/57] lr: 0.00010, loss: 0.00018, sup: 0.00018, batch_cost: 0.11428s, reader_cost: 0.00647s, ips: 8.75, eta: 0:39:57
[2025/07/12 17:50:41] ppsci INFO: [Train][Epoch 1388/1754][Iter 41/57] lr: 0.00010, loss: 0.00021, sup: 0.00021, batch_cost: 0.11506s, reader_cost: 0.00866s, ips: 8.69, eta: 0:40:02
[2025/07/12 17:50:53] ppsci INFO: [Train][Epoch 1390/1754][Iter 27/57] lr: 0.00010, loss: 0.00022, sup: 0.00022, batch_cost: 0.11488s, reader_cost: 0.00686s, ips: 8.70, eta: 0:39:47
[2025/07/12 17:51:05] ppsci INFO: [Train][Epoch 1392/1754][Iter 13/57] lr: 0.00010, loss: 0.00022, sup: 0.00022, batch_cost: 0.11299s, reader_cost: 0.00932s, ips: 8.85, eta: 0:38:56
[2025/07/12 17:51:17] ppsci INFO: [Train][Epoch 1393/1754][Iter 56/57] lr: 0.00009, loss: 0.00017, sup: 0.00017, batch_cost: 0.11416s, reader_cost: 0.00880s, ips: 8.76, eta: 0:39:09
[2025/07/12 17:51:29] ppsci INFO: [Train][Epoch 1395/1754][Iter 42/57] lr: 0.00009, loss: 0.00019, sup: 0.00019, batch_cost: 0.11399s, reader_cost: 0.00824s, ips: 8.77, eta: 0:38:54
[2025/07/12 17:51:41] ppsci INFO: [Train][Epoch 1397/1754][Iter 28/57] lr: 0.00009, loss: 0.00014, sup: 0.00014, batch_cost: 0.11412s, reader_cost: 0.00909s, ips: 8.76, eta: 0:38:45
[2025/07/12 17:51:53] ppsci INFO: [Train][Epoch 1399/1754][Iter 14/57] lr: 0.00009, loss: 0.00014, sup: 0.00014, batch_cost: 0.11429s, reader_cost: 0.00697s, ips: 8.75, eta: 0:38:37
[2025/07/12 17:52:05] ppsci INFO: [Train][Epoch 1400/1754][Iter 57/57] lr: 0.00009, loss: 0.00017, sup: 0.00017, batch_cost: 0.11254s, reader_cost: 0.00822s, ips: 8.89, eta: 0:37:50
[2025/07/12 17:52:05] ppsci MESSAGE: Finish saving checkpoint to: outputs_gifm_fae/2025-07-12/15-12-50/checkpoints/epoch_1400
[2025/07/12 17:52:17] ppsci INFO: [Train][Epoch 1402/1754][Iter 43/57] lr: 0.00009, loss: 0.00024, sup: 0.00024, batch_cost: 0.11514s, reader_cost: 0.00778s, ips: 8.69, eta: 0:38:31
[2025/07/12 17:52:29] ppsci INFO: [Train][Epoch 1404/1754][Iter 29/57] lr: 0.00009, loss: 0.00023, sup: 0.00023, batch_cost: 0.11297s, reader_cost: 0.00733s, ips: 8.85, eta: 0:37:36
[2025/07/12 17:52:41] ppsci INFO: [Train][Epoch 1406/1754][Iter 15/57] lr: 0.00009, loss: 0.00016, sup: 0.00016, batch_cost: 0.11380s, reader_cost: 0.00800s, ips: 8.79, eta: 0:37:42
[2025/07/12 17:52:53] ppsci INFO: [Train][Epoch 1408/1754][Iter  1/57] lr: 0.00009, loss: 0.00014, sup: 0.00014, batch_cost: 0.11401s, reader_cost: 0.00771s, ips: 8.77, eta: 0:37:34
[2025/07/12 17:53:05] ppsci INFO: [Train][Epoch 1409/1754][Iter 44/57] lr: 0.00009, loss: 0.00013, sup: 0.00013, batch_cost: 0.11451s, reader_cost: 0.00842s, ips: 8.73, eta: 0:37:33
[2025/07/12 17:53:17] ppsci INFO: [Train][Epoch 1411/1754][Iter 30/57] lr: 0.00008, loss: 0.00020, sup: 0.00020, batch_cost: 0.11373s, reader_cost: 0.00816s, ips: 8.79, eta: 0:37:06
[2025/07/12 17:53:29] ppsci INFO: [Train][Epoch 1413/1754][Iter 16/57] lr: 0.00008, loss: 0.00018, sup: 0.00018, batch_cost: 0.11473s, reader_cost: 0.00730s, ips: 8.72, eta: 0:37:14
[2025/07/12 17:53:41] ppsci INFO: [Train][Epoch 1415/1754][Iter  2/57] lr: 0.00008, loss: 0.00014, sup: 0.00014, batch_cost: 0.11454s, reader_cost: 0.00827s, ips: 8.73, eta: 0:36:59
[2025/07/12 17:53:53] ppsci INFO: [Train][Epoch 1416/1754][Iter 45/57] lr: 0.00008, loss: 0.00021, sup: 0.00021, batch_cost: 0.11228s, reader_cost: 0.00672s, ips: 8.91, eta: 0:36:04
[2025/07/12 17:54:05] ppsci INFO: [Train][Epoch 1418/1754][Iter 31/57] lr: 0.00008, loss: 0.00020, sup: 0.00020, batch_cost: 0.11446s, reader_cost: 0.00909s, ips: 8.74, eta: 0:36:35
[2025/07/12 17:54:17] ppsci INFO: [Train][Epoch 1420/1754][Iter 17/57] lr: 0.00008, loss: 0.00014, sup: 0.00014, batch_cost: 0.11354s, reader_cost: 0.00847s, ips: 8.81, eta: 0:36:06
[2025/07/12 17:54:29] ppsci INFO: [Train][Epoch 1422/1754][Iter  3/57] lr: 0.00008, loss: 0.00012, sup: 0.00012, batch_cost: 0.11349s, reader_cost: 0.00843s, ips: 8.81, eta: 0:35:53
[2025/07/12 17:54:41] ppsci INFO: [Train][Epoch 1423/1754][Iter 46/57] lr: 0.00008, loss: 0.00018, sup: 0.00018, batch_cost: 0.11293s, reader_cost: 0.00893s, ips: 8.86, eta: 0:35:31
[2025/07/12 17:54:53] ppsci INFO: [Train][Epoch 1425/1754][Iter 32/57] lr: 0.00008, loss: 0.00013, sup: 0.00013, batch_cost: 0.11364s, reader_cost: 0.00786s, ips: 8.80, eta: 0:35:33
[2025/07/12 17:55:05] ppsci INFO: [Train][Epoch 1427/1754][Iter 18/57] lr: 0.00008, loss: 0.00015, sup: 0.00015, batch_cost: 0.11397s, reader_cost: 0.00806s, ips: 8.77, eta: 0:35:28
[2025/07/12 17:55:17] ppsci INFO: [Train][Epoch 1429/1754][Iter  4/57] lr: 0.00008, loss: 0.00021, sup: 0.00021, batch_cost: 0.11319s, reader_cost: 0.00775s, ips: 8.83, eta: 0:35:02
[2025/07/12 17:55:28] ppsci INFO: [Train][Epoch 1430/1754][Iter 47/57] lr: 0.00008, loss: 0.00019, sup: 0.00019, batch_cost: 0.11318s, reader_cost: 0.00873s, ips: 8.84, eta: 0:34:51
[2025/07/12 17:55:40] ppsci INFO: [Train][Epoch 1432/1754][Iter 33/57] lr: 0.00007, loss: 0.00019, sup: 0.00019, batch_cost: 0.11399s, reader_cost: 0.00889s, ips: 8.77, eta: 0:34:54
[2025/07/12 17:55:52] ppsci INFO: [Train][Epoch 1434/1754][Iter 19/57] lr: 0.00007, loss: 0.00018, sup: 0.00018, batch_cost: 0.11194s, reader_cost: 0.00854s, ips: 8.93, eta: 0:34:06
[2025/07/12 17:56:04] ppsci INFO: [Train][Epoch 1436/1754][Iter  5/57] lr: 0.00007, loss: 0.00014, sup: 0.00014, batch_cost: 0.11191s, reader_cost: 0.00896s, ips: 8.94, eta: 0:33:54
[2025/07/12 17:56:16] ppsci INFO: [Train][Epoch 1437/1754][Iter 48/57] lr: 0.00007, loss: 0.00016, sup: 0.00016, batch_cost: 0.11460s, reader_cost: 0.00844s, ips: 8.73, eta: 0:34:31
[2025/07/12 17:56:28] ppsci INFO: [Train][Epoch 1439/1754][Iter 34/57] lr: 0.00007, loss: 0.00017, sup: 0.00017, batch_cost: 0.11387s, reader_cost: 0.00811s, ips: 8.78, eta: 0:34:07
[2025/07/12 17:56:40] ppsci INFO: [Train][Epoch 1441/1754][Iter 20/57] lr: 0.00007, loss: 0.00025, sup: 0.00025, batch_cost: 0.11414s, reader_cost: 0.00816s, ips: 8.76, eta: 0:34:00
[2025/07/12 17:56:52] ppsci INFO: [Train][Epoch 1443/1754][Iter  6/57] lr: 0.00007, loss: 0.00012, sup: 0.00012, batch_cost: 0.11459s, reader_cost: 0.00805s, ips: 8.73, eta: 0:33:57
[2025/07/12 17:57:04] ppsci INFO: [Train][Epoch 1444/1754][Iter 49/57] lr: 0.00007, loss: 0.00018, sup: 0.00018, batch_cost: 0.11484s, reader_cost: 0.00862s, ips: 8.71, eta: 0:33:50
[2025/07/12 17:57:16] ppsci INFO: [Train][Epoch 1446/1754][Iter 35/57] lr: 0.00007, loss: 0.00023, sup: 0.00023, batch_cost: 0.11310s, reader_cost: 0.00804s, ips: 8.84, eta: 0:33:07
[2025/07/12 17:57:28] ppsci INFO: [Train][Epoch 1448/1754][Iter 21/57] lr: 0.00007, loss: 0.00023, sup: 0.00023, batch_cost: 0.11419s, reader_cost: 0.00817s, ips: 8.76, eta: 0:33:15
[2025/07/12 17:57:40] ppsci INFO: [Train][Epoch 1450/1754][Iter  7/57] lr: 0.00007, loss: 0.00017, sup: 0.00017, batch_cost: 0.11340s, reader_cost: 0.00882s, ips: 8.82, eta: 0:32:50
[2025/07/12 17:57:46] ppsci MESSAGE: Finish saving checkpoint to: outputs_gifm_fae/2025-07-12/15-12-50/checkpoints/epoch_1450
[2025/07/12 17:57:52] ppsci INFO: [Train][Epoch 1451/1754][Iter 50/57] lr: 0.00007, loss: 0.00014, sup: 0.00014, batch_cost: 0.11215s, reader_cost: 0.00750s, ips: 8.92, eta: 0:32:17
[2025/07/12 17:58:04] ppsci INFO: [Train][Epoch 1453/1754][Iter 36/57] lr: 0.00007, loss: 0.00012, sup: 0.00012, batch_cost: 0.11474s, reader_cost: 0.00736s, ips: 8.72, eta: 0:32:50
[2025/07/12 17:58:16] ppsci INFO: [Train][Epoch 1455/1754][Iter 22/57] lr: 0.00007, loss: 0.00013, sup: 0.00013, batch_cost: 0.11406s, reader_cost: 0.00782s, ips: 8.77, eta: 0:32:27
[2025/07/12 17:58:28] ppsci INFO: [Train][Epoch 1457/1754][Iter  8/57] lr: 0.00006, loss: 0.00012, sup: 0.00012, batch_cost: 0.11380s, reader_cost: 0.00859s, ips: 8.79, eta: 0:32:12
[2025/07/12 17:58:39] ppsci INFO: [Train][Epoch 1458/1754][Iter 51/57] lr: 0.00006, loss: 0.00019, sup: 0.00019, batch_cost: 0.11334s, reader_cost: 0.00860s, ips: 8.82, eta: 0:31:52
[2025/07/12 17:58:51] ppsci INFO: [Train][Epoch 1460/1754][Iter 37/57] lr: 0.00006, loss: 0.00014, sup: 0.00014, batch_cost: 0.11389s, reader_cost: 0.00878s, ips: 8.78, eta: 0:31:50
[2025/07/12 17:59:03] ppsci INFO: [Train][Epoch 1462/1754][Iter 23/57] lr: 0.00006, loss: 0.00021, sup: 0.00021, batch_cost: 0.11371s, reader_cost: 0.00744s, ips: 8.79, eta: 0:31:36
[2025/07/12 17:59:16] ppsci INFO: [Train][Epoch 1464/1754][Iter  9/57] lr: 0.00006, loss: 0.00023, sup: 0.00023, batch_cost: 0.11421s, reader_cost: 0.00813s, ips: 8.76, eta: 0:31:33
[2025/07/12 17:59:27] ppsci INFO: [Train][Epoch 1465/1754][Iter 52/57] lr: 0.00006, loss: 0.00019, sup: 0.00019, batch_cost: 0.11464s, reader_cost: 0.00679s, ips: 8.72, eta: 0:31:29
[2025/07/12 17:59:39] ppsci INFO: [Train][Epoch 1467/1754][Iter 38/57] lr: 0.00006, loss: 0.00013, sup: 0.00013, batch_cost: 0.11404s, reader_cost: 0.00766s, ips: 8.77, eta: 0:31:07
[2025/07/12 17:59:51] ppsci INFO: [Train][Epoch 1469/1754][Iter 24/57] lr: 0.00006, loss: 0.00015, sup: 0.00015, batch_cost: 0.11311s, reader_cost: 0.00822s, ips: 8.84, eta: 0:30:41
[2025/07/12 18:00:03] ppsci INFO: [Train][Epoch 1471/1754][Iter 10/57] lr: 0.00006, loss: 0.00027, sup: 0.00027, batch_cost: 0.11226s, reader_cost: 0.00938s, ips: 8.91, eta: 0:30:16
[2025/07/12 18:00:14] ppsci INFO: [Train][Epoch 1472/1754][Iter 53/57] lr: 0.00006, loss: 0.00019, sup: 0.00019, batch_cost: 0.11184s, reader_cost: 0.00905s, ips: 8.94, eta: 0:29:58
[2025/07/12 18:00:26] ppsci INFO: [Train][Epoch 1474/1754][Iter 39/57] lr: 0.00006, loss: 0.00012, sup: 0.00012, batch_cost: 0.11316s, reader_cost: 0.00837s, ips: 8.84, eta: 0:30:08
[2025/07/12 18:00:38] ppsci INFO: [Train][Epoch 1476/1754][Iter 25/57] lr: 0.00006, loss: 0.00012, sup: 0.00012, batch_cost: 0.11448s, reader_cost: 0.00907s, ips: 8.73, eta: 0:30:17
[2025/07/12 18:00:51] ppsci INFO: [Train][Epoch 1478/1754][Iter 11/57] lr: 0.00006, loss: 0.00027, sup: 0.00027, batch_cost: 0.11330s, reader_cost: 0.00751s, ips: 8.83, eta: 0:29:47
[2025/07/12 18:01:02] ppsci INFO: [Train][Epoch 1479/1754][Iter 54/57] lr: 0.00006, loss: 0.00016, sup: 0.00016, batch_cost: 0.11357s, reader_cost: 0.00765s, ips: 8.80, eta: 0:29:40
[2025/07/12 18:01:14] ppsci INFO: [Train][Epoch 1481/1754][Iter 40/57] lr: 0.00006, loss: 0.00015, sup: 0.00015, batch_cost: 0.11504s, reader_cost: 0.00803s, ips: 8.69, eta: 0:29:52
[2025/07/12 18:01:26] ppsci INFO: [Train][Epoch 1483/1754][Iter 26/57] lr: 0.00006, loss: 0.00016, sup: 0.00016, batch_cost: 0.11311s, reader_cost: 0.00801s, ips: 8.84, eta: 0:29:10
[2025/07/12 18:01:38] ppsci INFO: [Train][Epoch 1485/1754][Iter 12/57] lr: 0.00005, loss: 0.00016, sup: 0.00016, batch_cost: 0.11378s, reader_cost: 0.00772s, ips: 8.79, eta: 0:29:09
[2025/07/12 18:01:50] ppsci INFO: [Train][Epoch 1486/1754][Iter 55/57] lr: 0.00005, loss: 0.00018, sup: 0.00018, batch_cost: 0.11295s, reader_cost: 0.01013s, ips: 8.85, eta: 0:28:45
[2025/07/12 18:02:02] ppsci INFO: [Train][Epoch 1488/1754][Iter 41/57] lr: 0.00005, loss: 0.00014, sup: 0.00014, batch_cost: 0.11291s, reader_cost: 0.00838s, ips: 8.86, eta: 0:28:33
[2025/07/12 18:02:14] ppsci INFO: [Train][Epoch 1490/1754][Iter 27/57] lr: 0.00005, loss: 0.00011, sup: 0.00011, batch_cost: 0.11347s, reader_cost: 0.00909s, ips: 8.81, eta: 0:28:30
[2025/07/12 18:02:26] ppsci INFO: [Train][Epoch 1492/1754][Iter 13/57] lr: 0.00005, loss: 0.00011, sup: 0.00011, batch_cost: 0.11474s, reader_cost: 0.00795s, ips: 8.72, eta: 0:28:38
[2025/07/12 18:02:38] ppsci INFO: [Train][Epoch 1493/1754][Iter 56/57] lr: 0.00005, loss: 0.00011, sup: 0.00011, batch_cost: 0.11346s, reader_cost: 0.00744s, ips: 8.81, eta: 0:28:07
[2025/07/12 18:02:50] ppsci INFO: [Train][Epoch 1495/1754][Iter 42/57] lr: 0.00005, loss: 0.00011, sup: 0.00011, batch_cost: 0.11447s, reader_cost: 0.00813s, ips: 8.74, eta: 0:28:11
[2025/07/12 18:03:02] ppsci INFO: [Train][Epoch 1497/1754][Iter 28/57] lr: 0.00005, loss: 0.00011, sup: 0.00011, batch_cost: 0.11433s, reader_cost: 0.00875s, ips: 8.75, eta: 0:27:58
[2025/07/12 18:03:14] ppsci INFO: [Train][Epoch 1499/1754][Iter 14/57] lr: 0.00005, loss: 0.00011, sup: 0.00011, batch_cost: 0.11523s, reader_cost: 0.00784s, ips: 8.68, eta: 0:27:59
[2025/07/12 18:03:26] ppsci INFO: [Train][Epoch 1500/1754][Iter 57/57] lr: 0.00005, loss: 0.00011, sup: 0.00011, batch_cost: 0.11312s, reader_cost: 0.00907s, ips: 8.84, eta: 0:27:17
[2025/07/12 18:03:26] ppsci MESSAGE: Finish saving checkpoint to: outputs_gifm_fae/2025-07-12/15-12-50/checkpoints/epoch_1500
[2025/07/12 18:03:38] ppsci INFO: [Train][Epoch 1502/1754][Iter 43/57] lr: 0.00005, loss: 0.00011, sup: 0.00011, batch_cost: 0.11287s, reader_cost: 0.00926s, ips: 8.86, eta: 0:27:02
[2025/07/12 18:03:50] ppsci INFO: [Train][Epoch 1504/1754][Iter 29/57] lr: 0.00005, loss: 0.00010, sup: 0.00010, batch_cost: 0.11411s, reader_cost: 0.00877s, ips: 8.76, eta: 0:27:09
[2025/07/12 18:04:02] ppsci INFO: [Train][Epoch 1506/1754][Iter 15/57] lr: 0.00005, loss: 0.00011, sup: 0.00011, batch_cost: 0.11511s, reader_cost: 0.00850s, ips: 8.69, eta: 0:27:11
[2025/07/12 18:04:14] ppsci INFO: [Train][Epoch 1508/1754][Iter  1/57] lr: 0.00005, loss: 0.00011, sup: 0.00011, batch_cost: 0.11340s, reader_cost: 0.00910s, ips: 8.82, eta: 0:26:36
[2025/07/12 18:04:26] ppsci INFO: [Train][Epoch 1509/1754][Iter 44/57] lr: 0.00005, loss: 0.00011, sup: 0.00011, batch_cost: 0.11458s, reader_cost: 0.00980s, ips: 8.73, eta: 0:26:41
[2025/07/12 18:04:38] ppsci INFO: [Train][Epoch 1511/1754][Iter 30/57] lr: 0.00005, loss: 0.00011, sup: 0.00011, batch_cost: 0.11398s, reader_cost: 0.00836s, ips: 8.77, eta: 0:26:21
[2025/07/12 18:04:50] ppsci INFO: [Train][Epoch 1513/1754][Iter 16/57] lr: 0.00005, loss: 0.00011, sup: 0.00011, batch_cost: 0.11334s, reader_cost: 0.00720s, ips: 8.82, eta: 0:26:01
[2025/07/12 18:05:02] ppsci INFO: [Train][Epoch 1515/1754][Iter  2/57] lr: 0.00005, loss: 0.00011, sup: 0.00011, batch_cost: 0.11439s, reader_cost: 0.00807s, ips: 8.74, eta: 0:26:04
[2025/07/12 18:05:14] ppsci INFO: [Train][Epoch 1516/1754][Iter 45/57] lr: 0.00005, loss: 0.00011, sup: 0.00011, batch_cost: 0.11392s, reader_cost: 0.00844s, ips: 8.78, eta: 0:25:46
[2025/07/12 18:05:26] ppsci INFO: [Train][Epoch 1518/1754][Iter 31/57] lr: 0.00004, loss: 0.00011, sup: 0.00011, batch_cost: 0.11273s, reader_cost: 0.00867s, ips: 8.87, eta: 0:25:19
[2025/07/12 18:05:38] ppsci INFO: [Train][Epoch 1520/1754][Iter 17/57] lr: 0.00004, loss: 0.00010, sup: 0.00010, batch_cost: 0.11346s, reader_cost: 0.00911s, ips: 8.81, eta: 0:25:17
[2025/07/12 18:05:50] ppsci INFO: [Train][Epoch 1522/1754][Iter  3/57] lr: 0.00004, loss: 0.00010, sup: 0.00010, batch_cost: 0.11360s, reader_cost: 0.00841s, ips: 8.80, eta: 0:25:08
[2025/07/12 18:06:01] ppsci INFO: [Train][Epoch 1523/1754][Iter 46/57] lr: 0.00004, loss: 0.00010, sup: 0.00010, batch_cost: 0.11344s, reader_cost: 0.00708s, ips: 8.82, eta: 0:24:54
[2025/07/12 18:06:13] ppsci INFO: [Train][Epoch 1525/1754][Iter 32/57] lr: 0.00004, loss: 0.00010, sup: 0.00010, batch_cost: 0.11461s, reader_cost: 0.00754s, ips: 8.73, eta: 0:24:58
[2025/07/12 18:06:25] ppsci INFO: [Train][Epoch 1527/1754][Iter 18/57] lr: 0.00004, loss: 0.00010, sup: 0.00010, batch_cost: 0.11256s, reader_cost: 0.00776s, ips: 8.88, eta: 0:24:20
[2025/07/12 18:06:37] ppsci INFO: [Train][Epoch 1529/1754][Iter  4/57] lr: 0.00004, loss: 0.00011, sup: 0.00011, batch_cost: 0.11184s, reader_cost: 0.00736s, ips: 8.94, eta: 0:24:00
[2025/07/12 18:06:49] ppsci INFO: [Train][Epoch 1530/1754][Iter 47/57] lr: 0.00004, loss: 0.00010, sup: 0.00010, batch_cost: 0.11383s, reader_cost: 0.00778s, ips: 8.79, eta: 0:24:14
[2025/07/12 18:07:01] ppsci INFO: [Train][Epoch 1532/1754][Iter 33/57] lr: 0.00004, loss: 0.00010, sup: 0.00010, batch_cost: 0.11427s, reader_cost: 0.00893s, ips: 8.75, eta: 0:24:08
[2025/07/12 18:07:13] ppsci INFO: [Train][Epoch 1534/1754][Iter 19/57] lr: 0.00004, loss: 0.00010, sup: 0.00010, batch_cost: 0.11285s, reader_cost: 0.00944s, ips: 8.86, eta: 0:23:39
[2025/07/12 18:07:25] ppsci INFO: [Train][Epoch 1536/1754][Iter  5/57] lr: 0.00004, loss: 0.00010, sup: 0.00010, batch_cost: 0.11349s, reader_cost: 0.00783s, ips: 8.81, eta: 0:23:36
[2025/07/12 18:07:37] ppsci INFO: [Train][Epoch 1537/1754][Iter 48/57] lr: 0.00004, loss: 0.00010, sup: 0.00010, batch_cost: 0.11353s, reader_cost: 0.00915s, ips: 8.81, eta: 0:23:25
[2025/07/12 18:07:49] ppsci INFO: [Train][Epoch 1539/1754][Iter 34/57] lr: 0.00004, loss: 0.00010, sup: 0.00010, batch_cost: 0.11296s, reader_cost: 0.00783s, ips: 8.85, eta: 0:23:06
[2025/07/12 18:08:01] ppsci INFO: [Train][Epoch 1541/1754][Iter 20/57] lr: 0.00004, loss: 0.00010, sup: 0.00010, batch_cost: 0.11361s, reader_cost: 0.00830s, ips: 8.80, eta: 0:23:03
[2025/07/12 18:08:13] ppsci INFO: [Train][Epoch 1543/1754][Iter  6/57] lr: 0.00004, loss: 0.00010, sup: 0.00010, batch_cost: 0.11356s, reader_cost: 0.00859s, ips: 8.81, eta: 0:22:51
[2025/07/12 18:08:24] ppsci INFO: [Train][Epoch 1544/1754][Iter 49/57] lr: 0.00004, loss: 0.00010, sup: 0.00010, batch_cost: 0.11370s, reader_cost: 0.00769s, ips: 8.80, eta: 0:22:41
[2025/07/12 18:08:36] ppsci INFO: [Train][Epoch 1546/1754][Iter 35/57] lr: 0.00004, loss: 0.00010, sup: 0.00010, batch_cost: 0.11444s, reader_cost: 0.00799s, ips: 8.74, eta: 0:22:39
[2025/07/12 18:08:48] ppsci INFO: [Train][Epoch 1548/1754][Iter 21/57] lr: 0.00004, loss: 0.00010, sup: 0.00010, batch_cost: 0.11254s, reader_cost: 0.00895s, ips: 8.89, eta: 0:22:05
[2025/07/12 18:09:00] ppsci INFO: [Train][Epoch 1550/1754][Iter  7/57] lr: 0.00004, loss: 0.00010, sup: 0.00010, batch_cost: 0.11359s, reader_cost: 0.00840s, ips: 8.80, eta: 0:22:06
[2025/07/12 18:09:06] ppsci MESSAGE: Finish saving checkpoint to: outputs_gifm_fae/2025-07-12/15-12-50/checkpoints/epoch_1550
[2025/07/12 18:09:12] ppsci INFO: [Train][Epoch 1551/1754][Iter 50/57] lr: 0.00004, loss: 0.00010, sup: 0.00010, batch_cost: 0.11418s, reader_cost: 0.00838s, ips: 8.76, eta: 0:22:01
[2025/07/12 18:09:24] ppsci INFO: [Train][Epoch 1553/1754][Iter 36/57] lr: 0.00004, loss: 0.00010, sup: 0.00010, batch_cost: 0.11421s, reader_cost: 0.00872s, ips: 8.76, eta: 0:21:50
[2025/07/12 18:09:36] ppsci INFO: [Train][Epoch 1555/1754][Iter 22/57] lr: 0.00004, loss: 0.00010, sup: 0.00010, batch_cost: 0.11454s, reader_cost: 0.00816s, ips: 8.73, eta: 0:21:43
[2025/07/12 18:09:49] ppsci INFO: [Train][Epoch 1557/1754][Iter  8/57] lr: 0.00004, loss: 0.00010, sup: 0.00010, batch_cost: 0.11462s, reader_cost: 0.00750s, ips: 8.72, eta: 0:21:32
[2025/07/12 18:10:00] ppsci INFO: [Train][Epoch 1558/1754][Iter 51/57] lr: 0.00004, loss: 0.00010, sup: 0.00010, batch_cost: 0.11434s, reader_cost: 0.00856s, ips: 8.75, eta: 0:21:18
[2025/07/12 18:10:12] ppsci INFO: [Train][Epoch 1560/1754][Iter 37/57] lr: 0.00003, loss: 0.00010, sup: 0.00010, batch_cost: 0.11414s, reader_cost: 0.00745s, ips: 8.76, eta: 0:21:04
[2025/07/12 18:10:25] ppsci INFO: [Train][Epoch 1562/1754][Iter 23/57] lr: 0.00003, loss: 0.00010, sup: 0.00010, batch_cost: 0.11440s, reader_cost: 0.00689s, ips: 8.74, eta: 0:20:55
[2025/07/12 18:10:37] ppsci INFO: [Train][Epoch 1564/1754][Iter  9/57] lr: 0.00003, loss: 0.00010, sup: 0.00010, batch_cost: 0.11422s, reader_cost: 0.00742s, ips: 8.75, eta: 0:20:42
[2025/07/12 18:10:48] ppsci INFO: [Train][Epoch 1565/1754][Iter 52/57] lr: 0.00003, loss: 0.00010, sup: 0.00010, batch_cost: 0.11258s, reader_cost: 0.00847s, ips: 8.88, eta: 0:20:13
[2025/07/12 18:11:00] ppsci INFO: [Train][Epoch 1567/1754][Iter 38/57] lr: 0.00003, loss: 0.00010, sup: 0.00010, batch_cost: 0.11408s, reader_cost: 0.00818s, ips: 8.77, eta: 0:20:18
[2025/07/12 18:11:12] ppsci INFO: [Train][Epoch 1569/1754][Iter 24/57] lr: 0.00003, loss: 0.00010, sup: 0.00010, batch_cost: 0.11300s, reader_cost: 0.00822s, ips: 8.85, eta: 0:19:55
[2025/07/12 18:11:24] ppsci INFO: [Train][Epoch 1571/1754][Iter 10/57] lr: 0.00003, loss: 0.00010, sup: 0.00010, batch_cost: 0.11436s, reader_cost: 0.00695s, ips: 8.74, eta: 0:19:58
[2025/07/12 18:11:36] ppsci INFO: [Train][Epoch 1572/1754][Iter 53/57] lr: 0.00003, loss: 0.00010, sup: 0.00010, batch_cost: 0.11455s, reader_cost: 0.00844s, ips: 8.73, eta: 0:19:48
[2025/07/12 18:11:48] ppsci INFO: [Train][Epoch 1574/1754][Iter 39/57] lr: 0.00003, loss: 0.00010, sup: 0.00010, batch_cost: 0.11386s, reader_cost: 0.00894s, ips: 8.78, eta: 0:19:30
[2025/07/12 18:12:00] ppsci INFO: [Train][Epoch 1576/1754][Iter 25/57] lr: 0.00003, loss: 0.00010, sup: 0.00010, batch_cost: 0.11378s, reader_cost: 0.00934s, ips: 8.79, eta: 0:19:18
[2025/07/12 18:12:12] ppsci INFO: [Train][Epoch 1578/1754][Iter 11/57] lr: 0.00003, loss: 0.00009, sup: 0.00009, batch_cost: 0.11424s, reader_cost: 0.00885s, ips: 8.75, eta: 0:19:11
[2025/07/12 18:12:24] ppsci INFO: [Train][Epoch 1579/1754][Iter 54/57] lr: 0.00003, loss: 0.00010, sup: 0.00010, batch_cost: 0.11307s, reader_cost: 0.00831s, ips: 8.84, eta: 0:18:48
[2025/07/12 18:12:36] ppsci INFO: [Train][Epoch 1581/1754][Iter 40/57] lr: 0.00003, loss: 0.00010, sup: 0.00010, batch_cost: 0.11349s, reader_cost: 0.00880s, ips: 8.81, eta: 0:18:41
[2025/07/12 18:12:48] ppsci INFO: [Train][Epoch 1583/1754][Iter 26/57] lr: 0.00003, loss: 0.00010, sup: 0.00010, batch_cost: 0.11281s, reader_cost: 0.00777s, ips: 8.86, eta: 0:18:23
[2025/07/12 18:13:00] ppsci INFO: [Train][Epoch 1585/1754][Iter 12/57] lr: 0.00003, loss: 0.00010, sup: 0.00010, batch_cost: 0.11535s, reader_cost: 0.00682s, ips: 8.67, eta: 0:18:36
[2025/07/12 18:13:12] ppsci INFO: [Train][Epoch 1586/1754][Iter 55/57] lr: 0.00003, loss: 0.00010, sup: 0.00010, batch_cost: 0.11381s, reader_cost: 0.00873s, ips: 8.79, eta: 0:18:10
[2025/07/12 18:13:24] ppsci INFO: [Train][Epoch 1588/1754][Iter 41/57] lr: 0.00003, loss: 0.00009, sup: 0.00009, batch_cost: 0.11484s, reader_cost: 0.00866s, ips: 8.71, eta: 0:18:08
[2025/07/12 18:13:36] ppsci INFO: [Train][Epoch 1590/1754][Iter 27/57] lr: 0.00003, loss: 0.00010, sup: 0.00010, batch_cost: 0.11454s, reader_cost: 0.00847s, ips: 8.73, eta: 0:17:54
[2025/07/12 18:13:48] ppsci INFO: [Train][Epoch 1592/1754][Iter 13/57] lr: 0.00003, loss: 0.00009, sup: 0.00009, batch_cost: 0.11454s, reader_cost: 0.00708s, ips: 8.73, eta: 0:17:42
[2025/07/12 18:14:00] ppsci INFO: [Train][Epoch 1593/1754][Iter 56/57] lr: 0.00003, loss: 0.00009, sup: 0.00009, batch_cost: 0.11354s, reader_cost: 0.00763s, ips: 8.81, eta: 0:17:22
[2025/07/12 18:14:12] ppsci INFO: [Train][Epoch 1595/1754][Iter 42/57] lr: 0.00003, loss: 0.00009, sup: 0.00009, batch_cost: 0.11414s, reader_cost: 0.00879s, ips: 8.76, eta: 0:17:16
[2025/07/12 18:14:24] ppsci INFO: [Train][Epoch 1597/1754][Iter 28/57] lr: 0.00003, loss: 0.00010, sup: 0.00010, batch_cost: 0.11379s, reader_cost: 0.00799s, ips: 8.79, eta: 0:17:01
[2025/07/12 18:14:36] ppsci INFO: [Train][Epoch 1599/1754][Iter 14/57] lr: 0.00003, loss: 0.00010, sup: 0.00010, batch_cost: 0.11342s, reader_cost: 0.00840s, ips: 8.82, eta: 0:16:46
[2025/07/12 18:14:47] ppsci INFO: [Train][Epoch 1600/1754][Iter 57/57] lr: 0.00003, loss: 0.00009, sup: 0.00009, batch_cost: 0.11436s, reader_cost: 0.00883s, ips: 8.74, eta: 0:16:43
[2025/07/12 18:14:48] ppsci MESSAGE: Finish saving checkpoint to: outputs_gifm_fae/2025-07-12/15-12-50/checkpoints/epoch_1600
[2025/07/12 18:15:00] ppsci INFO: [Train][Epoch 1602/1754][Iter 43/57] lr: 0.00003, loss: 0.00009, sup: 0.00009, batch_cost: 0.11544s, reader_cost: 0.00864s, ips: 8.66, eta: 0:16:41
[2025/07/12 18:15:12] ppsci INFO: [Train][Epoch 1604/1754][Iter 29/57] lr: 0.00003, loss: 0.00009, sup: 0.00009, batch_cost: 0.11524s, reader_cost: 0.00832s, ips: 8.68, eta: 0:16:28
[2025/07/12 18:15:24] ppsci INFO: [Train][Epoch 1606/1754][Iter 15/57] lr: 0.00003, loss: 0.00009, sup: 0.00009, batch_cost: 0.11451s, reader_cost: 0.00961s, ips: 8.73, eta: 0:16:10
[2025/07/12 18:15:36] ppsci INFO: [Train][Epoch 1608/1754][Iter  1/57] lr: 0.00003, loss: 0.00010, sup: 0.00010, batch_cost: 0.11353s, reader_cost: 0.00724s, ips: 8.81, eta: 0:15:51
[2025/07/12 18:15:48] ppsci INFO: [Train][Epoch 1609/1754][Iter 44/57] lr: 0.00003, loss: 0.00009, sup: 0.00009, batch_cost: 0.11491s, reader_cost: 0.00657s, ips: 8.70, eta: 0:15:51
[2025/07/12 18:16:00] ppsci INFO: [Train][Epoch 1611/1754][Iter 30/57] lr: 0.00003, loss: 0.00009, sup: 0.00009, batch_cost: 0.11421s, reader_cost: 0.00818s, ips: 8.76, eta: 0:15:34
[2025/07/12 18:16:12] ppsci INFO: [Train][Epoch 1613/1754][Iter 16/57] lr: 0.00003, loss: 0.00009, sup: 0.00009, batch_cost: 0.11406s, reader_cost: 0.00693s, ips: 8.77, eta: 0:15:21
[2025/07/12 18:16:24] ppsci INFO: [Train][Epoch 1615/1754][Iter  2/57] lr: 0.00003, loss: 0.00009, sup: 0.00009, batch_cost: 0.11375s, reader_cost: 0.00734s, ips: 8.79, eta: 0:15:07
[2025/07/12 18:16:36] ppsci INFO: [Train][Epoch 1616/1754][Iter 45/57] lr: 0.00002, loss: 0.00010, sup: 0.00010, batch_cost: 0.11460s, reader_cost: 0.00774s, ips: 8.73, eta: 0:15:02
[2025/07/12 18:16:48] ppsci INFO: [Train][Epoch 1618/1754][Iter 31/57] lr: 0.00002, loss: 0.00016, sup: 0.00016, batch_cost: 0.11355s, reader_cost: 0.00695s, ips: 8.81, eta: 0:14:43
[2025/07/12 18:17:00] ppsci INFO: [Train][Epoch 1620/1754][Iter 17/57] lr: 0.00002, loss: 0.00017, sup: 0.00017, batch_cost: 0.11475s, reader_cost: 0.00768s, ips: 8.71, eta: 0:14:41
[2025/07/12 18:17:12] ppsci INFO: [Train][Epoch 1622/1754][Iter  3/57] lr: 0.00002, loss: 0.00010, sup: 0.00010, batch_cost: 0.11326s, reader_cost: 0.01038s, ips: 8.83, eta: 0:14:18
[2025/07/12 18:17:24] ppsci INFO: [Train][Epoch 1623/1754][Iter 46/57] lr: 0.00002, loss: 0.00013, sup: 0.00013, batch_cost: 0.11222s, reader_cost: 0.00907s, ips: 8.91, eta: 0:13:59
[2025/07/12 18:17:36] ppsci INFO: [Train][Epoch 1625/1754][Iter 32/57] lr: 0.00002, loss: 0.00011, sup: 0.00011, batch_cost: 0.11385s, reader_cost: 0.00836s, ips: 8.78, eta: 0:13:59
[2025/07/12 18:17:48] ppsci INFO: [Train][Epoch 1627/1754][Iter 18/57] lr: 0.00002, loss: 0.00011, sup: 0.00011, batch_cost: 0.11413s, reader_cost: 0.00825s, ips: 8.76, eta: 0:13:50
[2025/07/12 18:18:00] ppsci INFO: [Train][Epoch 1629/1754][Iter  4/57] lr: 0.00002, loss: 0.00012, sup: 0.00012, batch_cost: 0.11393s, reader_cost: 0.00861s, ips: 8.78, eta: 0:13:37
[2025/07/12 18:18:12] ppsci INFO: [Train][Epoch 1630/1754][Iter 47/57] lr: 0.00002, loss: 0.00010, sup: 0.00010, batch_cost: 0.11456s, reader_cost: 0.00783s, ips: 8.73, eta: 0:13:30
[2025/07/12 18:18:24] ppsci INFO: [Train][Epoch 1632/1754][Iter 33/57] lr: 0.00002, loss: 0.00010, sup: 0.00010, batch_cost: 0.11422s, reader_cost: 0.00906s, ips: 8.75, eta: 0:13:17
[2025/07/12 18:18:36] ppsci INFO: [Train][Epoch 1634/1754][Iter 19/57] lr: 0.00002, loss: 0.00010, sup: 0.00010, batch_cost: 0.11405s, reader_cost: 0.00984s, ips: 8.77, eta: 0:13:04
[2025/07/12 18:18:48] ppsci INFO: [Train][Epoch 1636/1754][Iter  5/57] lr: 0.00002, loss: 0.00010, sup: 0.00010, batch_cost: 0.11432s, reader_cost: 0.00807s, ips: 8.75, eta: 0:12:54
[2025/07/12 18:18:59] ppsci INFO: [Train][Epoch 1637/1754][Iter 48/57] lr: 0.00002, loss: 0.00009, sup: 0.00009, batch_cost: 0.11294s, reader_cost: 0.00891s, ips: 8.85, eta: 0:12:34
[2025/07/12 18:19:12] ppsci INFO: [Train][Epoch 1639/1754][Iter 34/57] lr: 0.00002, loss: 0.00009, sup: 0.00009, batch_cost: 0.11487s, reader_cost: 0.00807s, ips: 8.71, eta: 0:12:35
[2025/07/12 18:19:24] ppsci INFO: [Train][Epoch 1641/1754][Iter 20/57] lr: 0.00002, loss: 0.00009, sup: 0.00009, batch_cost: 0.11315s, reader_cost: 0.00794s, ips: 8.84, eta: 0:12:12
[2025/07/12 18:19:36] ppsci INFO: [Train][Epoch 1643/1754][Iter  6/57] lr: 0.00002, loss: 0.00009, sup: 0.00009, batch_cost: 0.11331s, reader_cost: 0.00747s, ips: 8.83, eta: 0:12:02
[2025/07/12 18:19:47] ppsci INFO: [Train][Epoch 1644/1754][Iter 49/57] lr: 0.00002, loss: 0.00009, sup: 0.00009, batch_cost: 0.11337s, reader_cost: 0.00814s, ips: 8.82, eta: 0:11:51
[2025/07/12 18:19:59] ppsci INFO: [Train][Epoch 1646/1754][Iter 35/57] lr: 0.00002, loss: 0.00009, sup: 0.00009, batch_cost: 0.11450s, reader_cost: 0.00787s, ips: 8.73, eta: 0:11:47
[2025/07/12 18:20:11] ppsci INFO: [Train][Epoch 1648/1754][Iter 21/57] lr: 0.00002, loss: 0.00009, sup: 0.00009, batch_cost: 0.11373s, reader_cost: 0.00807s, ips: 8.79, eta: 0:11:31
[2025/07/12 18:20:23] ppsci INFO: [Train][Epoch 1650/1754][Iter  7/57] lr: 0.00002, loss: 0.00009, sup: 0.00009, batch_cost: 0.11361s, reader_cost: 0.00922s, ips: 8.80, eta: 0:11:19
[2025/07/12 18:20:29] ppsci MESSAGE: Finish saving checkpoint to: outputs_gifm_fae/2025-07-12/15-12-50/checkpoints/epoch_1650
[2025/07/12 18:20:35] ppsci INFO: [Train][Epoch 1651/1754][Iter 50/57] lr: 0.00002, loss: 0.00009, sup: 0.00009, batch_cost: 0.11370s, reader_cost: 0.00920s, ips: 8.79, eta: 0:11:08
[2025/07/12 18:20:47] ppsci INFO: [Train][Epoch 1653/1754][Iter 36/57] lr: 0.00002, loss: 0.00009, sup: 0.00009, batch_cost: 0.11182s, reader_cost: 0.00887s, ips: 8.94, eta: 0:10:46
[2025/07/12 18:20:59] ppsci INFO: [Train][Epoch 1655/1754][Iter 22/57] lr: 0.00002, loss: 0.00009, sup: 0.00009, batch_cost: 0.11426s, reader_cost: 0.00736s, ips: 8.75, eta: 0:10:48
[2025/07/12 18:21:11] ppsci INFO: [Train][Epoch 1657/1754][Iter  8/57] lr: 0.00002, loss: 0.00009, sup: 0.00009, batch_cost: 0.11439s, reader_cost: 0.00895s, ips: 8.74, eta: 0:10:38
[2025/07/12 18:21:23] ppsci INFO: [Train][Epoch 1658/1754][Iter 51/57] lr: 0.00002, loss: 0.00009, sup: 0.00009, batch_cost: 0.11304s, reader_cost: 0.00863s, ips: 8.85, eta: 0:10:19
[2025/07/12 18:21:35] ppsci INFO: [Train][Epoch 1660/1754][Iter 37/57] lr: 0.00002, loss: 0.00009, sup: 0.00009, batch_cost: 0.11498s, reader_cost: 0.00745s, ips: 8.70, eta: 0:10:18
[2025/07/12 18:21:47] ppsci INFO: [Train][Epoch 1662/1754][Iter 23/57] lr: 0.00002, loss: 0.00009, sup: 0.00009, batch_cost: 0.11489s, reader_cost: 0.00916s, ips: 8.70, eta: 0:10:06
[2025/07/12 18:21:59] ppsci INFO: [Train][Epoch 1664/1754][Iter  9/57] lr: 0.00002, loss: 0.00009, sup: 0.00009, batch_cost: 0.11375s, reader_cost: 0.00731s, ips: 8.79, eta: 0:09:49
[2025/07/12 18:22:11] ppsci INFO: [Train][Epoch 1665/1754][Iter 52/57] lr: 0.00002, loss: 0.00009, sup: 0.00009, batch_cost: 0.11482s, reader_cost: 0.00830s, ips: 8.71, eta: 0:09:43
[2025/07/12 18:22:23] ppsci INFO: [Train][Epoch 1667/1754][Iter 38/57] lr: 0.00002, loss: 0.00009, sup: 0.00009, batch_cost: 0.11368s, reader_cost: 0.00875s, ips: 8.80, eta: 0:09:25
[2025/07/12 18:22:35] ppsci INFO: [Train][Epoch 1669/1754][Iter 24/57] lr: 0.00002, loss: 0.00009, sup: 0.00009, batch_cost: 0.11326s, reader_cost: 0.00816s, ips: 8.83, eta: 0:09:12
[2025/07/12 18:22:47] ppsci INFO: [Train][Epoch 1671/1754][Iter 10/57] lr: 0.00002, loss: 0.00009, sup: 0.00009, batch_cost: 0.11317s, reader_cost: 0.00808s, ips: 8.84, eta: 0:09:00
[2025/07/12 18:22:59] ppsci INFO: [Train][Epoch 1672/1754][Iter 53/57] lr: 0.00002, loss: 0.00009, sup: 0.00009, batch_cost: 0.11417s, reader_cost: 0.00784s, ips: 8.76, eta: 0:08:54
[2025/07/12 18:23:11] ppsci INFO: [Train][Epoch 1674/1754][Iter 39/57] lr: 0.00002, loss: 0.00009, sup: 0.00009, batch_cost: 0.11279s, reader_cost: 0.00973s, ips: 8.87, eta: 0:08:36
[2025/07/12 18:23:22] ppsci INFO: [Train][Epoch 1676/1754][Iter 25/57] lr: 0.00002, loss: 0.00009, sup: 0.00009, batch_cost: 0.11059s, reader_cost: 0.00859s, ips: 9.04, eta: 0:08:15
[2025/07/12 18:23:34] ppsci INFO: [Train][Epoch 1678/1754][Iter 11/57] lr: 0.00002, loss: 0.00009, sup: 0.00009, batch_cost: 0.11356s, reader_cost: 0.00862s, ips: 8.81, eta: 0:08:17
[2025/07/12 18:23:46] ppsci INFO: [Train][Epoch 1679/1754][Iter 54/57] lr: 0.00002, loss: 0.00009, sup: 0.00009, batch_cost: 0.11394s, reader_cost: 0.00806s, ips: 8.78, eta: 0:08:07
[2025/07/12 18:23:58] ppsci INFO: [Train][Epoch 1681/1754][Iter 40/57] lr: 0.00002, loss: 0.00009, sup: 0.00009, batch_cost: 0.11459s, reader_cost: 0.00828s, ips: 8.73, eta: 0:07:58
[2025/07/12 18:24:10] ppsci INFO: [Train][Epoch 1683/1754][Iter 26/57] lr: 0.00002, loss: 0.00009, sup: 0.00009, batch_cost: 0.11165s, reader_cost: 0.00823s, ips: 8.96, eta: 0:07:35
[2025/07/12 18:24:22] ppsci INFO: [Train][Epoch 1685/1754][Iter 12/57] lr: 0.00002, loss: 0.00015, sup: 0.00015, batch_cost: 0.11394s, reader_cost: 0.00688s, ips: 8.78, eta: 0:07:33
[2025/07/12 18:24:34] ppsci INFO: [Train][Epoch 1686/1754][Iter 55/57] lr: 0.00002, loss: 0.00020, sup: 0.00020, batch_cost: 0.11301s, reader_cost: 0.00757s, ips: 8.85, eta: 0:07:18
[2025/07/12 18:24:46] ppsci INFO: [Train][Epoch 1688/1754][Iter 41/57] lr: 0.00002, loss: 0.00010, sup: 0.00010, batch_cost: 0.11352s, reader_cost: 0.00883s, ips: 8.81, eta: 0:07:08
[2025/07/12 18:24:58] ppsci INFO: [Train][Epoch 1690/1754][Iter 27/57] lr: 0.00002, loss: 0.00009, sup: 0.00009, batch_cost: 0.11459s, reader_cost: 0.00772s, ips: 8.73, eta: 0:07:01
[2025/07/12 18:25:10] ppsci INFO: [Train][Epoch 1692/1754][Iter 13/57] lr: 0.00002, loss: 0.00009, sup: 0.00009, batch_cost: 0.11337s, reader_cost: 0.00772s, ips: 8.82, eta: 0:06:45
[2025/07/12 18:25:21] ppsci INFO: [Train][Epoch 1693/1754][Iter 56/57] lr: 0.00002, loss: 0.00009, sup: 0.00009, batch_cost: 0.11355s, reader_cost: 0.00775s, ips: 8.81, eta: 0:06:34
[2025/07/12 18:25:33] ppsci INFO: [Train][Epoch 1695/1754][Iter 42/57] lr: 0.00002, loss: 0.00009, sup: 0.00009, batch_cost: 0.11256s, reader_cost: 0.00964s, ips: 8.88, eta: 0:06:20
[2025/07/12 18:25:45] ppsci INFO: [Train][Epoch 1697/1754][Iter 28/57] lr: 0.00002, loss: 0.00009, sup: 0.00009, batch_cost: 0.11350s, reader_cost: 0.00929s, ips: 8.81, eta: 0:06:12
[2025/07/12 18:25:57] ppsci INFO: [Train][Epoch 1699/1754][Iter 14/57] lr: 0.00002, loss: 0.00009, sup: 0.00009, batch_cost: 0.11247s, reader_cost: 0.00792s, ips: 8.89, eta: 0:05:57
[2025/07/12 18:26:09] ppsci INFO: [Train][Epoch 1700/1754][Iter 57/57] lr: 0.00001, loss: 0.00009, sup: 0.00009, batch_cost: 0.11259s, reader_cost: 0.00750s, ips: 8.88, eta: 0:05:46
[2025/07/12 18:26:09] ppsci MESSAGE: Finish saving checkpoint to: outputs_gifm_fae/2025-07-12/15-12-50/checkpoints/epoch_1700
[2025/07/12 18:26:21] ppsci INFO: [Train][Epoch 1702/1754][Iter 43/57] lr: 0.00001, loss: 0.00009, sup: 0.00009, batch_cost: 0.11480s, reader_cost: 0.00824s, ips: 8.71, eta: 0:05:41
[2025/07/12 18:26:33] ppsci INFO: [Train][Epoch 1704/1754][Iter 29/57] lr: 0.00001, loss: 0.00009, sup: 0.00009, batch_cost: 0.11227s, reader_cost: 0.00843s, ips: 8.91, eta: 0:05:23
[2025/07/12 18:26:45] ppsci INFO: [Train][Epoch 1706/1754][Iter 15/57] lr: 0.00001, loss: 0.00009, sup: 0.00009, batch_cost: 0.11325s, reader_cost: 0.00833s, ips: 8.83, eta: 0:05:14
[2025/07/12 18:26:57] ppsci INFO: [Train][Epoch 1708/1754][Iter  1/57] lr: 0.00001, loss: 0.00009, sup: 0.00009, batch_cost: 0.11431s, reader_cost: 0.00697s, ips: 8.75, eta: 0:05:06
[2025/07/12 18:27:09] ppsci INFO: [Train][Epoch 1709/1754][Iter 44/57] lr: 0.00001, loss: 0.00009, sup: 0.00009, batch_cost: 0.11299s, reader_cost: 0.00890s, ips: 8.85, eta: 0:04:51
[2025/07/12 18:27:21] ppsci INFO: [Train][Epoch 1711/1754][Iter 30/57] lr: 0.00001, loss: 0.00009, sup: 0.00009, batch_cost: 0.11413s, reader_cost: 0.00866s, ips: 8.76, eta: 0:04:42
[2025/07/12 18:27:33] ppsci INFO: [Train][Epoch 1713/1754][Iter 16/57] lr: 0.00001, loss: 0.00009, sup: 0.00009, batch_cost: 0.11407s, reader_cost: 0.00858s, ips: 8.77, eta: 0:04:31
[2025/07/12 18:27:45] ppsci INFO: [Train][Epoch 1715/1754][Iter  2/57] lr: 0.00001, loss: 0.00009, sup: 0.00009, batch_cost: 0.11394s, reader_cost: 0.00741s, ips: 8.78, eta: 0:04:19
[2025/07/12 18:27:57] ppsci INFO: [Train][Epoch 1716/1754][Iter 45/57] lr: 0.00001, loss: 0.00009, sup: 0.00009, batch_cost: 0.11389s, reader_cost: 0.00993s, ips: 8.78, eta: 0:04:08
[2025/07/12 18:28:09] ppsci INFO: [Train][Epoch 1718/1754][Iter 31/57] lr: 0.00001, loss: 0.00009, sup: 0.00009, batch_cost: 0.11311s, reader_cost: 0.00912s, ips: 8.84, eta: 0:03:55
[2025/07/12 18:28:21] ppsci INFO: [Train][Epoch 1720/1754][Iter 17/57] lr: 0.00001, loss: 0.00009, sup: 0.00009, batch_cost: 0.11426s, reader_cost: 0.00837s, ips: 8.75, eta: 0:03:46
[2025/07/12 18:28:33] ppsci INFO: [Train][Epoch 1722/1754][Iter  3/57] lr: 0.00001, loss: 0.00009, sup: 0.00009, batch_cost: 0.11407s, reader_cost: 0.01019s, ips: 8.77, eta: 0:03:34
[2025/07/12 18:28:44] ppsci INFO: [Train][Epoch 1723/1754][Iter 46/57] lr: 0.00001, loss: 0.00009, sup: 0.00009, batch_cost: 0.11378s, reader_cost: 0.00739s, ips: 8.79, eta: 0:03:22
[2025/07/12 18:28:56] ppsci INFO: [Train][Epoch 1725/1754][Iter 32/57] lr: 0.00001, loss: 0.00009, sup: 0.00009, batch_cost: 0.11424s, reader_cost: 0.00774s, ips: 8.75, eta: 0:03:11
[2025/07/12 18:29:08] ppsci INFO: [Train][Epoch 1727/1754][Iter 18/57] lr: 0.00001, loss: 0.00009, sup: 0.00009, batch_cost: 0.11348s, reader_cost: 0.00766s, ips: 8.81, eta: 0:02:59
[2025/07/12 18:29:21] ppsci INFO: [Train][Epoch 1729/1754][Iter  4/57] lr: 0.00001, loss: 0.00008, sup: 0.00008, batch_cost: 0.11392s, reader_cost: 0.00721s, ips: 8.78, eta: 0:02:48
[2025/07/12 18:29:32] ppsci INFO: [Train][Epoch 1730/1754][Iter 47/57] lr: 0.00001, loss: 0.00009, sup: 0.00009, batch_cost: 0.11445s, reader_cost: 0.00813s, ips: 8.74, eta: 0:02:37
[2025/07/12 18:29:44] ppsci INFO: [Train][Epoch 1732/1754][Iter 33/57] lr: 0.00001, loss: 0.00008, sup: 0.00008, batch_cost: 0.11433s, reader_cost: 0.00796s, ips: 8.75, eta: 0:02:26
[2025/07/12 18:29:56] ppsci INFO: [Train][Epoch 1734/1754][Iter 19/57] lr: 0.00001, loss: 0.00009, sup: 0.00009, batch_cost: 0.11465s, reader_cost: 0.00813s, ips: 8.72, eta: 0:02:15
[2025/07/12 18:30:09] ppsci INFO: [Train][Epoch 1736/1754][Iter  5/57] lr: 0.00001, loss: 0.00009, sup: 0.00009, batch_cost: 0.11424s, reader_cost: 0.00801s, ips: 8.75, eta: 0:02:03
[2025/07/12 18:30:20] ppsci INFO: [Train][Epoch 1737/1754][Iter 48/57] lr: 0.00001, loss: 0.00009, sup: 0.00009, batch_cost: 0.11322s, reader_cost: 0.00853s, ips: 8.83, eta: 0:01:50
[2025/07/12 18:30:32] ppsci INFO: [Train][Epoch 1739/1754][Iter 34/57] lr: 0.00001, loss: 0.00008, sup: 0.00008, batch_cost: 0.11416s, reader_cost: 0.00994s, ips: 8.76, eta: 0:01:40
[2025/07/12 18:30:44] ppsci INFO: [Train][Epoch 1741/1754][Iter 20/57] lr: 0.00001, loss: 0.00008, sup: 0.00008, batch_cost: 0.11486s, reader_cost: 0.00681s, ips: 8.71, eta: 0:01:29
[2025/07/12 18:30:56] ppsci INFO: [Train][Epoch 1743/1754][Iter  6/57] lr: 0.00001, loss: 0.00008, sup: 0.00008, batch_cost: 0.11481s, reader_cost: 0.00791s, ips: 8.71, eta: 0:01:17
[2025/07/12 18:31:08] ppsci INFO: [Train][Epoch 1744/1754][Iter 49/57] lr: 0.00001, loss: 0.00008, sup: 0.00008, batch_cost: 0.11476s, reader_cost: 0.00766s, ips: 8.71, eta: 0:01:06
[2025/07/12 18:31:20] ppsci INFO: [Train][Epoch 1746/1754][Iter 35/57] lr: 0.00001, loss: 0.00008, sup: 0.00008, batch_cost: 0.11411s, reader_cost: 0.00740s, ips: 8.76, eta: 0:00:54
[2025/07/12 18:31:32] ppsci INFO: [Train][Epoch 1748/1754][Iter 21/57] lr: 0.00001, loss: 0.00008, sup: 0.00008, batch_cost: 0.11296s, reader_cost: 0.00900s, ips: 8.85, eta: 0:00:42
[2025/07/12 18:31:44] ppsci INFO: [Train][Epoch 1750/1754][Iter  7/57] lr: 0.00001, loss: 0.00008, sup: 0.00008, batch_cost: 0.11413s, reader_cost: 0.00786s, ips: 8.76, eta: 0:00:31
[2025/07/12 18:31:50] ppsci MESSAGE: Finish saving checkpoint to: outputs_gifm_fae/2025-07-12/15-12-50/checkpoints/epoch_1750
[2025/07/12 18:31:56] ppsci INFO: [Train][Epoch 1751/1754][Iter 50/57] lr: 0.00001, loss: 0.00008, sup: 0.00008, batch_cost: 0.11404s, reader_cost: 0.00739s, ips: 8.77, eta: 0:00:20
[2025/07/12 18:32:08] ppsci INFO: [Train][Epoch 1753/1754][Iter 36/57] lr: 0.00001, loss: 0.00008, sup: 0.00008, batch_cost: 0.11355s, reader_cost: 0.00885s, ips: 8.81, eta: 0:00:08
[2025/07/12 18:32:18] ppsci INFO: [Train][Epoch 1754/1754][Iter 57/57] lr: 0.00001, loss: 0.00008, sup: 0.00008, batch_cost: 0.11394s, reader_cost: 0.00763s, ips: 8.78, eta: 0:00:00
